archivo_origen,codigo_indicador,nombre_indicador,categoria_indicador,ambito,agresor,periodo_medicion,poblacion_objetivo,entidad,anio,valor,unidad,fecha_referencia
data1.csv,ENDIREH_AYUDA_INSTITUCION_PAREJA_FS,Proporción de mujeres de 15 años y más que han sufrido violencia física y/o sexual por parte de su actual o última pareja y que han acudido al menos a una institución,busqueda_de_ayuda,pareja,pareja_actual_o_ultima,alguna_vez,mujeres de 15 años y más,Aguascalientes,2006,54.09,porcentaje,2006-01-01
data1.csv,ENDIREH_AYUDA_INSTITUCION_PAREJA_FS,Proporción de mujeres de 15 años y más que han sufrido violencia física y/o sexual por parte de su actual o última pareja y que han acudido al menos a una institución,busqueda_de_ayuda,pareja,pareja_actual_o_ultima,alguna_vez,mujeres de 15 años y más,Baja California,2006,45.54,porcentaje,2006-01-01
data1.csv,ENDIREH_AYUDA_INSTITUCION_PAREJA_FS,Proporción de mujeres de 15 años y más que han sufrido violencia física y/o sexual por parte de su actual o última pareja y que han acudido al menos a una institución,busqueda_de_ayuda,pareja,pareja_actual_o_ultima,alguna_vez,mujeres de 15 años y más,Baja California Sur,2006,44.17,porcentaje,2006-01-01
data1.csv,ENDIREH_AYUDA_INSTITUCION_PAREJA_FS,Proporción de mujeres de 15 años y más que han sufrido violencia física y/o sexual por parte de su actual o última pareja y que han acudido al menos a una institución,busqueda_de_ayuda,pareja,pareja_actual_o_ultima,alguna_vez,mujeres de 15 años y más,Campeche,2006,42.95,porcentaje,2006-01-01
data1.csv,ENDIREH_AYUDA_INSTITUCION_PAREJA_FS,Proporción de mujeres de 15 años y más que han sufrido violencia física y/o sexual por parte de su actual o última pareja y que han acudido al menos a una institución,busqueda_de_ayuda,pareja,pareja_actual_o_ultima,alguna_vez,mujeres de 15 años y más,Coahuila,2006,45.04,porcentaje,2006-01-01
data1.csv,ENDIREH_AYUDA_INSTITUCION_PAREJA_FS,Proporción de mujeres de 15 años y más que han sufrido violencia física y/o sexual por parte de su actual o última pareja y que han acudido al menos a una institución,busqueda_de_ayuda,pareja,pareja_actual_o_ultima,alguna_vez,mujeres de 15 años y más,Colima,2006,55.03,porcentaje,2006-01-01
data1.csv,ENDIREH_AYUDA_INSTITUCION_PAREJA_FS,Proporción de mujeres de 15 años y más que han sufrido violencia física y/o sexual por parte de su actual o última pareja y que han acudido al menos a una institución,busqueda_de_ayuda,pareja,pareja_actual_o_ultima,alguna_vez,mujeres de 15 años y más,Chiapas,2006,31.26,porcentaje,2006-01-01
data1.csv,ENDIREH_AYUDA_INSTITUCION_PAREJA_FS,Proporción de mujeres de 15 años y más que han sufrido violencia física y/o sexual por parte de su actual o última pareja y que han acudido al menos a una institución,busqueda_de_ayuda,pareja,pareja_actual_o_ultima,alguna_vez,mujeres de 15 años y más,Chihuahua,2006,50.13,porcentaje,2006-01-01
data1.csv,ENDIREH_AYUDA_INSTITUCION_PAREJA_FS,Proporción de mujeres de 15 años y más que han sufrido violencia física y/o sexual por parte de su actual o última pareja y que han acudido al menos a una institución,busqueda_de_ayuda,pareja,pareja_actual_o_ultima,alguna_vez,mujeres de 15 años y más,Ciudad de México,2006,67.17,porcentaje,2006-01-01
data1.csv,ENDIREH_AYUDA_INSTITUCION_PAREJA_FS,Proporción de mujeres de 15 años y más que han sufrido violencia física y/o sexual por parte de su actual o última pareja y que han acudido al menos a una institución,busqueda_de_ayuda,pareja,pareja_actual_o_ultima,alguna_vez,mujeres de 15 años y más,Durango,2006,51.35,porcentaje,2006-01-01
data1.csv,ENDIREH_AYUDA_INSTITUCION_PAREJA_FS,Proporción de mujeres de 15 años y más que han sufrido violencia física y/o sexual por parte de su actual o última pareja y que han acudido al menos a una institución,busqueda_de_ayuda,pareja,pareja_actual_o_ultima,alguna_vez,mujeres de 15 años y más,Guanajuato,2006,46.48,porcentaje,2006-01-01
data1.csv,ENDIREH_AYUDA_INSTITUCION_PAREJA_FS,Proporción de mujeres de 15 años y más que han sufrido violencia física y/o sexual por parte de su actual o última pareja y que han acudido al menos a una institución,busqueda_de_ayuda,pareja,pareja_actual_o_ultima,alguna_vez,mujeres de 15 años y más,Guerrero,2006,43.31,porcentaje,2006-01-01
data1.csv,ENDIREH_AYUDA_INSTITUCION_PAREJA_FS,Proporción de mujeres de 15 años y más que han sufrido violencia física y/o sexual por parte de su actual o última pareja y que han acudido al menos a una institución,busqueda_de_ayuda,pareja,pareja_actual_o_ultima,alguna_vez,mujeres de 15 años y más,Hidalgo,2006,40.28,porcentaje,2006-01-01
data1.csv,ENDIREH_AYUDA_INSTITUCION_PAREJA_FS,Proporción de mujeres de 15 años y más que han sufrido violencia física y/o sexual por parte de su actual o última pareja y que han acudido al menos a una institución,busqueda_de_ayuda,pareja,pareja_actual_o_ultima,alguna_vez,mujeres de 15 años y más,Jalisco,2006,60.34,porcentaje,2006-01-01
data1.csv,ENDIREH_AYUDA_INSTITUCION_PAREJA_FS,Proporción de mujeres de 15 años y más que han sufrido violencia física y/o sexual por parte de su actual o última pareja y que han acudido al menos a una institución,busqueda_de_ayuda,pareja,pareja_actual_o_ultima,alguna_vez,mujeres de 15 años y más,Estado de México,2006,65.39,porcentaje,2006-01-01
data1.csv,ENDIREH_AYUDA_INSTITUCION_PAREJA_FS,Proporción de mujeres de 15 años y más que han sufrido violencia física y/o sexual por parte de su actual o última pareja y que han acudido al menos a una institución,busqueda_de_ayuda,pareja,pareja_actual_o_ultima,alguna_vez,mujeres de 15 años y más,Michoacán de Ocampo,2006,48.03,porcentaje,2006-01-01
data1.csv,ENDIREH_AYUDA_INSTITUCION_PAREJA_FS,Proporción de mujeres de 15 años y más que han sufrido violencia física y/o sexual por parte de su actual o última pareja y que han acudido al menos a una institución,busqueda_de_ayuda,pareja,pareja_actual_o_ultima,alguna_vez,mujeres de 15 años y más,Morelos,2006,52.95,porcentaje,2006-01-01
data1.csv,ENDIREH_AYUDA_INSTITUCION_PAREJA_FS,Proporción de mujeres de 15 años y más que han sufrido violencia física y/o sexual por parte de su actual o última pareja y que han acudido al menos a una institución,busqueda_de_ayuda,pareja,pareja_actual_o_ultima,alguna_vez,mujeres de 15 años y más,Nayarit,2006,45.42,porcentaje,2006-01-01
data1.csv,ENDIREH_AYUDA_INSTITUCION_PAREJA_FS,Proporción de mujeres de 15 años y más que han sufrido violencia física y/o sexual por parte de su actual o última pareja y que han acudido al menos a una institución,busqueda_de_ayuda,pareja,pareja_actual_o_ultima,alguna_vez,mujeres de 15 años y más,Nuevo León,2006,49.99,porcentaje,2006-01-01
data1.csv,ENDIREH_AYUDA_INSTITUCION_PAREJA_FS,Proporción de mujeres de 15 años y más que han sufrido violencia física y/o sexual por parte de su actual o última pareja y que han acudido al menos a una institución,busqueda_de_ayuda,pareja,pareja_actual_o_ultima,alguna_vez,mujeres de 15 años y más,Oaxaca,2006,46.33,porcentaje,2006-01-01
data1.csv,ENDIREH_AYUDA_INSTITUCION_PAREJA_FS,Proporción de mujeres de 15 años y más que han sufrido violencia física y/o sexual por parte de su actual o última pareja y que han acudido al menos a una institución,busqueda_de_ayuda,pareja,pareja_actual_o_ultima,alguna_vez,mujeres de 15 años y más,Puebla,2006,54.28,porcentaje,2006-01-01
data1.csv,ENDIREH_AYUDA_INSTITUCION_PAREJA_FS,Proporción de mujeres de 15 años y más que han sufrido violencia física y/o sexual por parte de su actual o última pareja y que han acudido al menos a una institución,busqueda_de_ayuda,pareja,pareja_actual_o_ultima,alguna_vez,mujeres de 15 años y más,Querétaro,2006,50.36,porcentaje,2006-01-01
data1.csv,ENDIREH_AYUDA_INSTITUCION_PAREJA_FS,Proporción de mujeres de 15 años y más que han sufrido violencia física y/o sexual por parte de su actual o última pareja y que han acudido al menos a una institución,busqueda_de_ayuda,pareja,pareja_actual_o_ultima,alguna_vez,mujeres de 15 años y más,Quintana Roo,2006,52.2,porcentaje,2006-01-01
data1.csv,ENDIREH_AYUDA_INSTITUCION_PAREJA_FS,Proporción de mujeres de 15 años y más que han sufrido violencia física y/o sexual por parte de su actual o última pareja y que han acudido al menos a una institución,busqueda_de_ayuda,pareja,pareja_actual_o_ultima,alguna_vez,mujeres de 15 años y más,San Luis Potosí,2006,44.63,porcentaje,2006-01-01
data1.csv,ENDIREH_AYUDA_INSTITUCION_PAREJA_FS,Proporción de mujeres de 15 años y más que han sufrido violencia física y/o sexual por parte de su actual o última pareja y que han acudido al menos a una institución,busqueda_de_ayuda,pareja,pareja_actual_o_ultima,alguna_vez,mujeres de 15 años y más,Sinaloa,2006,44.14,porcentaje,2006-01-01
data1.csv,ENDIREH_AYUDA_INSTITUCION_PAREJA_FS,Proporción de mujeres de 15 años y más que han sufrido violencia física y/o sexual por parte de su actual o última pareja y que han acudido al menos a una institución,busqueda_de_ayuda,pareja,pareja_actual_o_ultima,alguna_vez,mujeres de 15 años y más,Sonora,2006,50.92,porcentaje,2006-01-01
data1.csv,ENDIREH_AYUDA_INSTITUCION_PAREJA_FS,Proporción de mujeres de 15 años y más que han sufrido violencia física y/o sexual por parte de su actual o última pareja y que han acudido al menos a una institución,busqueda_de_ayuda,pareja,pareja_actual_o_ultima,alguna_vez,mujeres de 15 años y más,Tabasco,2006,49.73,porcentaje,2006-01-01
data1.csv,ENDIREH_AYUDA_INSTITUCION_PAREJA_FS,Proporción de mujeres de 15 años y más que han sufrido violencia física y/o sexual por parte de su actual o última pareja y que han acudido al menos a una institución,busqueda_de_ayuda,pareja,pareja_actual_o_ultima,alguna_vez,mujeres de 15 años y más,Tamaulipas,2006,45.59,porcentaje,2006-01-01
data1.csv,ENDIREH_AYUDA_INSTITUCION_PAREJA_FS,Proporción de mujeres de 15 años y más que han sufrido violencia física y/o sexual por parte de su actual o última pareja y que han acudido al menos a una institución,busqueda_de_ayuda,pareja,pareja_actual_o_ultima,alguna_vez,mujeres de 15 años y más,Tlaxcala,2006,44.16,porcentaje,2006-01-01
data1.csv,ENDIREH_AYUDA_INSTITUCION_PAREJA_FS,Proporción de mujeres de 15 años y más que han sufrido violencia física y/o sexual por parte de su actual o última pareja y que han acudido al menos a una institución,busqueda_de_ayuda,pareja,pareja_actual_o_ultima,alguna_vez,mujeres de 15 años y más,Veracruz,2006,48.47,porcentaje,2006-01-01
data1.csv,ENDIREH_AYUDA_INSTITUCION_PAREJA_FS,Proporción de mujeres de 15 años y más que han sufrido violencia física y/o sexual por parte de su actual o última pareja y que han acudido al menos a una institución,busqueda_de_ayuda,pareja,pareja_actual_o_ultima,alguna_vez,mujeres de 15 años y más,Yucatán,2006,43.9,porcentaje,2006-01-01
data1.csv,ENDIREH_AYUDA_INSTITUCION_PAREJA_FS,Proporción de mujeres de 15 años y más que han sufrido violencia física y/o sexual por parte de su actual o última pareja y que han acudido al menos a una institución,busqueda_de_ayuda,pareja,pareja_actual_o_ultima,alguna_vez,mujeres de 15 años y más,Zacatecas,2006,41.59,porcentaje,2006-01-01
data1.csv,ENDIREH_AYUDA_INSTITUCION_PAREJA_FS,Proporción de mujeres de 15 años y más que han sufrido violencia física y/o sexual por parte de su actual o última pareja y que han acudido al menos a una institución,busqueda_de_ayuda,pareja,pareja_actual_o_ultima,alguna_vez,mujeres de 15 años y más,Aguascalientes,2011,41.4,porcentaje,2011-01-01
data1.csv,ENDIREH_AYUDA_INSTITUCION_PAREJA_FS,Proporción de mujeres de 15 años y más que han sufrido violencia física y/o sexual por parte de su actual o última pareja y que han acudido al menos a una institución,busqueda_de_ayuda,pareja,pareja_actual_o_ultima,alguna_vez,mujeres de 15 años y más,Baja California,2011,43.82,porcentaje,2011-01-01
data1.csv,ENDIREH_AYUDA_INSTITUCION_PAREJA_FS,Proporción de mujeres de 15 años y más que han sufrido violencia física y/o sexual por parte de su actual o última pareja y que han acudido al menos a una institución,busqueda_de_ayuda,pareja,pareja_actual_o_ultima,alguna_vez,mujeres de 15 años y más,Baja California Sur,2011,33.97,porcentaje,2011-01-01
data1.csv,ENDIREH_AYUDA_INSTITUCION_PAREJA_FS,Proporción de mujeres de 15 años y más que han sufrido violencia física y/o sexual por parte de su actual o última pareja y que han acudido al menos a una institución,busqueda_de_ayuda,pareja,pareja_actual_o_ultima,alguna_vez,mujeres de 15 años y más,Campeche,2011,36.79,porcentaje,2011-01-01
data1.csv,ENDIREH_AYUDA_INSTITUCION_PAREJA_FS,Proporción de mujeres de 15 años y más que han sufrido violencia física y/o sexual por parte de su actual o última pareja y que han acudido al menos a una institución,busqueda_de_ayuda,pareja,pareja_actual_o_ultima,alguna_vez,mujeres de 15 años y más,Coahuila,2011,34.08,porcentaje,2011-01-01
data1.csv,ENDIREH_AYUDA_INSTITUCION_PAREJA_FS,Proporción de mujeres de 15 años y más que han sufrido violencia física y/o sexual por parte de su actual o última pareja y que han acudido al menos a una institución,busqueda_de_ayuda,pareja,pareja_actual_o_ultima,alguna_vez,mujeres de 15 años y más,Colima,2011,41.63,porcentaje,2011-01-01
data1.csv,ENDIREH_AYUDA_INSTITUCION_PAREJA_FS,Proporción de mujeres de 15 años y más que han sufrido violencia física y/o sexual por parte de su actual o última pareja y que han acudido al menos a una institución,busqueda_de_ayuda,pareja,pareja_actual_o_ultima,alguna_vez,mujeres de 15 años y más,Chiapas,2011,25.53,porcentaje,2011-01-01
data1.csv,ENDIREH_AYUDA_INSTITUCION_PAREJA_FS,Proporción de mujeres de 15 años y más que han sufrido violencia física y/o sexual por parte de su actual o última pareja y que han acudido al menos a una institución,busqueda_de_ayuda,pareja,pareja_actual_o_ultima,alguna_vez,mujeres de 15 años y más,Chihuahua,2011,42.57,porcentaje,2011-01-01
data1.csv,ENDIREH_AYUDA_INSTITUCION_PAREJA_FS,Proporción de mujeres de 15 años y más que han sufrido violencia física y/o sexual por parte de su actual o última pareja y que han acudido al menos a una institución,busqueda_de_ayuda,pareja,pareja_actual_o_ultima,alguna_vez,mujeres de 15 años y más,Ciudad de México,2011,56.89,porcentaje,2011-01-01
data1.csv,ENDIREH_AYUDA_INSTITUCION_PAREJA_FS,Proporción de mujeres de 15 años y más que han sufrido violencia física y/o sexual por parte de su actual o última pareja y que han acudido al menos a una institución,busqueda_de_ayuda,pareja,pareja_actual_o_ultima,alguna_vez,mujeres de 15 años y más,Durango,2011,35.33,porcentaje,2011-01-01
data1.csv,ENDIREH_AYUDA_INSTITUCION_PAREJA_FS,Proporción de mujeres de 15 años y más que han sufrido violencia física y/o sexual por parte de su actual o última pareja y que han acudido al menos a una institución,busqueda_de_ayuda,pareja,pareja_actual_o_ultima,alguna_vez,mujeres de 15 años y más,Guanajuato,2011,39.42,porcentaje,2011-01-01
data1.csv,ENDIREH_AYUDA_INSTITUCION_PAREJA_FS,Proporción de mujeres de 15 años y más que han sufrido violencia física y/o sexual por parte de su actual o última pareja y que han acudido al menos a una institución,busqueda_de_ayuda,pareja,pareja_actual_o_ultima,alguna_vez,mujeres de 15 años y más,Guerrero,2011,32.95,porcentaje,2011-01-01
data1.csv,ENDIREH_AYUDA_INSTITUCION_PAREJA_FS,Proporción de mujeres de 15 años y más que han sufrido violencia física y/o sexual por parte de su actual o última pareja y que han acudido al menos a una institución,busqueda_de_ayuda,pareja,pareja_actual_o_ultima,alguna_vez,mujeres de 15 años y más,Hidalgo,2011,32.83,porcentaje,2011-01-01
data1.csv,ENDIREH_AYUDA_INSTITUCION_PAREJA_FS,Proporción de mujeres de 15 años y más que han sufrido violencia física y/o sexual por parte de su actual o última pareja y que han acudido al menos a una institución,busqueda_de_ayuda,pareja,pareja_actual_o_ultima,alguna_vez,mujeres de 15 años y más,Jalisco,2011,41.94,porcentaje,2011-01-01
data1.csv,ENDIREH_AYUDA_INSTITUCION_PAREJA_FS,Proporción de mujeres de 15 años y más que han sufrido violencia física y/o sexual por parte de su actual o última pareja y que han acudido al menos a una institución,busqueda_de_ayuda,pareja,pareja_actual_o_ultima,alguna_vez,mujeres de 15 años y más,Estado de México,2011,52.55,porcentaje,2011-01-01
data1.csv,ENDIREH_AYUDA_INSTITUCION_PAREJA_FS,Proporción de mujeres de 15 años y más que han sufrido violencia física y/o sexual por parte de su actual o última pareja y que han acudido al menos a una institución,busqueda_de_ayuda,pareja,pareja_actual_o_ultima,alguna_vez,mujeres de 15 años y más,Michoacán de Ocampo,2011,38.48,porcentaje,2011-01-01
data1.csv,ENDIREH_AYUDA_INSTITUCION_PAREJA_FS,Proporción de mujeres de 15 años y más que han sufrido violencia física y/o sexual por parte de su actual o última pareja y que han acudido al menos a una institución,busqueda_de_ayuda,pareja,pareja_actual_o_ultima,alguna_vez,mujeres de 15 años y más,Morelos,2011,39.85,porcentaje,2011-01-01
data1.csv,ENDIREH_AYUDA_INSTITUCION_PAREJA_FS,Proporción de mujeres de 15 años y más que han sufrido violencia física y/o sexual por parte de su actual o última pareja y que han acudido al menos a una institución,busqueda_de_ayuda,pareja,pareja_actual_o_ultima,alguna_vez,mujeres de 15 años y más,Nayarit,2011,39.19,porcentaje,2011-01-01
data1.csv,ENDIREH_AYUDA_INSTITUCION_PAREJA_FS,Proporción de mujeres de 15 años y más que han sufrido violencia física y/o sexual por parte de su actual o última pareja y que han acudido al menos a una institución,busqueda_de_ayuda,pareja,pareja_actual_o_ultima,alguna_vez,mujeres de 15 años y más,Nuevo León,2011,40.16,porcentaje,2011-01-01
data1.csv,ENDIREH_AYUDA_INSTITUCION_PAREJA_FS,Proporción de mujeres de 15 años y más que han sufrido violencia física y/o sexual por parte de su actual o última pareja y que han acudido al menos a una institución,busqueda_de_ayuda,pareja,pareja_actual_o_ultima,alguna_vez,mujeres de 15 años y más,Oaxaca,2011,34.61,porcentaje,2011-01-01
data1.csv,ENDIREH_AYUDA_INSTITUCION_PAREJA_FS,Proporción de mujeres de 15 años y más que han sufrido violencia física y/o sexual por parte de su actual o última pareja y que han acudido al menos a una institución,busqueda_de_ayuda,pareja,pareja_actual_o_ultima,alguna_vez,mujeres de 15 años y más,Puebla,2011,39.91,porcentaje,2011-01-01
data1.csv,ENDIREH_AYUDA_INSTITUCION_PAREJA_FS,Proporción de mujeres de 15 años y más que han sufrido violencia física y/o sexual por parte de su actual o última pareja y que han acudido al menos a una institución,busqueda_de_ayuda,pareja,pareja_actual_o_ultima,alguna_vez,mujeres de 15 años y más,Querétaro,2011,40.35,porcentaje,2011-01-01
data1.csv,ENDIREH_AYUDA_INSTITUCION_PAREJA_FS,Proporción de mujeres de 15 años y más que han sufrido violencia física y/o sexual por parte de su actual o última pareja y que han acudido al menos a una institución,busqueda_de_ayuda,pareja,pareja_actual_o_ultima,alguna_vez,mujeres de 15 años y más,Quintana Roo,2011,40.88,porcentaje,2011-01-01
data1.csv,ENDIREH_AYUDA_INSTITUCION_PAREJA_FS,Proporción de mujeres de 15 años y más que han sufrido violencia física y/o sexual por parte de su actual o última pareja y que han acudido al menos a una institución,busqueda_de_ayuda,pareja,pareja_actual_o_ultima,alguna_vez,mujeres de 15 años y más,San Luis Potosí,2011,39.4,porcentaje,2011-01-01
data1.csv,ENDIREH_AYUDA_INSTITUCION_PAREJA_FS,Proporción de mujeres de 15 años y más que han sufrido violencia física y/o sexual por parte de su actual o última pareja y que han acudido al menos a una institución,busqueda_de_ayuda,pareja,pareja_actual_o_ultima,alguna_vez,mujeres de 15 años y más,Sinaloa,2011,30.14,porcentaje,2011-01-01
data1.csv,ENDIREH_AYUDA_INSTITUCION_PAREJA_FS,Proporción de mujeres de 15 años y más que han sufrido violencia física y/o sexual por parte de su actual o última pareja y que han acudido al menos a una institución,busqueda_de_ayuda,pareja,pareja_actual_o_ultima,alguna_vez,mujeres de 15 años y más,Sonora,2011,40.93,porcentaje,2011-01-01
data1.csv,ENDIREH_AYUDA_INSTITUCION_PAREJA_FS,Proporción de mujeres de 15 años y más que han sufrido violencia física y/o sexual por parte de su actual o última pareja y que han acudido al menos a una institución,busqueda_de_ayuda,pareja,pareja_actual_o_ultima,alguna_vez,mujeres de 15 años y más,Tabasco,2011,35.59,porcentaje,2011-01-01
data1.csv,ENDIREH_AYUDA_INSTITUCION_PAREJA_FS,Proporción de mujeres de 15 años y más que han sufrido violencia física y/o sexual por parte de su actual o última pareja y que han acudido al menos a una institución,busqueda_de_ayuda,pareja,pareja_actual_o_ultima,alguna_vez,mujeres de 15 años y más,Tamaulipas,2011,32.45,porcentaje,2011-01-01
data1.csv,ENDIREH_AYUDA_INSTITUCION_PAREJA_FS,Proporción de mujeres de 15 años y más que han sufrido violencia física y/o sexual por parte de su actual o última pareja y que han acudido al menos a una institución,busqueda_de_ayuda,pareja,pareja_actual_o_ultima,alguna_vez,mujeres de 15 años y más,Tlaxcala,2011,37.41,porcentaje,2011-01-01
data1.csv,ENDIREH_AYUDA_INSTITUCION_PAREJA_FS,Proporción de mujeres de 15 años y más que han sufrido violencia física y/o sexual por parte de su actual o última pareja y que han acudido al menos a una institución,busqueda_de_ayuda,pareja,pareja_actual_o_ultima,alguna_vez,mujeres de 15 años y más,Veracruz,2011,40.23,porcentaje,2011-01-01
data1.csv,ENDIREH_AYUDA_INSTITUCION_PAREJA_FS,Proporción de mujeres de 15 años y más que han sufrido violencia física y/o sexual por parte de su actual o última pareja y que han acudido al menos a una institución,busqueda_de_ayuda,pareja,pareja_actual_o_ultima,alguna_vez,mujeres de 15 años y más,Yucatán,2011,38.39,porcentaje,2011-01-01
data1.csv,ENDIREH_AYUDA_INSTITUCION_PAREJA_FS,Proporción de mujeres de 15 años y más que han sufrido violencia física y/o sexual por parte de su actual o última pareja y que han acudido al menos a una institución,busqueda_de_ayuda,pareja,pareja_actual_o_ultima,alguna_vez,mujeres de 15 años y más,Zacatecas,2011,35.05,porcentaje,2011-01-01
data1.csv,ENDIREH_AYUDA_INSTITUCION_PAREJA_FS,Proporción de mujeres de 15 años y más que han sufrido violencia física y/o sexual por parte de su actual o última pareja y que han acudido al menos a una institución,busqueda_de_ayuda,pareja,pareja_actual_o_ultima,alguna_vez,mujeres de 15 años y más,Aguascalientes,2016,59.14,porcentaje,2016-01-01
data1.csv,ENDIREH_AYUDA_INSTITUCION_PAREJA_FS,Proporción de mujeres de 15 años y más que han sufrido violencia física y/o sexual por parte de su actual o última pareja y que han acudido al menos a una institución,busqueda_de_ayuda,pareja,pareja_actual_o_ultima,alguna_vez,mujeres de 15 años y más,Baja California,2016,51.13,porcentaje,2016-01-01
data1.csv,ENDIREH_AYUDA_INSTITUCION_PAREJA_FS,Proporción de mujeres de 15 años y más que han sufrido violencia física y/o sexual por parte de su actual o última pareja y que han acudido al menos a una institución,busqueda_de_ayuda,pareja,pareja_actual_o_ultima,alguna_vez,mujeres de 15 años y más,Baja California Sur,2016,40.26,porcentaje,2016-01-01
data1.csv,ENDIREH_AYUDA_INSTITUCION_PAREJA_FS,Proporción de mujeres de 15 años y más que han sufrido violencia física y/o sexual por parte de su actual o última pareja y que han acudido al menos a una institución,busqueda_de_ayuda,pareja,pareja_actual_o_ultima,alguna_vez,mujeres de 15 años y más,Campeche,2016,41.22,porcentaje,2016-01-01
data1.csv,ENDIREH_AYUDA_INSTITUCION_PAREJA_FS,Proporción de mujeres de 15 años y más que han sufrido violencia física y/o sexual por parte de su actual o última pareja y que han acudido al menos a una institución,busqueda_de_ayuda,pareja,pareja_actual_o_ultima,alguna_vez,mujeres de 15 años y más,Coahuila,2016,50.84,porcentaje,2016-01-01
data1.csv,ENDIREH_AYUDA_INSTITUCION_PAREJA_FS,Proporción de mujeres de 15 años y más que han sufrido violencia física y/o sexual por parte de su actual o última pareja y que han acudido al menos a una institución,busqueda_de_ayuda,pareja,pareja_actual_o_ultima,alguna_vez,mujeres de 15 años y más,Colima,2016,47.62,porcentaje,2016-01-01
data1.csv,ENDIREH_AYUDA_INSTITUCION_PAREJA_FS,Proporción de mujeres de 15 años y más que han sufrido violencia física y/o sexual por parte de su actual o última pareja y que han acudido al menos a una institución,busqueda_de_ayuda,pareja,pareja_actual_o_ultima,alguna_vez,mujeres de 15 años y más,Chiapas,2016,38.99,porcentaje,2016-01-01
data1.csv,ENDIREH_AYUDA_INSTITUCION_PAREJA_FS,Proporción de mujeres de 15 años y más que han sufrido violencia física y/o sexual por parte de su actual o última pareja y que han acudido al menos a una institución,busqueda_de_ayuda,pareja,pareja_actual_o_ultima,alguna_vez,mujeres de 15 años y más,Chihuahua,2016,51.89,porcentaje,2016-01-01
data1.csv,ENDIREH_AYUDA_INSTITUCION_PAREJA_FS,Proporción de mujeres de 15 años y más que han sufrido violencia física y/o sexual por parte de su actual o última pareja y que han acudido al menos a una institución,busqueda_de_ayuda,pareja,pareja_actual_o_ultima,alguna_vez,mujeres de 15 años y más,Ciudad de México,2016,70.81,porcentaje,2016-01-01
data1.csv,ENDIREH_AYUDA_INSTITUCION_PAREJA_FS,Proporción de mujeres de 15 años y más que han sufrido violencia física y/o sexual por parte de su actual o última pareja y que han acudido al menos a una institución,busqueda_de_ayuda,pareja,pareja_actual_o_ultima,alguna_vez,mujeres de 15 años y más,Durango,2016,51.35,porcentaje,2016-01-01
data1.csv,ENDIREH_AYUDA_INSTITUCION_PAREJA_FS,Proporción de mujeres de 15 años y más que han sufrido violencia física y/o sexual por parte de su actual o última pareja y que han acudido al menos a una institución,busqueda_de_ayuda,pareja,pareja_actual_o_ultima,alguna_vez,mujeres de 15 años y más,Guanajuato,2016,52.41,porcentaje,2016-01-01
data1.csv,ENDIREH_AYUDA_INSTITUCION_PAREJA_FS,Proporción de mujeres de 15 años y más que han sufrido violencia física y/o sexual por parte de su actual o última pareja y que han acudido al menos a una institución,busqueda_de_ayuda,pareja,pareja_actual_o_ultima,alguna_vez,mujeres de 15 años y más,Guerrero,2016,41.78,porcentaje,2016-01-01
data1.csv,ENDIREH_AYUDA_INSTITUCION_PAREJA_FS,Proporción de mujeres de 15 años y más que han sufrido violencia física y/o sexual por parte de su actual o última pareja y que han acudido al menos a una institución,busqueda_de_ayuda,pareja,pareja_actual_o_ultima,alguna_vez,mujeres de 15 años y más,Hidalgo,2016,49.28,porcentaje,2016-01-01
data1.csv,ENDIREH_AYUDA_INSTITUCION_PAREJA_FS,Proporción de mujeres de 15 años y más que han sufrido violencia física y/o sexual por parte de su actual o última pareja y que han acudido al menos a una institución,busqueda_de_ayuda,pareja,pareja_actual_o_ultima,alguna_vez,mujeres de 15 años y más,Jalisco,2016,61.29,porcentaje,2016-01-01
data1.csv,ENDIREH_AYUDA_INSTITUCION_PAREJA_FS,Proporción de mujeres de 15 años y más que han sufrido violencia física y/o sexual por parte de su actual o última pareja y que han acudido al menos a una institución,busqueda_de_ayuda,pareja,pareja_actual_o_ultima,alguna_vez,mujeres de 15 años y más,Estado de México,2016,63.03,porcentaje,2016-01-01
data1.csv,ENDIREH_AYUDA_INSTITUCION_PAREJA_FS,Proporción de mujeres de 15 años y más que han sufrido violencia física y/o sexual por parte de su actual o última pareja y que han acudido al menos a una institución,busqueda_de_ayuda,pareja,pareja_actual_o_ultima,alguna_vez,mujeres de 15 años y más,Michoacán de Ocampo,2016,49.25,porcentaje,2016-01-01
data1.csv,ENDIREH_AYUDA_INSTITUCION_PAREJA_FS,Proporción de mujeres de 15 años y más que han sufrido violencia física y/o sexual por parte de su actual o última pareja y que han acudido al menos a una institución,busqueda_de_ayuda,pareja,pareja_actual_o_ultima,alguna_vez,mujeres de 15 años y más,Morelos,2016,51.4,porcentaje,2016-01-01
data1.csv,ENDIREH_AYUDA_INSTITUCION_PAREJA_FS,Proporción de mujeres de 15 años y más que han sufrido violencia física y/o sexual por parte de su actual o última pareja y que han acudido al menos a una institución,busqueda_de_ayuda,pareja,pareja_actual_o_ultima,alguna_vez,mujeres de 15 años y más,Nayarit,2016,42.63,porcentaje,2016-01-01
data1.csv,ENDIREH_AYUDA_INSTITUCION_PAREJA_FS,Proporción de mujeres de 15 años y más que han sufrido violencia física y/o sexual por parte de su actual o última pareja y que han acudido al menos a una institución,busqueda_de_ayuda,pareja,pareja_actual_o_ultima,alguna_vez,mujeres de 15 años y más,Nuevo León,2016,46.62,porcentaje,2016-01-01
data1.csv,ENDIREH_AYUDA_INSTITUCION_PAREJA_FS,Proporción de mujeres de 15 años y más que han sufrido violencia física y/o sexual por parte de su actual o última pareja y que han acudido al menos a una institución,busqueda_de_ayuda,pareja,pareja_actual_o_ultima,alguna_vez,mujeres de 15 años y más,Oaxaca,2016,46.82,porcentaje,2016-01-01
data1.csv,ENDIREH_AYUDA_INSTITUCION_PAREJA_FS,Proporción de mujeres de 15 años y más que han sufrido violencia física y/o sexual por parte de su actual o última pareja y que han acudido al menos a una institución,busqueda_de_ayuda,pareja,pareja_actual_o_ultima,alguna_vez,mujeres de 15 años y más,Puebla,2016,50.09,porcentaje,2016-01-01
data1.csv,ENDIREH_AYUDA_INSTITUCION_PAREJA_FS,Proporción de mujeres de 15 años y más que han sufrido violencia física y/o sexual por parte de su actual o última pareja y que han acudido al menos a una institución,busqueda_de_ayuda,pareja,pareja_actual_o_ultima,alguna_vez,mujeres de 15 años y más,Querétaro,2016,58.3,porcentaje,2016-01-01
data1.csv,ENDIREH_AYUDA_INSTITUCION_PAREJA_FS,Proporción de mujeres de 15 años y más que han sufrido violencia física y/o sexual por parte de su actual o última pareja y que han acudido al menos a una institución,busqueda_de_ayuda,pareja,pareja_actual_o_ultima,alguna_vez,mujeres de 15 años y más,Quintana Roo,2016,52.65,porcentaje,2016-01-01
data1.csv,ENDIREH_AYUDA_INSTITUCION_PAREJA_FS,Proporción de mujeres de 15 años y más que han sufrido violencia física y/o sexual por parte de su actual o última pareja y que han acudido al menos a una institución,busqueda_de_ayuda,pareja,pareja_actual_o_ultima,alguna_vez,mujeres de 15 años y más,San Luis Potosí,2016,46.03,porcentaje,2016-01-01
data1.csv,ENDIREH_AYUDA_INSTITUCION_PAREJA_FS,Proporción de mujeres de 15 años y más que han sufrido violencia física y/o sexual por parte de su actual o última pareja y que han acudido al menos a una institución,busqueda_de_ayuda,pareja,pareja_actual_o_ultima,alguna_vez,mujeres de 15 años y más,Sinaloa,2016,43.65,porcentaje,2016-01-01
data1.csv,ENDIREH_AYUDA_INSTITUCION_PAREJA_FS,Proporción de mujeres de 15 años y más que han sufrido violencia física y/o sexual por parte de su actual o última pareja y que han acudido al menos a una institución,busqueda_de_ayuda,pareja,pareja_actual_o_ultima,alguna_vez,mujeres de 15 años y más,Sonora,2016,46.18,porcentaje,2016-01-01
data1.csv,ENDIREH_AYUDA_INSTITUCION_PAREJA_FS,Proporción de mujeres de 15 años y más que han sufrido violencia física y/o sexual por parte de su actual o última pareja y que han acudido al menos a una institución,busqueda_de_ayuda,pareja,pareja_actual_o_ultima,alguna_vez,mujeres de 15 años y más,Tabasco,2016,43.34,porcentaje,2016-01-01
data1.csv,ENDIREH_AYUDA_INSTITUCION_PAREJA_FS,Proporción de mujeres de 15 años y más que han sufrido violencia física y/o sexual por parte de su actual o última pareja y que han acudido al menos a una institución,busqueda_de_ayuda,pareja,pareja_actual_o_ultima,alguna_vez,mujeres de 15 años y más,Tamaulipas,2016,44.51,porcentaje,2016-01-01
data1.csv,ENDIREH_AYUDA_INSTITUCION_PAREJA_FS,Proporción de mujeres de 15 años y más que han sufrido violencia física y/o sexual por parte de su actual o última pareja y que han acudido al menos a una institución,busqueda_de_ayuda,pareja,pareja_actual_o_ultima,alguna_vez,mujeres de 15 años y más,Tlaxcala,2016,47.31,porcentaje,2016-01-01
data1.csv,ENDIREH_AYUDA_INSTITUCION_PAREJA_FS,Proporción de mujeres de 15 años y más que han sufrido violencia física y/o sexual por parte de su actual o última pareja y que han acudido al menos a una institución,busqueda_de_ayuda,pareja,pareja_actual_o_ultima,alguna_vez,mujeres de 15 años y más,Veracruz,2016,46.74,porcentaje,2016-01-01
data1.csv,ENDIREH_AYUDA_INSTITUCION_PAREJA_FS,Proporción de mujeres de 15 años y más que han sufrido violencia física y/o sexual por parte de su actual o última pareja y que han acudido al menos a una institución,busqueda_de_ayuda,pareja,pareja_actual_o_ultima,alguna_vez,mujeres de 15 años y más,Yucatán,2016,52.61,porcentaje,2016-01-01
data1.csv,ENDIREH_AYUDA_INSTITUCION_PAREJA_FS,Proporción de mujeres de 15 años y más que han sufrido violencia física y/o sexual por parte de su actual o última pareja y que han acudido al menos a una institución,busqueda_de_ayuda,pareja,pareja_actual_o_ultima,alguna_vez,mujeres de 15 años y más,Zacatecas,2016,43.88,porcentaje,2016-01-01
data1.csv,ENDIREH_AYUDA_INSTITUCION_PAREJA_FS,Proporción de mujeres de 15 años y más que han sufrido violencia física y/o sexual por parte de su actual o última pareja y que han acudido al menos a una institución,busqueda_de_ayuda,pareja,pareja_actual_o_ultima,alguna_vez,mujeres de 15 años y más,Aguascalientes,2021,61.54,porcentaje,2021-01-01
data1.csv,ENDIREH_AYUDA_INSTITUCION_PAREJA_FS,Proporción de mujeres de 15 años y más que han sufrido violencia física y/o sexual por parte de su actual o última pareja y que han acudido al menos a una institución,busqueda_de_ayuda,pareja,pareja_actual_o_ultima,alguna_vez,mujeres de 15 años y más,Baja California,2021,57.3,porcentaje,2021-01-01
data1.csv,ENDIREH_AYUDA_INSTITUCION_PAREJA_FS,Proporción de mujeres de 15 años y más que han sufrido violencia física y/o sexual por parte de su actual o última pareja y que han acudido al menos a una institución,busqueda_de_ayuda,pareja,pareja_actual_o_ultima,alguna_vez,mujeres de 15 años y más,Baja California Sur,2021,53.08,porcentaje,2021-01-01
data1.csv,ENDIREH_AYUDA_INSTITUCION_PAREJA_FS,Proporción de mujeres de 15 años y más que han sufrido violencia física y/o sexual por parte de su actual o última pareja y que han acudido al menos a una institución,busqueda_de_ayuda,pareja,pareja_actual_o_ultima,alguna_vez,mujeres de 15 años y más,Campeche,2021,55.32,porcentaje,2021-01-01
data1.csv,ENDIREH_AYUDA_INSTITUCION_PAREJA_FS,Proporción de mujeres de 15 años y más que han sufrido violencia física y/o sexual por parte de su actual o última pareja y que han acudido al menos a una institución,busqueda_de_ayuda,pareja,pareja_actual_o_ultima,alguna_vez,mujeres de 15 años y más,Coahuila,2021,60.46,porcentaje,2021-01-01
data1.csv,ENDIREH_AYUDA_INSTITUCION_PAREJA_FS,Proporción de mujeres de 15 años y más que han sufrido violencia física y/o sexual por parte de su actual o última pareja y que han acudido al menos a una institución,busqueda_de_ayuda,pareja,pareja_actual_o_ultima,alguna_vez,mujeres de 15 años y más,Colima,2021,63.05,porcentaje,2021-01-01
data1.csv,ENDIREH_AYUDA_INSTITUCION_PAREJA_FS,Proporción de mujeres de 15 años y más que han sufrido violencia física y/o sexual por parte de su actual o última pareja y que han acudido al menos a una institución,busqueda_de_ayuda,pareja,pareja_actual_o_ultima,alguna_vez,mujeres de 15 años y más,Chiapas,2021,38.44,porcentaje,2021-01-01
data1.csv,ENDIREH_AYUDA_INSTITUCION_PAREJA_FS,Proporción de mujeres de 15 años y más que han sufrido violencia física y/o sexual por parte de su actual o última pareja y que han acudido al menos a una institución,busqueda_de_ayuda,pareja,pareja_actual_o_ultima,alguna_vez,mujeres de 15 años y más,Chihuahua,2021,58.31,porcentaje,2021-01-01
data1.csv,ENDIREH_AYUDA_INSTITUCION_PAREJA_FS,Proporción de mujeres de 15 años y más que han sufrido violencia física y/o sexual por parte de su actual o última pareja y que han acudido al menos a una institución,busqueda_de_ayuda,pareja,pareja_actual_o_ultima,alguna_vez,mujeres de 15 años y más,Ciudad de México,2021,69.55,porcentaje,2021-01-01
data1.csv,ENDIREH_AYUDA_INSTITUCION_PAREJA_FS,Proporción de mujeres de 15 años y más que han sufrido violencia física y/o sexual por parte de su actual o última pareja y que han acudido al menos a una institución,busqueda_de_ayuda,pareja,pareja_actual_o_ultima,alguna_vez,mujeres de 15 años y más,Durango,2021,56.23,porcentaje,2021-01-01
data1.csv,ENDIREH_AYUDA_INSTITUCION_PAREJA_FS,Proporción de mujeres de 15 años y más que han sufrido violencia física y/o sexual por parte de su actual o última pareja y que han acudido al menos a una institución,busqueda_de_ayuda,pareja,pareja_actual_o_ultima,alguna_vez,mujeres de 15 años y más,Guanajuato,2021,57.48,porcentaje,2021-01-01
data1.csv,ENDIREH_AYUDA_INSTITUCION_PAREJA_FS,Proporción de mujeres de 15 años y más que han sufrido violencia física y/o sexual por parte de su actual o última pareja y que han acudido al menos a una institución,busqueda_de_ayuda,pareja,pareja_actual_o_ultima,alguna_vez,mujeres de 15 años y más,Guerrero,2021,53.46,porcentaje,2021-01-01
data1.csv,ENDIREH_AYUDA_INSTITUCION_PAREJA_FS,Proporción de mujeres de 15 años y más que han sufrido violencia física y/o sexual por parte de su actual o última pareja y que han acudido al menos a una institución,busqueda_de_ayuda,pareja,pareja_actual_o_ultima,alguna_vez,mujeres de 15 años y más,Hidalgo,2021,58.12,porcentaje,2021-01-01
data1.csv,ENDIREH_AYUDA_INSTITUCION_PAREJA_FS,Proporción de mujeres de 15 años y más que han sufrido violencia física y/o sexual por parte de su actual o última pareja y que han acudido al menos a una institución,busqueda_de_ayuda,pareja,pareja_actual_o_ultima,alguna_vez,mujeres de 15 años y más,Jalisco,2021,61.62,porcentaje,2021-01-01
data1.csv,ENDIREH_AYUDA_INSTITUCION_PAREJA_FS,Proporción de mujeres de 15 años y más que han sufrido violencia física y/o sexual por parte de su actual o última pareja y que han acudido al menos a una institución,busqueda_de_ayuda,pareja,pareja_actual_o_ultima,alguna_vez,mujeres de 15 años y más,Estado de México,2021,70.07,porcentaje,2021-01-01
data1.csv,ENDIREH_AYUDA_INSTITUCION_PAREJA_FS,Proporción de mujeres de 15 años y más que han sufrido violencia física y/o sexual por parte de su actual o última pareja y que han acudido al menos a una institución,busqueda_de_ayuda,pareja,pareja_actual_o_ultima,alguna_vez,mujeres de 15 años y más,Michoacán de Ocampo,2021,50.88,porcentaje,2021-01-01
data1.csv,ENDIREH_AYUDA_INSTITUCION_PAREJA_FS,Proporción de mujeres de 15 años y más que han sufrido violencia física y/o sexual por parte de su actual o última pareja y que han acudido al menos a una institución,busqueda_de_ayuda,pareja,pareja_actual_o_ultima,alguna_vez,mujeres de 15 años y más,Morelos,2021,58.22,porcentaje,2021-01-01
data1.csv,ENDIREH_AYUDA_INSTITUCION_PAREJA_FS,Proporción de mujeres de 15 años y más que han sufrido violencia física y/o sexual por parte de su actual o última pareja y que han acudido al menos a una institución,busqueda_de_ayuda,pareja,pareja_actual_o_ultima,alguna_vez,mujeres de 15 años y más,Nayarit,2021,55.93,porcentaje,2021-01-01
data1.csv,ENDIREH_AYUDA_INSTITUCION_PAREJA_FS,Proporción de mujeres de 15 años y más que han sufrido violencia física y/o sexual por parte de su actual o última pareja y que han acudido al menos a una institución,busqueda_de_ayuda,pareja,pareja_actual_o_ultima,alguna_vez,mujeres de 15 años y más,Nuevo León,2021,57.56,porcentaje,2021-01-01
data1.csv,ENDIREH_AYUDA_INSTITUCION_PAREJA_FS,Proporción de mujeres de 15 años y más que han sufrido violencia física y/o sexual por parte de su actual o última pareja y que han acudido al menos a una institución,busqueda_de_ayuda,pareja,pareja_actual_o_ultima,alguna_vez,mujeres de 15 años y más,Oaxaca,2021,55.03,porcentaje,2021-01-01
data1.csv,ENDIREH_AYUDA_INSTITUCION_PAREJA_FS,Proporción de mujeres de 15 años y más que han sufrido violencia física y/o sexual por parte de su actual o última pareja y que han acudido al menos a una institución,busqueda_de_ayuda,pareja,pareja_actual_o_ultima,alguna_vez,mujeres de 15 años y más,Puebla,2021,59.0,porcentaje,2021-01-01
data1.csv,ENDIREH_AYUDA_INSTITUCION_PAREJA_FS,Proporción de mujeres de 15 años y más que han sufrido violencia física y/o sexual por parte de su actual o última pareja y que han acudido al menos a una institución,busqueda_de_ayuda,pareja,pareja_actual_o_ultima,alguna_vez,mujeres de 15 años y más,Querétaro,2021,64.5,porcentaje,2021-01-01
data1.csv,ENDIREH_AYUDA_INSTITUCION_PAREJA_FS,Proporción de mujeres de 15 años y más que han sufrido violencia física y/o sexual por parte de su actual o última pareja y que han acudido al menos a una institución,busqueda_de_ayuda,pareja,pareja_actual_o_ultima,alguna_vez,mujeres de 15 años y más,Quintana Roo,2021,60.08,porcentaje,2021-01-01
data1.csv,ENDIREH_AYUDA_INSTITUCION_PAREJA_FS,Proporción de mujeres de 15 años y más que han sufrido violencia física y/o sexual por parte de su actual o última pareja y que han acudido al menos a una institución,busqueda_de_ayuda,pareja,pareja_actual_o_ultima,alguna_vez,mujeres de 15 años y más,San Luis Potosí,2021,57.36,porcentaje,2021-01-01
data1.csv,ENDIREH_AYUDA_INSTITUCION_PAREJA_FS,Proporción de mujeres de 15 años y más que han sufrido violencia física y/o sexual por parte de su actual o última pareja y que han acudido al menos a una institución,busqueda_de_ayuda,pareja,pareja_actual_o_ultima,alguna_vez,mujeres de 15 años y más,Sinaloa,2021,51.39,porcentaje,2021-01-01
data1.csv,ENDIREH_AYUDA_INSTITUCION_PAREJA_FS,Proporción de mujeres de 15 años y más que han sufrido violencia física y/o sexual por parte de su actual o última pareja y que han acudido al menos a una institución,busqueda_de_ayuda,pareja,pareja_actual_o_ultima,alguna_vez,mujeres de 15 años y más,Sonora,2021,59.0,porcentaje,2021-01-01
data1.csv,ENDIREH_AYUDA_INSTITUCION_PAREJA_FS,Proporción de mujeres de 15 años y más que han sufrido violencia física y/o sexual por parte de su actual o última pareja y que han acudido al menos a una institución,busqueda_de_ayuda,pareja,pareja_actual_o_ultima,alguna_vez,mujeres de 15 años y más,Tabasco,2021,57.98,porcentaje,2021-01-01
data1.csv,ENDIREH_AYUDA_INSTITUCION_PAREJA_FS,Proporción de mujeres de 15 años y más que han sufrido violencia física y/o sexual por parte de su actual o última pareja y que han acudido al menos a una institución,busqueda_de_ayuda,pareja,pareja_actual_o_ultima,alguna_vez,mujeres de 15 años y más,Tamaulipas,2021,49.79,porcentaje,2021-01-01
data1.csv,ENDIREH_AYUDA_INSTITUCION_PAREJA_FS,Proporción de mujeres de 15 años y más que han sufrido violencia física y/o sexual por parte de su actual o última pareja y que han acudido al menos a una institución,busqueda_de_ayuda,pareja,pareja_actual_o_ultima,alguna_vez,mujeres de 15 años y más,Tlaxcala,2021,56.09,porcentaje,2021-01-01
data1.csv,ENDIREH_AYUDA_INSTITUCION_PAREJA_FS,Proporción de mujeres de 15 años y más que han sufrido violencia física y/o sexual por parte de su actual o última pareja y que han acudido al menos a una institución,busqueda_de_ayuda,pareja,pareja_actual_o_ultima,alguna_vez,mujeres de 15 años y más,Veracruz,2021,55.26,porcentaje,2021-01-01
data1.csv,ENDIREH_AYUDA_INSTITUCION_PAREJA_FS,Proporción de mujeres de 15 años y más que han sufrido violencia física y/o sexual por parte de su actual o última pareja y que han acudido al menos a una institución,busqueda_de_ayuda,pareja,pareja_actual_o_ultima,alguna_vez,mujeres de 15 años y más,Yucatán,2021,59.79,porcentaje,2021-01-01
data1.csv,ENDIREH_AYUDA_INSTITUCION_PAREJA_FS,Proporción de mujeres de 15 años y más que han sufrido violencia física y/o sexual por parte de su actual o última pareja y que han acudido al menos a una institución,busqueda_de_ayuda,pareja,pareja_actual_o_ultima,alguna_vez,mujeres de 15 años y más,Zacatecas,2021,45.47,porcentaje,2021-01-01
data2.csv,ENDIREH_AYUDA_AUTORIDAD_PAREJA_FS,"Mujeres que han acudido al menos a una institución o autoridad en busca de ayuda, entre las mujeres que han sido alguna vez víctimas de violencia física y/o sexual infligida por su pareja",busqueda_de_ayuda,pareja,pareja,alguna_vez,mujeres víctimas de violencia física y/o sexual por pareja,Aguascalientes,2006,21.79,porcentaje,2006-01-01
data2.csv,ENDIREH_AYUDA_AUTORIDAD_PAREJA_FS,"Mujeres que han acudido al menos a una institución o autoridad en busca de ayuda, entre las mujeres que han sido alguna vez víctimas de violencia física y/o sexual infligida por su pareja",busqueda_de_ayuda,pareja,pareja,alguna_vez,mujeres víctimas de violencia física y/o sexual por pareja,Baja California,2006,24.48,porcentaje,2006-01-01
data2.csv,ENDIREH_AYUDA_AUTORIDAD_PAREJA_FS,"Mujeres que han acudido al menos a una institución o autoridad en busca de ayuda, entre las mujeres que han sido alguna vez víctimas de violencia física y/o sexual infligida por su pareja",busqueda_de_ayuda,pareja,pareja,alguna_vez,mujeres víctimas de violencia física y/o sexual por pareja,Baja California Sur,2006,27.14,porcentaje,2006-01-01
data2.csv,ENDIREH_AYUDA_AUTORIDAD_PAREJA_FS,"Mujeres que han acudido al menos a una institución o autoridad en busca de ayuda, entre las mujeres que han sido alguna vez víctimas de violencia física y/o sexual infligida por su pareja",busqueda_de_ayuda,pareja,pareja,alguna_vez,mujeres víctimas de violencia física y/o sexual por pareja,Campeche,2006,24.0,porcentaje,2006-01-01
data2.csv,ENDIREH_AYUDA_AUTORIDAD_PAREJA_FS,"Mujeres que han acudido al menos a una institución o autoridad en busca de ayuda, entre las mujeres que han sido alguna vez víctimas de violencia física y/o sexual infligida por su pareja",busqueda_de_ayuda,pareja,pareja,alguna_vez,mujeres víctimas de violencia física y/o sexual por pareja,Coahuila,2006,24.02,porcentaje,2006-01-01
data2.csv,ENDIREH_AYUDA_AUTORIDAD_PAREJA_FS,"Mujeres que han acudido al menos a una institución o autoridad en busca de ayuda, entre las mujeres que han sido alguna vez víctimas de violencia física y/o sexual infligida por su pareja",busqueda_de_ayuda,pareja,pareja,alguna_vez,mujeres víctimas de violencia física y/o sexual por pareja,Colima,2006,28.31,porcentaje,2006-01-01
data2.csv,ENDIREH_AYUDA_AUTORIDAD_PAREJA_FS,"Mujeres que han acudido al menos a una institución o autoridad en busca de ayuda, entre las mujeres que han sido alguna vez víctimas de violencia física y/o sexual infligida por su pareja",busqueda_de_ayuda,pareja,pareja,alguna_vez,mujeres víctimas de violencia física y/o sexual por pareja,Chiapas,2006,19.39,porcentaje,2006-01-01
data2.csv,ENDIREH_AYUDA_AUTORIDAD_PAREJA_FS,"Mujeres que han acudido al menos a una institución o autoridad en busca de ayuda, entre las mujeres que han sido alguna vez víctimas de violencia física y/o sexual infligida por su pareja",busqueda_de_ayuda,pareja,pareja,alguna_vez,mujeres víctimas de violencia física y/o sexual por pareja,Chihuahua,2006,21.66,porcentaje,2006-01-01
data2.csv,ENDIREH_AYUDA_AUTORIDAD_PAREJA_FS,"Mujeres que han acudido al menos a una institución o autoridad en busca de ayuda, entre las mujeres que han sido alguna vez víctimas de violencia física y/o sexual infligida por su pareja",busqueda_de_ayuda,pareja,pareja,alguna_vez,mujeres víctimas de violencia física y/o sexual por pareja,Ciudad de México,2006,22.76,porcentaje,2006-01-01
data2.csv,ENDIREH_AYUDA_AUTORIDAD_PAREJA_FS,"Mujeres que han acudido al menos a una institución o autoridad en busca de ayuda, entre las mujeres que han sido alguna vez víctimas de violencia física y/o sexual infligida por su pareja",busqueda_de_ayuda,pareja,pareja,alguna_vez,mujeres víctimas de violencia física y/o sexual por pareja,Durango,2006,17.47,porcentaje,2006-01-01
data2.csv,ENDIREH_AYUDA_AUTORIDAD_PAREJA_FS,"Mujeres que han acudido al menos a una institución o autoridad en busca de ayuda, entre las mujeres que han sido alguna vez víctimas de violencia física y/o sexual infligida por su pareja",busqueda_de_ayuda,pareja,pareja,alguna_vez,mujeres víctimas de violencia física y/o sexual por pareja,Guanajuato,2006,22.94,porcentaje,2006-01-01
data2.csv,ENDIREH_AYUDA_AUTORIDAD_PAREJA_FS,"Mujeres que han acudido al menos a una institución o autoridad en busca de ayuda, entre las mujeres que han sido alguna vez víctimas de violencia física y/o sexual infligida por su pareja",busqueda_de_ayuda,pareja,pareja,alguna_vez,mujeres víctimas de violencia física y/o sexual por pareja,Guerrero,2006,16.66,porcentaje,2006-01-01
data2.csv,ENDIREH_AYUDA_AUTORIDAD_PAREJA_FS,"Mujeres que han acudido al menos a una institución o autoridad en busca de ayuda, entre las mujeres que han sido alguna vez víctimas de violencia física y/o sexual infligida por su pareja",busqueda_de_ayuda,pareja,pareja,alguna_vez,mujeres víctimas de violencia física y/o sexual por pareja,Hidalgo,2006,28.09,porcentaje,2006-01-01
data2.csv,ENDIREH_AYUDA_AUTORIDAD_PAREJA_FS,"Mujeres que han acudido al menos a una institución o autoridad en busca de ayuda, entre las mujeres que han sido alguna vez víctimas de violencia física y/o sexual infligida por su pareja",busqueda_de_ayuda,pareja,pareja,alguna_vez,mujeres víctimas de violencia física y/o sexual por pareja,Jalisco,2006,18.48,porcentaje,2006-01-01
data2.csv,ENDIREH_AYUDA_AUTORIDAD_PAREJA_FS,"Mujeres que han acudido al menos a una institución o autoridad en busca de ayuda, entre las mujeres que han sido alguna vez víctimas de violencia física y/o sexual infligida por su pareja",busqueda_de_ayuda,pareja,pareja,alguna_vez,mujeres víctimas de violencia física y/o sexual por pareja,Estado de México,2006,26.95,porcentaje,2006-01-01
data2.csv,ENDIREH_AYUDA_AUTORIDAD_PAREJA_FS,"Mujeres que han acudido al menos a una institución o autoridad en busca de ayuda, entre las mujeres que han sido alguna vez víctimas de violencia física y/o sexual infligida por su pareja",busqueda_de_ayuda,pareja,pareja,alguna_vez,mujeres víctimas de violencia física y/o sexual por pareja,Michoacán de Ocampo,2006,15.02,porcentaje,2006-01-01
data2.csv,ENDIREH_AYUDA_AUTORIDAD_PAREJA_FS,"Mujeres que han acudido al menos a una institución o autoridad en busca de ayuda, entre las mujeres que han sido alguna vez víctimas de violencia física y/o sexual infligida por su pareja",busqueda_de_ayuda,pareja,pareja,alguna_vez,mujeres víctimas de violencia física y/o sexual por pareja,Morelos,2006,21.72,porcentaje,2006-01-01
data2.csv,ENDIREH_AYUDA_AUTORIDAD_PAREJA_FS,"Mujeres que han acudido al menos a una institución o autoridad en busca de ayuda, entre las mujeres que han sido alguna vez víctimas de violencia física y/o sexual infligida por su pareja",busqueda_de_ayuda,pareja,pareja,alguna_vez,mujeres víctimas de violencia física y/o sexual por pareja,Nayarit,2006,18.73,porcentaje,2006-01-01
data2.csv,ENDIREH_AYUDA_AUTORIDAD_PAREJA_FS,"Mujeres que han acudido al menos a una institución o autoridad en busca de ayuda, entre las mujeres que han sido alguna vez víctimas de violencia física y/o sexual infligida por su pareja",busqueda_de_ayuda,pareja,pareja,alguna_vez,mujeres víctimas de violencia física y/o sexual por pareja,Nuevo León,2006,24.95,porcentaje,2006-01-01
data2.csv,ENDIREH_AYUDA_AUTORIDAD_PAREJA_FS,"Mujeres que han acudido al menos a una institución o autoridad en busca de ayuda, entre las mujeres que han sido alguna vez víctimas de violencia física y/o sexual infligida por su pareja",busqueda_de_ayuda,pareja,pareja,alguna_vez,mujeres víctimas de violencia física y/o sexual por pareja,Oaxaca,2006,19.01,porcentaje,2006-01-01
data2.csv,ENDIREH_AYUDA_AUTORIDAD_PAREJA_FS,"Mujeres que han acudido al menos a una institución o autoridad en busca de ayuda, entre las mujeres que han sido alguna vez víctimas de violencia física y/o sexual infligida por su pareja",busqueda_de_ayuda,pareja,pareja,alguna_vez,mujeres víctimas de violencia física y/o sexual por pareja,Puebla,2006,17.63,porcentaje,2006-01-01
data2.csv,ENDIREH_AYUDA_AUTORIDAD_PAREJA_FS,"Mujeres que han acudido al menos a una institución o autoridad en busca de ayuda, entre las mujeres que han sido alguna vez víctimas de violencia física y/o sexual infligida por su pareja",busqueda_de_ayuda,pareja,pareja,alguna_vez,mujeres víctimas de violencia física y/o sexual por pareja,Querétaro,2006,23.81,porcentaje,2006-01-01
data2.csv,ENDIREH_AYUDA_AUTORIDAD_PAREJA_FS,"Mujeres que han acudido al menos a una institución o autoridad en busca de ayuda, entre las mujeres que han sido alguna vez víctimas de violencia física y/o sexual infligida por su pareja",busqueda_de_ayuda,pareja,pareja,alguna_vez,mujeres víctimas de violencia física y/o sexual por pareja,Quintana Roo,2006,30.95,porcentaje,2006-01-01
data2.csv,ENDIREH_AYUDA_AUTORIDAD_PAREJA_FS,"Mujeres que han acudido al menos a una institución o autoridad en busca de ayuda, entre las mujeres que han sido alguna vez víctimas de violencia física y/o sexual infligida por su pareja",busqueda_de_ayuda,pareja,pareja,alguna_vez,mujeres víctimas de violencia física y/o sexual por pareja,San Luis Potosí,2006,25.7,porcentaje,2006-01-01
data2.csv,ENDIREH_AYUDA_AUTORIDAD_PAREJA_FS,"Mujeres que han acudido al menos a una institución o autoridad en busca de ayuda, entre las mujeres que han sido alguna vez víctimas de violencia física y/o sexual infligida por su pareja",busqueda_de_ayuda,pareja,pareja,alguna_vez,mujeres víctimas de violencia física y/o sexual por pareja,Sinaloa,2006,15.09,porcentaje,2006-01-01
data2.csv,ENDIREH_AYUDA_AUTORIDAD_PAREJA_FS,"Mujeres que han acudido al menos a una institución o autoridad en busca de ayuda, entre las mujeres que han sido alguna vez víctimas de violencia física y/o sexual infligida por su pareja",busqueda_de_ayuda,pareja,pareja,alguna_vez,mujeres víctimas de violencia física y/o sexual por pareja,Sonora,2006,24.64,porcentaje,2006-01-01
data2.csv,ENDIREH_AYUDA_AUTORIDAD_PAREJA_FS,"Mujeres que han acudido al menos a una institución o autoridad en busca de ayuda, entre las mujeres que han sido alguna vez víctimas de violencia física y/o sexual infligida por su pareja",busqueda_de_ayuda,pareja,pareja,alguna_vez,mujeres víctimas de violencia física y/o sexual por pareja,Tabasco,2006,29.88,porcentaje,2006-01-01
data2.csv,ENDIREH_AYUDA_AUTORIDAD_PAREJA_FS,"Mujeres que han acudido al menos a una institución o autoridad en busca de ayuda, entre las mujeres que han sido alguna vez víctimas de violencia física y/o sexual infligida por su pareja",busqueda_de_ayuda,pareja,pareja,alguna_vez,mujeres víctimas de violencia física y/o sexual por pareja,Tamaulipas,2006,25.47,porcentaje,2006-01-01
data2.csv,ENDIREH_AYUDA_AUTORIDAD_PAREJA_FS,"Mujeres que han acudido al menos a una institución o autoridad en busca de ayuda, entre las mujeres que han sido alguna vez víctimas de violencia física y/o sexual infligida por su pareja",busqueda_de_ayuda,pareja,pareja,alguna_vez,mujeres víctimas de violencia física y/o sexual por pareja,Tlaxcala,2006,22.61,porcentaje,2006-01-01
data2.csv,ENDIREH_AYUDA_AUTORIDAD_PAREJA_FS,"Mujeres que han acudido al menos a una institución o autoridad en busca de ayuda, entre las mujeres que han sido alguna vez víctimas de violencia física y/o sexual infligida por su pareja",busqueda_de_ayuda,pareja,pareja,alguna_vez,mujeres víctimas de violencia física y/o sexual por pareja,Veracruz,2006,20.35,porcentaje,2006-01-01
data2.csv,ENDIREH_AYUDA_AUTORIDAD_PAREJA_FS,"Mujeres que han acudido al menos a una institución o autoridad en busca de ayuda, entre las mujeres que han sido alguna vez víctimas de violencia física y/o sexual infligida por su pareja",busqueda_de_ayuda,pareja,pareja,alguna_vez,mujeres víctimas de violencia física y/o sexual por pareja,Yucatán,2006,27.99,porcentaje,2006-01-01
data2.csv,ENDIREH_AYUDA_AUTORIDAD_PAREJA_FS,"Mujeres que han acudido al menos a una institución o autoridad en busca de ayuda, entre las mujeres que han sido alguna vez víctimas de violencia física y/o sexual infligida por su pareja",busqueda_de_ayuda,pareja,pareja,alguna_vez,mujeres víctimas de violencia física y/o sexual por pareja,Zacatecas,2006,20.6,porcentaje,2006-01-01
data2.csv,ENDIREH_AYUDA_AUTORIDAD_PAREJA_FS,"Mujeres que han acudido al menos a una institución o autoridad en busca de ayuda, entre las mujeres que han sido alguna vez víctimas de violencia física y/o sexual infligida por su pareja",busqueda_de_ayuda,pareja,pareja,alguna_vez,mujeres víctimas de violencia física y/o sexual por pareja,Aguascalientes,2011,22.43,porcentaje,2011-01-01
data2.csv,ENDIREH_AYUDA_AUTORIDAD_PAREJA_FS,"Mujeres que han acudido al menos a una institución o autoridad en busca de ayuda, entre las mujeres que han sido alguna vez víctimas de violencia física y/o sexual infligida por su pareja",busqueda_de_ayuda,pareja,pareja,alguna_vez,mujeres víctimas de violencia física y/o sexual por pareja,Baja California,2011,27.07,porcentaje,2011-01-01
data2.csv,ENDIREH_AYUDA_AUTORIDAD_PAREJA_FS,"Mujeres que han acudido al menos a una institución o autoridad en busca de ayuda, entre las mujeres que han sido alguna vez víctimas de violencia física y/o sexual infligida por su pareja",busqueda_de_ayuda,pareja,pareja,alguna_vez,mujeres víctimas de violencia física y/o sexual por pareja,Baja California Sur,2011,19.5,porcentaje,2011-01-01
data2.csv,ENDIREH_AYUDA_AUTORIDAD_PAREJA_FS,"Mujeres que han acudido al menos a una institución o autoridad en busca de ayuda, entre las mujeres que han sido alguna vez víctimas de violencia física y/o sexual infligida por su pareja",busqueda_de_ayuda,pareja,pareja,alguna_vez,mujeres víctimas de violencia física y/o sexual por pareja,Campeche,2011,24.97,porcentaje,2011-01-01
data2.csv,ENDIREH_AYUDA_AUTORIDAD_PAREJA_FS,"Mujeres que han acudido al menos a una institución o autoridad en busca de ayuda, entre las mujeres que han sido alguna vez víctimas de violencia física y/o sexual infligida por su pareja",busqueda_de_ayuda,pareja,pareja,alguna_vez,mujeres víctimas de violencia física y/o sexual por pareja,Coahuila,2011,22.01,porcentaje,2011-01-01
data2.csv,ENDIREH_AYUDA_AUTORIDAD_PAREJA_FS,"Mujeres que han acudido al menos a una institución o autoridad en busca de ayuda, entre las mujeres que han sido alguna vez víctimas de violencia física y/o sexual infligida por su pareja",busqueda_de_ayuda,pareja,pareja,alguna_vez,mujeres víctimas de violencia física y/o sexual por pareja,Colima,2011,24.92,porcentaje,2011-01-01
data2.csv,ENDIREH_AYUDA_AUTORIDAD_PAREJA_FS,"Mujeres que han acudido al menos a una institución o autoridad en busca de ayuda, entre las mujeres que han sido alguna vez víctimas de violencia física y/o sexual infligida por su pareja",busqueda_de_ayuda,pareja,pareja,alguna_vez,mujeres víctimas de violencia física y/o sexual por pareja,Chiapas,2011,21.88,porcentaje,2011-01-01
data2.csv,ENDIREH_AYUDA_AUTORIDAD_PAREJA_FS,"Mujeres que han acudido al menos a una institución o autoridad en busca de ayuda, entre las mujeres que han sido alguna vez víctimas de violencia física y/o sexual infligida por su pareja",busqueda_de_ayuda,pareja,pareja,alguna_vez,mujeres víctimas de violencia física y/o sexual por pareja,Chihuahua,2011,24.84,porcentaje,2011-01-01
data2.csv,ENDIREH_AYUDA_AUTORIDAD_PAREJA_FS,"Mujeres que han acudido al menos a una institución o autoridad en busca de ayuda, entre las mujeres que han sido alguna vez víctimas de violencia física y/o sexual infligida por su pareja",busqueda_de_ayuda,pareja,pareja,alguna_vez,mujeres víctimas de violencia física y/o sexual por pareja,Ciudad de México,2011,23.87,porcentaje,2011-01-01
data2.csv,ENDIREH_AYUDA_AUTORIDAD_PAREJA_FS,"Mujeres que han acudido al menos a una institución o autoridad en busca de ayuda, entre las mujeres que han sido alguna vez víctimas de violencia física y/o sexual infligida por su pareja",busqueda_de_ayuda,pareja,pareja,alguna_vez,mujeres víctimas de violencia física y/o sexual por pareja,Durango,2011,17.59,porcentaje,2011-01-01
data2.csv,ENDIREH_AYUDA_AUTORIDAD_PAREJA_FS,"Mujeres que han acudido al menos a una institución o autoridad en busca de ayuda, entre las mujeres que han sido alguna vez víctimas de violencia física y/o sexual infligida por su pareja",busqueda_de_ayuda,pareja,pareja,alguna_vez,mujeres víctimas de violencia física y/o sexual por pareja,Guanajuato,2011,20.63,porcentaje,2011-01-01
data2.csv,ENDIREH_AYUDA_AUTORIDAD_PAREJA_FS,"Mujeres que han acudido al menos a una institución o autoridad en busca de ayuda, entre las mujeres que han sido alguna vez víctimas de violencia física y/o sexual infligida por su pareja",busqueda_de_ayuda,pareja,pareja,alguna_vez,mujeres víctimas de violencia física y/o sexual por pareja,Guerrero,2011,15.04,porcentaje,2011-01-01
data2.csv,ENDIREH_AYUDA_AUTORIDAD_PAREJA_FS,"Mujeres que han acudido al menos a una institución o autoridad en busca de ayuda, entre las mujeres que han sido alguna vez víctimas de violencia física y/o sexual infligida por su pareja",busqueda_de_ayuda,pareja,pareja,alguna_vez,mujeres víctimas de violencia física y/o sexual por pareja,Hidalgo,2011,23.51,porcentaje,2011-01-01
data2.csv,ENDIREH_AYUDA_AUTORIDAD_PAREJA_FS,"Mujeres que han acudido al menos a una institución o autoridad en busca de ayuda, entre las mujeres que han sido alguna vez víctimas de violencia física y/o sexual infligida por su pareja",busqueda_de_ayuda,pareja,pareja,alguna_vez,mujeres víctimas de violencia física y/o sexual por pareja,Jalisco,2011,19.53,porcentaje,2011-01-01
data2.csv,ENDIREH_AYUDA_AUTORIDAD_PAREJA_FS,"Mujeres que han acudido al menos a una institución o autoridad en busca de ayuda, entre las mujeres que han sido alguna vez víctimas de violencia física y/o sexual infligida por su pareja",busqueda_de_ayuda,pareja,pareja,alguna_vez,mujeres víctimas de violencia física y/o sexual por pareja,Estado de México,2011,20.91,porcentaje,2011-01-01
data2.csv,ENDIREH_AYUDA_AUTORIDAD_PAREJA_FS,"Mujeres que han acudido al menos a una institución o autoridad en busca de ayuda, entre las mujeres que han sido alguna vez víctimas de violencia física y/o sexual infligida por su pareja",busqueda_de_ayuda,pareja,pareja,alguna_vez,mujeres víctimas de violencia física y/o sexual por pareja,Michoacán de Ocampo,2011,16.74,porcentaje,2011-01-01
data2.csv,ENDIREH_AYUDA_AUTORIDAD_PAREJA_FS,"Mujeres que han acudido al menos a una institución o autoridad en busca de ayuda, entre las mujeres que han sido alguna vez víctimas de violencia física y/o sexual infligida por su pareja",busqueda_de_ayuda,pareja,pareja,alguna_vez,mujeres víctimas de violencia física y/o sexual por pareja,Morelos,2011,22.18,porcentaje,2011-01-01
data2.csv,ENDIREH_AYUDA_AUTORIDAD_PAREJA_FS,"Mujeres que han acudido al menos a una institución o autoridad en busca de ayuda, entre las mujeres que han sido alguna vez víctimas de violencia física y/o sexual infligida por su pareja",busqueda_de_ayuda,pareja,pareja,alguna_vez,mujeres víctimas de violencia física y/o sexual por pareja,Nayarit,2011,17.37,porcentaje,2011-01-01
data2.csv,ENDIREH_AYUDA_AUTORIDAD_PAREJA_FS,"Mujeres que han acudido al menos a una institución o autoridad en busca de ayuda, entre las mujeres que han sido alguna vez víctimas de violencia física y/o sexual infligida por su pareja",busqueda_de_ayuda,pareja,pareja,alguna_vez,mujeres víctimas de violencia física y/o sexual por pareja,Nuevo León,2011,31.09,porcentaje,2011-01-01
data2.csv,ENDIREH_AYUDA_AUTORIDAD_PAREJA_FS,"Mujeres que han acudido al menos a una institución o autoridad en busca de ayuda, entre las mujeres que han sido alguna vez víctimas de violencia física y/o sexual infligida por su pareja",busqueda_de_ayuda,pareja,pareja,alguna_vez,mujeres víctimas de violencia física y/o sexual por pareja,Oaxaca,2011,21.53,porcentaje,2011-01-01
data2.csv,ENDIREH_AYUDA_AUTORIDAD_PAREJA_FS,"Mujeres que han acudido al menos a una institución o autoridad en busca de ayuda, entre las mujeres que han sido alguna vez víctimas de violencia física y/o sexual infligida por su pareja",busqueda_de_ayuda,pareja,pareja,alguna_vez,mujeres víctimas de violencia física y/o sexual por pareja,Puebla,2011,21.6,porcentaje,2011-01-01
data2.csv,ENDIREH_AYUDA_AUTORIDAD_PAREJA_FS,"Mujeres que han acudido al menos a una institución o autoridad en busca de ayuda, entre las mujeres que han sido alguna vez víctimas de violencia física y/o sexual infligida por su pareja",busqueda_de_ayuda,pareja,pareja,alguna_vez,mujeres víctimas de violencia física y/o sexual por pareja,Querétaro,2011,24.9,porcentaje,2011-01-01
data2.csv,ENDIREH_AYUDA_AUTORIDAD_PAREJA_FS,"Mujeres que han acudido al menos a una institución o autoridad en busca de ayuda, entre las mujeres que han sido alguna vez víctimas de violencia física y/o sexual infligida por su pareja",busqueda_de_ayuda,pareja,pareja,alguna_vez,mujeres víctimas de violencia física y/o sexual por pareja,Quintana Roo,2011,27.81,porcentaje,2011-01-01
data2.csv,ENDIREH_AYUDA_AUTORIDAD_PAREJA_FS,"Mujeres que han acudido al menos a una institución o autoridad en busca de ayuda, entre las mujeres que han sido alguna vez víctimas de violencia física y/o sexual infligida por su pareja",busqueda_de_ayuda,pareja,pareja,alguna_vez,mujeres víctimas de violencia física y/o sexual por pareja,San Luis Potosí,2011,22.2,porcentaje,2011-01-01
data2.csv,ENDIREH_AYUDA_AUTORIDAD_PAREJA_FS,"Mujeres que han acudido al menos a una institución o autoridad en busca de ayuda, entre las mujeres que han sido alguna vez víctimas de violencia física y/o sexual infligida por su pareja",busqueda_de_ayuda,pareja,pareja,alguna_vez,mujeres víctimas de violencia física y/o sexual por pareja,Sinaloa,2011,20.77,porcentaje,2011-01-01
data2.csv,ENDIREH_AYUDA_AUTORIDAD_PAREJA_FS,"Mujeres que han acudido al menos a una institución o autoridad en busca de ayuda, entre las mujeres que han sido alguna vez víctimas de violencia física y/o sexual infligida por su pareja",busqueda_de_ayuda,pareja,pareja,alguna_vez,mujeres víctimas de violencia física y/o sexual por pareja,Sonora,2011,26.06,porcentaje,2011-01-01
data2.csv,ENDIREH_AYUDA_AUTORIDAD_PAREJA_FS,"Mujeres que han acudido al menos a una institución o autoridad en busca de ayuda, entre las mujeres que han sido alguna vez víctimas de violencia física y/o sexual infligida por su pareja",busqueda_de_ayuda,pareja,pareja,alguna_vez,mujeres víctimas de violencia física y/o sexual por pareja,Tabasco,2011,29.42,porcentaje,2011-01-01
data2.csv,ENDIREH_AYUDA_AUTORIDAD_PAREJA_FS,"Mujeres que han acudido al menos a una institución o autoridad en busca de ayuda, entre las mujeres que han sido alguna vez víctimas de violencia física y/o sexual infligida por su pareja",busqueda_de_ayuda,pareja,pareja,alguna_vez,mujeres víctimas de violencia física y/o sexual por pareja,Tamaulipas,2011,24.46,porcentaje,2011-01-01
data2.csv,ENDIREH_AYUDA_AUTORIDAD_PAREJA_FS,"Mujeres que han acudido al menos a una institución o autoridad en busca de ayuda, entre las mujeres que han sido alguna vez víctimas de violencia física y/o sexual infligida por su pareja",busqueda_de_ayuda,pareja,pareja,alguna_vez,mujeres víctimas de violencia física y/o sexual por pareja,Tlaxcala,2011,20.5,porcentaje,2011-01-01
data2.csv,ENDIREH_AYUDA_AUTORIDAD_PAREJA_FS,"Mujeres que han acudido al menos a una institución o autoridad en busca de ayuda, entre las mujeres que han sido alguna vez víctimas de violencia física y/o sexual infligida por su pareja",busqueda_de_ayuda,pareja,pareja,alguna_vez,mujeres víctimas de violencia física y/o sexual por pareja,Veracruz,2011,22.22,porcentaje,2011-01-01
data2.csv,ENDIREH_AYUDA_AUTORIDAD_PAREJA_FS,"Mujeres que han acudido al menos a una institución o autoridad en busca de ayuda, entre las mujeres que han sido alguna vez víctimas de violencia física y/o sexual infligida por su pareja",busqueda_de_ayuda,pareja,pareja,alguna_vez,mujeres víctimas de violencia física y/o sexual por pareja,Yucatán,2011,28.47,porcentaje,2011-01-01
data2.csv,ENDIREH_AYUDA_AUTORIDAD_PAREJA_FS,"Mujeres que han acudido al menos a una institución o autoridad en busca de ayuda, entre las mujeres que han sido alguna vez víctimas de violencia física y/o sexual infligida por su pareja",busqueda_de_ayuda,pareja,pareja,alguna_vez,mujeres víctimas de violencia física y/o sexual por pareja,Zacatecas,2011,19.95,porcentaje,2011-01-01
data2.csv,ENDIREH_AYUDA_AUTORIDAD_PAREJA_FS,"Mujeres que han acudido al menos a una institución o autoridad en busca de ayuda, entre las mujeres que han sido alguna vez víctimas de violencia física y/o sexual infligida por su pareja",busqueda_de_ayuda,pareja,pareja,alguna_vez,mujeres víctimas de violencia física y/o sexual por pareja,Aguascalientes,2016,10.88,porcentaje,2016-01-01
data2.csv,ENDIREH_AYUDA_AUTORIDAD_PAREJA_FS,"Mujeres que han acudido al menos a una institución o autoridad en busca de ayuda, entre las mujeres que han sido alguna vez víctimas de violencia física y/o sexual infligida por su pareja",busqueda_de_ayuda,pareja,pareja,alguna_vez,mujeres víctimas de violencia física y/o sexual por pareja,Baja California,2016,15.47,porcentaje,2016-01-01
data2.csv,ENDIREH_AYUDA_AUTORIDAD_PAREJA_FS,"Mujeres que han acudido al menos a una institución o autoridad en busca de ayuda, entre las mujeres que han sido alguna vez víctimas de violencia física y/o sexual infligida por su pareja",busqueda_de_ayuda,pareja,pareja,alguna_vez,mujeres víctimas de violencia física y/o sexual por pareja,Baja California Sur,2016,12.46,porcentaje,2016-01-01
data2.csv,ENDIREH_AYUDA_AUTORIDAD_PAREJA_FS,"Mujeres que han acudido al menos a una institución o autoridad en busca de ayuda, entre las mujeres que han sido alguna vez víctimas de violencia física y/o sexual infligida por su pareja",busqueda_de_ayuda,pareja,pareja,alguna_vez,mujeres víctimas de violencia física y/o sexual por pareja,Campeche,2016,15.22,porcentaje,2016-01-01
data2.csv,ENDIREH_AYUDA_AUTORIDAD_PAREJA_FS,"Mujeres que han acudido al menos a una institución o autoridad en busca de ayuda, entre las mujeres que han sido alguna vez víctimas de violencia física y/o sexual infligida por su pareja",busqueda_de_ayuda,pareja,pareja,alguna_vez,mujeres víctimas de violencia física y/o sexual por pareja,Coahuila,2016,11.46,porcentaje,2016-01-01
data2.csv,ENDIREH_AYUDA_AUTORIDAD_PAREJA_FS,"Mujeres que han acudido al menos a una institución o autoridad en busca de ayuda, entre las mujeres que han sido alguna vez víctimas de violencia física y/o sexual infligida por su pareja",busqueda_de_ayuda,pareja,pareja,alguna_vez,mujeres víctimas de violencia física y/o sexual por pareja,Colima,2016,11.38,porcentaje,2016-01-01
data2.csv,ENDIREH_AYUDA_AUTORIDAD_PAREJA_FS,"Mujeres que han acudido al menos a una institución o autoridad en busca de ayuda, entre las mujeres que han sido alguna vez víctimas de violencia física y/o sexual infligida por su pareja",busqueda_de_ayuda,pareja,pareja,alguna_vez,mujeres víctimas de violencia física y/o sexual por pareja,Chiapas,2016,12.83,porcentaje,2016-01-01
data2.csv,ENDIREH_AYUDA_AUTORIDAD_PAREJA_FS,"Mujeres que han acudido al menos a una institución o autoridad en busca de ayuda, entre las mujeres que han sido alguna vez víctimas de violencia física y/o sexual infligida por su pareja",busqueda_de_ayuda,pareja,pareja,alguna_vez,mujeres víctimas de violencia física y/o sexual por pareja,Chihuahua,2016,10.52,porcentaje,2016-01-01
data2.csv,ENDIREH_AYUDA_AUTORIDAD_PAREJA_FS,"Mujeres que han acudido al menos a una institución o autoridad en busca de ayuda, entre las mujeres que han sido alguna vez víctimas de violencia física y/o sexual infligida por su pareja",busqueda_de_ayuda,pareja,pareja,alguna_vez,mujeres víctimas de violencia física y/o sexual por pareja,Ciudad de México,2016,14.38,porcentaje,2016-01-01
data2.csv,ENDIREH_AYUDA_AUTORIDAD_PAREJA_FS,"Mujeres que han acudido al menos a una institución o autoridad en busca de ayuda, entre las mujeres que han sido alguna vez víctimas de violencia física y/o sexual infligida por su pareja",busqueda_de_ayuda,pareja,pareja,alguna_vez,mujeres víctimas de violencia física y/o sexual por pareja,Durango,2016,7.79,porcentaje,2016-01-01
data2.csv,ENDIREH_AYUDA_AUTORIDAD_PAREJA_FS,"Mujeres que han acudido al menos a una institución o autoridad en busca de ayuda, entre las mujeres que han sido alguna vez víctimas de violencia física y/o sexual infligida por su pareja",busqueda_de_ayuda,pareja,pareja,alguna_vez,mujeres víctimas de violencia física y/o sexual por pareja,Guanajuato,2016,11.17,porcentaje,2016-01-01
data2.csv,ENDIREH_AYUDA_AUTORIDAD_PAREJA_FS,"Mujeres que han acudido al menos a una institución o autoridad en busca de ayuda, entre las mujeres que han sido alguna vez víctimas de violencia física y/o sexual infligida por su pareja",busqueda_de_ayuda,pareja,pareja,alguna_vez,mujeres víctimas de violencia física y/o sexual por pareja,Guerrero,2016,12.28,porcentaje,2016-01-01
data2.csv,ENDIREH_AYUDA_AUTORIDAD_PAREJA_FS,"Mujeres que han acudido al menos a una institución o autoridad en busca de ayuda, entre las mujeres que han sido alguna vez víctimas de violencia física y/o sexual infligida por su pareja",busqueda_de_ayuda,pareja,pareja,alguna_vez,mujeres víctimas de violencia física y/o sexual por pareja,Hidalgo,2016,12.61,porcentaje,2016-01-01
data2.csv,ENDIREH_AYUDA_AUTORIDAD_PAREJA_FS,"Mujeres que han acudido al menos a una institución o autoridad en busca de ayuda, entre las mujeres que han sido alguna vez víctimas de violencia física y/o sexual infligida por su pareja",busqueda_de_ayuda,pareja,pareja,alguna_vez,mujeres víctimas de violencia física y/o sexual por pareja,Jalisco,2016,10.15,porcentaje,2016-01-01
data2.csv,ENDIREH_AYUDA_AUTORIDAD_PAREJA_FS,"Mujeres que han acudido al menos a una institución o autoridad en busca de ayuda, entre las mujeres que han sido alguna vez víctimas de violencia física y/o sexual infligida por su pareja",busqueda_de_ayuda,pareja,pareja,alguna_vez,mujeres víctimas de violencia física y/o sexual por pareja,Estado de México,2016,10.58,porcentaje,2016-01-01
data2.csv,ENDIREH_AYUDA_AUTORIDAD_PAREJA_FS,"Mujeres que han acudido al menos a una institución o autoridad en busca de ayuda, entre las mujeres que han sido alguna vez víctimas de violencia física y/o sexual infligida por su pareja",busqueda_de_ayuda,pareja,pareja,alguna_vez,mujeres víctimas de violencia física y/o sexual por pareja,Michoacán de Ocampo,2016,10.54,porcentaje,2016-01-01
data2.csv,ENDIREH_AYUDA_AUTORIDAD_PAREJA_FS,"Mujeres que han acudido al menos a una institución o autoridad en busca de ayuda, entre las mujeres que han sido alguna vez víctimas de violencia física y/o sexual infligida por su pareja",busqueda_de_ayuda,pareja,pareja,alguna_vez,mujeres víctimas de violencia física y/o sexual por pareja,Morelos,2016,10.59,porcentaje,2016-01-01
data2.csv,ENDIREH_AYUDA_AUTORIDAD_PAREJA_FS,"Mujeres que han acudido al menos a una institución o autoridad en busca de ayuda, entre las mujeres que han sido alguna vez víctimas de violencia física y/o sexual infligida por su pareja",busqueda_de_ayuda,pareja,pareja,alguna_vez,mujeres víctimas de violencia física y/o sexual por pareja,Nayarit,2016,8.15,porcentaje,2016-01-01
data2.csv,ENDIREH_AYUDA_AUTORIDAD_PAREJA_FS,"Mujeres que han acudido al menos a una institución o autoridad en busca de ayuda, entre las mujeres que han sido alguna vez víctimas de violencia física y/o sexual infligida por su pareja",busqueda_de_ayuda,pareja,pareja,alguna_vez,mujeres víctimas de violencia física y/o sexual por pareja,Nuevo León,2016,16.0,porcentaje,2016-01-01
data2.csv,ENDIREH_AYUDA_AUTORIDAD_PAREJA_FS,"Mujeres que han acudido al menos a una institución o autoridad en busca de ayuda, entre las mujeres que han sido alguna vez víctimas de violencia física y/o sexual infligida por su pareja",busqueda_de_ayuda,pareja,pareja,alguna_vez,mujeres víctimas de violencia física y/o sexual por pareja,Oaxaca,2016,11.21,porcentaje,2016-01-01
data2.csv,ENDIREH_AYUDA_AUTORIDAD_PAREJA_FS,"Mujeres que han acudido al menos a una institución o autoridad en busca de ayuda, entre las mujeres que han sido alguna vez víctimas de violencia física y/o sexual infligida por su pareja",busqueda_de_ayuda,pareja,pareja,alguna_vez,mujeres víctimas de violencia física y/o sexual por pareja,Puebla,2016,11.38,porcentaje,2016-01-01
data2.csv,ENDIREH_AYUDA_AUTORIDAD_PAREJA_FS,"Mujeres que han acudido al menos a una institución o autoridad en busca de ayuda, entre las mujeres que han sido alguna vez víctimas de violencia física y/o sexual infligida por su pareja",busqueda_de_ayuda,pareja,pareja,alguna_vez,mujeres víctimas de violencia física y/o sexual por pareja,Querétaro,2016,13.91,porcentaje,2016-01-01
data2.csv,ENDIREH_AYUDA_AUTORIDAD_PAREJA_FS,"Mujeres que han acudido al menos a una institución o autoridad en busca de ayuda, entre las mujeres que han sido alguna vez víctimas de violencia física y/o sexual infligida por su pareja",busqueda_de_ayuda,pareja,pareja,alguna_vez,mujeres víctimas de violencia física y/o sexual por pareja,Quintana Roo,2016,13.67,porcentaje,2016-01-01
data2.csv,ENDIREH_AYUDA_AUTORIDAD_PAREJA_FS,"Mujeres que han acudido al menos a una institución o autoridad en busca de ayuda, entre las mujeres que han sido alguna vez víctimas de violencia física y/o sexual infligida por su pareja",busqueda_de_ayuda,pareja,pareja,alguna_vez,mujeres víctimas de violencia física y/o sexual por pareja,San Luis Potosí,2016,10.8,porcentaje,2016-01-01
data2.csv,ENDIREH_AYUDA_AUTORIDAD_PAREJA_FS,"Mujeres que han acudido al menos a una institución o autoridad en busca de ayuda, entre las mujeres que han sido alguna vez víctimas de violencia física y/o sexual infligida por su pareja",busqueda_de_ayuda,pareja,pareja,alguna_vez,mujeres víctimas de violencia física y/o sexual por pareja,Sinaloa,2016,10.09,porcentaje,2016-01-01
data2.csv,ENDIREH_AYUDA_AUTORIDAD_PAREJA_FS,"Mujeres que han acudido al menos a una institución o autoridad en busca de ayuda, entre las mujeres que han sido alguna vez víctimas de violencia física y/o sexual infligida por su pareja",busqueda_de_ayuda,pareja,pareja,alguna_vez,mujeres víctimas de violencia física y/o sexual por pareja,Sonora,2016,12.68,porcentaje,2016-01-01
data2.csv,ENDIREH_AYUDA_AUTORIDAD_PAREJA_FS,"Mujeres que han acudido al menos a una institución o autoridad en busca de ayuda, entre las mujeres que han sido alguna vez víctimas de violencia física y/o sexual infligida por su pareja",busqueda_de_ayuda,pareja,pareja,alguna_vez,mujeres víctimas de violencia física y/o sexual por pareja,Tabasco,2016,15.99,porcentaje,2016-01-01
data2.csv,ENDIREH_AYUDA_AUTORIDAD_PAREJA_FS,"Mujeres que han acudido al menos a una institución o autoridad en busca de ayuda, entre las mujeres que han sido alguna vez víctimas de violencia física y/o sexual infligida por su pareja",busqueda_de_ayuda,pareja,pareja,alguna_vez,mujeres víctimas de violencia física y/o sexual por pareja,Tamaulipas,2016,11.63,porcentaje,2016-01-01
data2.csv,ENDIREH_AYUDA_AUTORIDAD_PAREJA_FS,"Mujeres que han acudido al menos a una institución o autoridad en busca de ayuda, entre las mujeres que han sido alguna vez víctimas de violencia física y/o sexual infligida por su pareja",busqueda_de_ayuda,pareja,pareja,alguna_vez,mujeres víctimas de violencia física y/o sexual por pareja,Tlaxcala,2016,12.4,porcentaje,2016-01-01
data2.csv,ENDIREH_AYUDA_AUTORIDAD_PAREJA_FS,"Mujeres que han acudido al menos a una institución o autoridad en busca de ayuda, entre las mujeres que han sido alguna vez víctimas de violencia física y/o sexual infligida por su pareja",busqueda_de_ayuda,pareja,pareja,alguna_vez,mujeres víctimas de violencia física y/o sexual por pareja,Veracruz,2016,8.09,porcentaje,2016-01-01
data2.csv,ENDIREH_AYUDA_AUTORIDAD_PAREJA_FS,"Mujeres que han acudido al menos a una institución o autoridad en busca de ayuda, entre las mujeres que han sido alguna vez víctimas de violencia física y/o sexual infligida por su pareja",busqueda_de_ayuda,pareja,pareja,alguna_vez,mujeres víctimas de violencia física y/o sexual por pareja,Yucatán,2016,14.94,porcentaje,2016-01-01
data2.csv,ENDIREH_AYUDA_AUTORIDAD_PAREJA_FS,"Mujeres que han acudido al menos a una institución o autoridad en busca de ayuda, entre las mujeres que han sido alguna vez víctimas de violencia física y/o sexual infligida por su pareja",busqueda_de_ayuda,pareja,pareja,alguna_vez,mujeres víctimas de violencia física y/o sexual por pareja,Zacatecas,2016,9.56,porcentaje,2016-01-01
data2.csv,ENDIREH_AYUDA_AUTORIDAD_PAREJA_FS,"Mujeres que han acudido al menos a una institución o autoridad en busca de ayuda, entre las mujeres que han sido alguna vez víctimas de violencia física y/o sexual infligida por su pareja",busqueda_de_ayuda,pareja,pareja,alguna_vez,mujeres víctimas de violencia física y/o sexual por pareja,Aguascalientes,2021,12.43,porcentaje,2021-01-01
data2.csv,ENDIREH_AYUDA_AUTORIDAD_PAREJA_FS,"Mujeres que han acudido al menos a una institución o autoridad en busca de ayuda, entre las mujeres que han sido alguna vez víctimas de violencia física y/o sexual infligida por su pareja",busqueda_de_ayuda,pareja,pareja,alguna_vez,mujeres víctimas de violencia física y/o sexual por pareja,Baja California,2021,16.32,porcentaje,2021-01-01
data2.csv,ENDIREH_AYUDA_AUTORIDAD_PAREJA_FS,"Mujeres que han acudido al menos a una institución o autoridad en busca de ayuda, entre las mujeres que han sido alguna vez víctimas de violencia física y/o sexual infligida por su pareja",busqueda_de_ayuda,pareja,pareja,alguna_vez,mujeres víctimas de violencia física y/o sexual por pareja,Baja California Sur,2021,19.75,porcentaje,2021-01-01
data2.csv,ENDIREH_AYUDA_AUTORIDAD_PAREJA_FS,"Mujeres que han acudido al menos a una institución o autoridad en busca de ayuda, entre las mujeres que han sido alguna vez víctimas de violencia física y/o sexual infligida por su pareja",busqueda_de_ayuda,pareja,pareja,alguna_vez,mujeres víctimas de violencia física y/o sexual por pareja,Campeche,2021,16.56,porcentaje,2021-01-01
data2.csv,ENDIREH_AYUDA_AUTORIDAD_PAREJA_FS,"Mujeres que han acudido al menos a una institución o autoridad en busca de ayuda, entre las mujeres que han sido alguna vez víctimas de violencia física y/o sexual infligida por su pareja",busqueda_de_ayuda,pareja,pareja,alguna_vez,mujeres víctimas de violencia física y/o sexual por pareja,Coahuila,2021,15.11,porcentaje,2021-01-01
data2.csv,ENDIREH_AYUDA_AUTORIDAD_PAREJA_FS,"Mujeres que han acudido al menos a una institución o autoridad en busca de ayuda, entre las mujeres que han sido alguna vez víctimas de violencia física y/o sexual infligida por su pareja",busqueda_de_ayuda,pareja,pareja,alguna_vez,mujeres víctimas de violencia física y/o sexual por pareja,Colima,2021,17.5,porcentaje,2021-01-01
data2.csv,ENDIREH_AYUDA_AUTORIDAD_PAREJA_FS,"Mujeres que han acudido al menos a una institución o autoridad en busca de ayuda, entre las mujeres que han sido alguna vez víctimas de violencia física y/o sexual infligida por su pareja",busqueda_de_ayuda,pareja,pareja,alguna_vez,mujeres víctimas de violencia física y/o sexual por pareja,Chiapas,2021,11.24,porcentaje,2021-01-01
data2.csv,ENDIREH_AYUDA_AUTORIDAD_PAREJA_FS,"Mujeres que han acudido al menos a una institución o autoridad en busca de ayuda, entre las mujeres que han sido alguna vez víctimas de violencia física y/o sexual infligida por su pareja",busqueda_de_ayuda,pareja,pareja,alguna_vez,mujeres víctimas de violencia física y/o sexual por pareja,Chihuahua,2021,10.56,porcentaje,2021-01-01
data2.csv,ENDIREH_AYUDA_AUTORIDAD_PAREJA_FS,"Mujeres que han acudido al menos a una institución o autoridad en busca de ayuda, entre las mujeres que han sido alguna vez víctimas de violencia física y/o sexual infligida por su pareja",busqueda_de_ayuda,pareja,pareja,alguna_vez,mujeres víctimas de violencia física y/o sexual por pareja,Ciudad de México,2021,15.38,porcentaje,2021-01-01
data2.csv,ENDIREH_AYUDA_AUTORIDAD_PAREJA_FS,"Mujeres que han acudido al menos a una institución o autoridad en busca de ayuda, entre las mujeres que han sido alguna vez víctimas de violencia física y/o sexual infligida por su pareja",busqueda_de_ayuda,pareja,pareja,alguna_vez,mujeres víctimas de violencia física y/o sexual por pareja,Durango,2021,12.59,porcentaje,2021-01-01
data2.csv,ENDIREH_AYUDA_AUTORIDAD_PAREJA_FS,"Mujeres que han acudido al menos a una institución o autoridad en busca de ayuda, entre las mujeres que han sido alguna vez víctimas de violencia física y/o sexual infligida por su pareja",busqueda_de_ayuda,pareja,pareja,alguna_vez,mujeres víctimas de violencia física y/o sexual por pareja,Guanajuato,2021,13.36,porcentaje,2021-01-01
data2.csv,ENDIREH_AYUDA_AUTORIDAD_PAREJA_FS,"Mujeres que han acudido al menos a una institución o autoridad en busca de ayuda, entre las mujeres que han sido alguna vez víctimas de violencia física y/o sexual infligida por su pareja",busqueda_de_ayuda,pareja,pareja,alguna_vez,mujeres víctimas de violencia física y/o sexual por pareja,Guerrero,2021,10.15,porcentaje,2021-01-01
data2.csv,ENDIREH_AYUDA_AUTORIDAD_PAREJA_FS,"Mujeres que han acudido al menos a una institución o autoridad en busca de ayuda, entre las mujeres que han sido alguna vez víctimas de violencia física y/o sexual infligida por su pareja",busqueda_de_ayuda,pareja,pareja,alguna_vez,mujeres víctimas de violencia física y/o sexual por pareja,Hidalgo,2021,19.08,porcentaje,2021-01-01
data2.csv,ENDIREH_AYUDA_AUTORIDAD_PAREJA_FS,"Mujeres que han acudido al menos a una institución o autoridad en busca de ayuda, entre las mujeres que han sido alguna vez víctimas de violencia física y/o sexual infligida por su pareja",busqueda_de_ayuda,pareja,pareja,alguna_vez,mujeres víctimas de violencia física y/o sexual por pareja,Jalisco,2021,14.92,porcentaje,2021-01-01
data2.csv,ENDIREH_AYUDA_AUTORIDAD_PAREJA_FS,"Mujeres que han acudido al menos a una institución o autoridad en busca de ayuda, entre las mujeres que han sido alguna vez víctimas de violencia física y/o sexual infligida por su pareja",busqueda_de_ayuda,pareja,pareja,alguna_vez,mujeres víctimas de violencia física y/o sexual por pareja,Estado de México,2021,11.77,porcentaje,2021-01-01
data2.csv,ENDIREH_AYUDA_AUTORIDAD_PAREJA_FS,"Mujeres que han acudido al menos a una institución o autoridad en busca de ayuda, entre las mujeres que han sido alguna vez víctimas de violencia física y/o sexual infligida por su pareja",busqueda_de_ayuda,pareja,pareja,alguna_vez,mujeres víctimas de violencia física y/o sexual por pareja,Michoacán de Ocampo,2021,9.82,porcentaje,2021-01-01
data2.csv,ENDIREH_AYUDA_AUTORIDAD_PAREJA_FS,"Mujeres que han acudido al menos a una institución o autoridad en busca de ayuda, entre las mujeres que han sido alguna vez víctimas de violencia física y/o sexual infligida por su pareja",busqueda_de_ayuda,pareja,pareja,alguna_vez,mujeres víctimas de violencia física y/o sexual por pareja,Morelos,2021,12.05,porcentaje,2021-01-01
data2.csv,ENDIREH_AYUDA_AUTORIDAD_PAREJA_FS,"Mujeres que han acudido al menos a una institución o autoridad en busca de ayuda, entre las mujeres que han sido alguna vez víctimas de violencia física y/o sexual infligida por su pareja",busqueda_de_ayuda,pareja,pareja,alguna_vez,mujeres víctimas de violencia física y/o sexual por pareja,Nayarit,2021,12.33,porcentaje,2021-01-01
data2.csv,ENDIREH_AYUDA_AUTORIDAD_PAREJA_FS,"Mujeres que han acudido al menos a una institución o autoridad en busca de ayuda, entre las mujeres que han sido alguna vez víctimas de violencia física y/o sexual infligida por su pareja",busqueda_de_ayuda,pareja,pareja,alguna_vez,mujeres víctimas de violencia física y/o sexual por pareja,Nuevo León,2021,16.17,porcentaje,2021-01-01
data2.csv,ENDIREH_AYUDA_AUTORIDAD_PAREJA_FS,"Mujeres que han acudido al menos a una institución o autoridad en busca de ayuda, entre las mujeres que han sido alguna vez víctimas de violencia física y/o sexual infligida por su pareja",busqueda_de_ayuda,pareja,pareja,alguna_vez,mujeres víctimas de violencia física y/o sexual por pareja,Oaxaca,2021,14.23,porcentaje,2021-01-01
data2.csv,ENDIREH_AYUDA_AUTORIDAD_PAREJA_FS,"Mujeres que han acudido al menos a una institución o autoridad en busca de ayuda, entre las mujeres que han sido alguna vez víctimas de violencia física y/o sexual infligida por su pareja",busqueda_de_ayuda,pareja,pareja,alguna_vez,mujeres víctimas de violencia física y/o sexual por pareja,Puebla,2021,10.02,porcentaje,2021-01-01
data2.csv,ENDIREH_AYUDA_AUTORIDAD_PAREJA_FS,"Mujeres que han acudido al menos a una institución o autoridad en busca de ayuda, entre las mujeres que han sido alguna vez víctimas de violencia física y/o sexual infligida por su pareja",busqueda_de_ayuda,pareja,pareja,alguna_vez,mujeres víctimas de violencia física y/o sexual por pareja,Querétaro,2021,15.45,porcentaje,2021-01-01
data2.csv,ENDIREH_AYUDA_AUTORIDAD_PAREJA_FS,"Mujeres que han acudido al menos a una institución o autoridad en busca de ayuda, entre las mujeres que han sido alguna vez víctimas de violencia física y/o sexual infligida por su pareja",busqueda_de_ayuda,pareja,pareja,alguna_vez,mujeres víctimas de violencia física y/o sexual por pareja,Quintana Roo,2021,19.56,porcentaje,2021-01-01
data2.csv,ENDIREH_AYUDA_AUTORIDAD_PAREJA_FS,"Mujeres que han acudido al menos a una institución o autoridad en busca de ayuda, entre las mujeres que han sido alguna vez víctimas de violencia física y/o sexual infligida por su pareja",busqueda_de_ayuda,pareja,pareja,alguna_vez,mujeres víctimas de violencia física y/o sexual por pareja,San Luis Potosí,2021,11.81,porcentaje,2021-01-01
data2.csv,ENDIREH_AYUDA_AUTORIDAD_PAREJA_FS,"Mujeres que han acudido al menos a una institución o autoridad en busca de ayuda, entre las mujeres que han sido alguna vez víctimas de violencia física y/o sexual infligida por su pareja",busqueda_de_ayuda,pareja,pareja,alguna_vez,mujeres víctimas de violencia física y/o sexual por pareja,Sinaloa,2021,10.32,porcentaje,2021-01-01
data2.csv,ENDIREH_AYUDA_AUTORIDAD_PAREJA_FS,"Mujeres que han acudido al menos a una institución o autoridad en busca de ayuda, entre las mujeres que han sido alguna vez víctimas de violencia física y/o sexual infligida por su pareja",busqueda_de_ayuda,pareja,pareja,alguna_vez,mujeres víctimas de violencia física y/o sexual por pareja,Sonora,2021,21.76,porcentaje,2021-01-01
data2.csv,ENDIREH_AYUDA_AUTORIDAD_PAREJA_FS,"Mujeres que han acudido al menos a una institución o autoridad en busca de ayuda, entre las mujeres que han sido alguna vez víctimas de violencia física y/o sexual infligida por su pareja",busqueda_de_ayuda,pareja,pareja,alguna_vez,mujeres víctimas de violencia física y/o sexual por pareja,Tabasco,2021,18.57,porcentaje,2021-01-01
data2.csv,ENDIREH_AYUDA_AUTORIDAD_PAREJA_FS,"Mujeres que han acudido al menos a una institución o autoridad en busca de ayuda, entre las mujeres que han sido alguna vez víctimas de violencia física y/o sexual infligida por su pareja",busqueda_de_ayuda,pareja,pareja,alguna_vez,mujeres víctimas de violencia física y/o sexual por pareja,Tamaulipas,2021,11.07,porcentaje,2021-01-01
data2.csv,ENDIREH_AYUDA_AUTORIDAD_PAREJA_FS,"Mujeres que han acudido al menos a una institución o autoridad en busca de ayuda, entre las mujeres que han sido alguna vez víctimas de violencia física y/o sexual infligida por su pareja",busqueda_de_ayuda,pareja,pareja,alguna_vez,mujeres víctimas de violencia física y/o sexual por pareja,Tlaxcala,2021,14.08,porcentaje,2021-01-01
data2.csv,ENDIREH_AYUDA_AUTORIDAD_PAREJA_FS,"Mujeres que han acudido al menos a una institución o autoridad en busca de ayuda, entre las mujeres que han sido alguna vez víctimas de violencia física y/o sexual infligida por su pareja",busqueda_de_ayuda,pareja,pareja,alguna_vez,mujeres víctimas de violencia física y/o sexual por pareja,Veracruz,2021,13.91,porcentaje,2021-01-01
data2.csv,ENDIREH_AYUDA_AUTORIDAD_PAREJA_FS,"Mujeres que han acudido al menos a una institución o autoridad en busca de ayuda, entre las mujeres que han sido alguna vez víctimas de violencia física y/o sexual infligida por su pareja",busqueda_de_ayuda,pareja,pareja,alguna_vez,mujeres víctimas de violencia física y/o sexual por pareja,Yucatán,2021,18.77,porcentaje,2021-01-01
data2.csv,ENDIREH_AYUDA_AUTORIDAD_PAREJA_FS,"Mujeres que han acudido al menos a una institución o autoridad en busca de ayuda, entre las mujeres que han sido alguna vez víctimas de violencia física y/o sexual infligida por su pareja",busqueda_de_ayuda,pareja,pareja,alguna_vez,mujeres víctimas de violencia física y/o sexual por pareja,Zacatecas,2021,9.67,porcentaje,2021-01-01
data3.csv,ENDIREH_FS_NO_PAREJA,Proporción de mujeres de 15 años y más que declararon haber experimentado al menos un incidente de violencia física y/o sexual infligida por cualquier agresor distinto a la pareja,prevalencia,no_pareja,distinto_a_pareja,alguna_vez,mujeres de 15 años y más,Aguascalientes,2006,54.09,porcentaje,2006-01-01
data3.csv,ENDIREH_FS_NO_PAREJA,Proporción de mujeres de 15 años y más que declararon haber experimentado al menos un incidente de violencia física y/o sexual infligida por cualquier agresor distinto a la pareja,prevalencia,no_pareja,distinto_a_pareja,alguna_vez,mujeres de 15 años y más,Baja California,2006,45.54,porcentaje,2006-01-01
data3.csv,ENDIREH_FS_NO_PAREJA,Proporción de mujeres de 15 años y más que declararon haber experimentado al menos un incidente de violencia física y/o sexual infligida por cualquier agresor distinto a la pareja,prevalencia,no_pareja,distinto_a_pareja,alguna_vez,mujeres de 15 años y más,Baja California Sur,2006,44.17,porcentaje,2006-01-01
data3.csv,ENDIREH_FS_NO_PAREJA,Proporción de mujeres de 15 años y más que declararon haber experimentado al menos un incidente de violencia física y/o sexual infligida por cualquier agresor distinto a la pareja,prevalencia,no_pareja,distinto_a_pareja,alguna_vez,mujeres de 15 años y más,Campeche,2006,42.95,porcentaje,2006-01-01
data3.csv,ENDIREH_FS_NO_PAREJA,Proporción de mujeres de 15 años y más que declararon haber experimentado al menos un incidente de violencia física y/o sexual infligida por cualquier agresor distinto a la pareja,prevalencia,no_pareja,distinto_a_pareja,alguna_vez,mujeres de 15 años y más,Coahuila,2006,45.04,porcentaje,2006-01-01
data3.csv,ENDIREH_FS_NO_PAREJA,Proporción de mujeres de 15 años y más que declararon haber experimentado al menos un incidente de violencia física y/o sexual infligida por cualquier agresor distinto a la pareja,prevalencia,no_pareja,distinto_a_pareja,alguna_vez,mujeres de 15 años y más,Colima,2006,55.03,porcentaje,2006-01-01
data3.csv,ENDIREH_FS_NO_PAREJA,Proporción de mujeres de 15 años y más que declararon haber experimentado al menos un incidente de violencia física y/o sexual infligida por cualquier agresor distinto a la pareja,prevalencia,no_pareja,distinto_a_pareja,alguna_vez,mujeres de 15 años y más,Chiapas,2006,31.26,porcentaje,2006-01-01
data3.csv,ENDIREH_FS_NO_PAREJA,Proporción de mujeres de 15 años y más que declararon haber experimentado al menos un incidente de violencia física y/o sexual infligida por cualquier agresor distinto a la pareja,prevalencia,no_pareja,distinto_a_pareja,alguna_vez,mujeres de 15 años y más,Chihuahua,2006,50.13,porcentaje,2006-01-01
data3.csv,ENDIREH_FS_NO_PAREJA,Proporción de mujeres de 15 años y más que declararon haber experimentado al menos un incidente de violencia física y/o sexual infligida por cualquier agresor distinto a la pareja,prevalencia,no_pareja,distinto_a_pareja,alguna_vez,mujeres de 15 años y más,Ciudad de México,2006,67.17,porcentaje,2006-01-01
data3.csv,ENDIREH_FS_NO_PAREJA,Proporción de mujeres de 15 años y más que declararon haber experimentado al menos un incidente de violencia física y/o sexual infligida por cualquier agresor distinto a la pareja,prevalencia,no_pareja,distinto_a_pareja,alguna_vez,mujeres de 15 años y más,Durango,2006,51.35,porcentaje,2006-01-01
data3.csv,ENDIREH_FS_NO_PAREJA,Proporción de mujeres de 15 años y más que declararon haber experimentado al menos un incidente de violencia física y/o sexual infligida por cualquier agresor distinto a la pareja,prevalencia,no_pareja,distinto_a_pareja,alguna_vez,mujeres de 15 años y más,Guanajuato,2006,46.48,porcentaje,2006-01-01
data3.csv,ENDIREH_FS_NO_PAREJA,Proporción de mujeres de 15 años y más que declararon haber experimentado al menos un incidente de violencia física y/o sexual infligida por cualquier agresor distinto a la pareja,prevalencia,no_pareja,distinto_a_pareja,alguna_vez,mujeres de 15 años y más,Guerrero,2006,43.31,porcentaje,2006-01-01
data3.csv,ENDIREH_FS_NO_PAREJA,Proporción de mujeres de 15 años y más que declararon haber experimentado al menos un incidente de violencia física y/o sexual infligida por cualquier agresor distinto a la pareja,prevalencia,no_pareja,distinto_a_pareja,alguna_vez,mujeres de 15 años y más,Hidalgo,2006,40.28,porcentaje,2006-01-01
data3.csv,ENDIREH_FS_NO_PAREJA,Proporción de mujeres de 15 años y más que declararon haber experimentado al menos un incidente de violencia física y/o sexual infligida por cualquier agresor distinto a la pareja,prevalencia,no_pareja,distinto_a_pareja,alguna_vez,mujeres de 15 años y más,Jalisco,2006,60.34,porcentaje,2006-01-01
data3.csv,ENDIREH_FS_NO_PAREJA,Proporción de mujeres de 15 años y más que declararon haber experimentado al menos un incidente de violencia física y/o sexual infligida por cualquier agresor distinto a la pareja,prevalencia,no_pareja,distinto_a_pareja,alguna_vez,mujeres de 15 años y más,Estado de México,2006,65.39,porcentaje,2006-01-01
data3.csv,ENDIREH_FS_NO_PAREJA,Proporción de mujeres de 15 años y más que declararon haber experimentado al menos un incidente de violencia física y/o sexual infligida por cualquier agresor distinto a la pareja,prevalencia,no_pareja,distinto_a_pareja,alguna_vez,mujeres de 15 años y más,Michoacán de Ocampo,2006,48.03,porcentaje,2006-01-01
data3.csv,ENDIREH_FS_NO_PAREJA,Proporción de mujeres de 15 años y más que declararon haber experimentado al menos un incidente de violencia física y/o sexual infligida por cualquier agresor distinto a la pareja,prevalencia,no_pareja,distinto_a_pareja,alguna_vez,mujeres de 15 años y más,Morelos,2006,52.95,porcentaje,2006-01-01
data3.csv,ENDIREH_FS_NO_PAREJA,Proporción de mujeres de 15 años y más que declararon haber experimentado al menos un incidente de violencia física y/o sexual infligida por cualquier agresor distinto a la pareja,prevalencia,no_pareja,distinto_a_pareja,alguna_vez,mujeres de 15 años y más,Nayarit,2006,45.42,porcentaje,2006-01-01
data3.csv,ENDIREH_FS_NO_PAREJA,Proporción de mujeres de 15 años y más que declararon haber experimentado al menos un incidente de violencia física y/o sexual infligida por cualquier agresor distinto a la pareja,prevalencia,no_pareja,distinto_a_pareja,alguna_vez,mujeres de 15 años y más,Nuevo León,2006,49.99,porcentaje,2006-01-01
data3.csv,ENDIREH_FS_NO_PAREJA,Proporción de mujeres de 15 años y más que declararon haber experimentado al menos un incidente de violencia física y/o sexual infligida por cualquier agresor distinto a la pareja,prevalencia,no_pareja,distinto_a_pareja,alguna_vez,mujeres de 15 años y más,Oaxaca,2006,46.33,porcentaje,2006-01-01
data3.csv,ENDIREH_FS_NO_PAREJA,Proporción de mujeres de 15 años y más que declararon haber experimentado al menos un incidente de violencia física y/o sexual infligida por cualquier agresor distinto a la pareja,prevalencia,no_pareja,distinto_a_pareja,alguna_vez,mujeres de 15 años y más,Puebla,2006,54.28,porcentaje,2006-01-01
data3.csv,ENDIREH_FS_NO_PAREJA,Proporción de mujeres de 15 años y más que declararon haber experimentado al menos un incidente de violencia física y/o sexual infligida por cualquier agresor distinto a la pareja,prevalencia,no_pareja,distinto_a_pareja,alguna_vez,mujeres de 15 años y más,Querétaro,2006,50.36,porcentaje,2006-01-01
data3.csv,ENDIREH_FS_NO_PAREJA,Proporción de mujeres de 15 años y más que declararon haber experimentado al menos un incidente de violencia física y/o sexual infligida por cualquier agresor distinto a la pareja,prevalencia,no_pareja,distinto_a_pareja,alguna_vez,mujeres de 15 años y más,Quintana Roo,2006,52.2,porcentaje,2006-01-01
data3.csv,ENDIREH_FS_NO_PAREJA,Proporción de mujeres de 15 años y más que declararon haber experimentado al menos un incidente de violencia física y/o sexual infligida por cualquier agresor distinto a la pareja,prevalencia,no_pareja,distinto_a_pareja,alguna_vez,mujeres de 15 años y más,San Luis Potosí,2006,44.63,porcentaje,2006-01-01
data3.csv,ENDIREH_FS_NO_PAREJA,Proporción de mujeres de 15 años y más que declararon haber experimentado al menos un incidente de violencia física y/o sexual infligida por cualquier agresor distinto a la pareja,prevalencia,no_pareja,distinto_a_pareja,alguna_vez,mujeres de 15 años y más,Sinaloa,2006,44.14,porcentaje,2006-01-01
data3.csv,ENDIREH_FS_NO_PAREJA,Proporción de mujeres de 15 años y más que declararon haber experimentado al menos un incidente de violencia física y/o sexual infligida por cualquier agresor distinto a la pareja,prevalencia,no_pareja,distinto_a_pareja,alguna_vez,mujeres de 15 años y más,Sonora,2006,50.92,porcentaje,2006-01-01
data3.csv,ENDIREH_FS_NO_PAREJA,Proporción de mujeres de 15 años y más que declararon haber experimentado al menos un incidente de violencia física y/o sexual infligida por cualquier agresor distinto a la pareja,prevalencia,no_pareja,distinto_a_pareja,alguna_vez,mujeres de 15 años y más,Tabasco,2006,49.73,porcentaje,2006-01-01
data3.csv,ENDIREH_FS_NO_PAREJA,Proporción de mujeres de 15 años y más que declararon haber experimentado al menos un incidente de violencia física y/o sexual infligida por cualquier agresor distinto a la pareja,prevalencia,no_pareja,distinto_a_pareja,alguna_vez,mujeres de 15 años y más,Tamaulipas,2006,45.59,porcentaje,2006-01-01
data3.csv,ENDIREH_FS_NO_PAREJA,Proporción de mujeres de 15 años y más que declararon haber experimentado al menos un incidente de violencia física y/o sexual infligida por cualquier agresor distinto a la pareja,prevalencia,no_pareja,distinto_a_pareja,alguna_vez,mujeres de 15 años y más,Tlaxcala,2006,44.16,porcentaje,2006-01-01
data3.csv,ENDIREH_FS_NO_PAREJA,Proporción de mujeres de 15 años y más que declararon haber experimentado al menos un incidente de violencia física y/o sexual infligida por cualquier agresor distinto a la pareja,prevalencia,no_pareja,distinto_a_pareja,alguna_vez,mujeres de 15 años y más,Veracruz,2006,48.47,porcentaje,2006-01-01
data3.csv,ENDIREH_FS_NO_PAREJA,Proporción de mujeres de 15 años y más que declararon haber experimentado al menos un incidente de violencia física y/o sexual infligida por cualquier agresor distinto a la pareja,prevalencia,no_pareja,distinto_a_pareja,alguna_vez,mujeres de 15 años y más,Yucatán,2006,43.9,porcentaje,2006-01-01
data3.csv,ENDIREH_FS_NO_PAREJA,Proporción de mujeres de 15 años y más que declararon haber experimentado al menos un incidente de violencia física y/o sexual infligida por cualquier agresor distinto a la pareja,prevalencia,no_pareja,distinto_a_pareja,alguna_vez,mujeres de 15 años y más,Zacatecas,2006,41.59,porcentaje,2006-01-01
data3.csv,ENDIREH_FS_NO_PAREJA,Proporción de mujeres de 15 años y más que declararon haber experimentado al menos un incidente de violencia física y/o sexual infligida por cualquier agresor distinto a la pareja,prevalencia,no_pareja,distinto_a_pareja,alguna_vez,mujeres de 15 años y más,Aguascalientes,2011,41.4,porcentaje,2011-01-01
data3.csv,ENDIREH_FS_NO_PAREJA,Proporción de mujeres de 15 años y más que declararon haber experimentado al menos un incidente de violencia física y/o sexual infligida por cualquier agresor distinto a la pareja,prevalencia,no_pareja,distinto_a_pareja,alguna_vez,mujeres de 15 años y más,Baja California,2011,43.82,porcentaje,2011-01-01
data3.csv,ENDIREH_FS_NO_PAREJA,Proporción de mujeres de 15 años y más que declararon haber experimentado al menos un incidente de violencia física y/o sexual infligida por cualquier agresor distinto a la pareja,prevalencia,no_pareja,distinto_a_pareja,alguna_vez,mujeres de 15 años y más,Baja California Sur,2011,33.97,porcentaje,2011-01-01
data3.csv,ENDIREH_FS_NO_PAREJA,Proporción de mujeres de 15 años y más que declararon haber experimentado al menos un incidente de violencia física y/o sexual infligida por cualquier agresor distinto a la pareja,prevalencia,no_pareja,distinto_a_pareja,alguna_vez,mujeres de 15 años y más,Campeche,2011,36.79,porcentaje,2011-01-01
data3.csv,ENDIREH_FS_NO_PAREJA,Proporción de mujeres de 15 años y más que declararon haber experimentado al menos un incidente de violencia física y/o sexual infligida por cualquier agresor distinto a la pareja,prevalencia,no_pareja,distinto_a_pareja,alguna_vez,mujeres de 15 años y más,Coahuila,2011,34.08,porcentaje,2011-01-01
data3.csv,ENDIREH_FS_NO_PAREJA,Proporción de mujeres de 15 años y más que declararon haber experimentado al menos un incidente de violencia física y/o sexual infligida por cualquier agresor distinto a la pareja,prevalencia,no_pareja,distinto_a_pareja,alguna_vez,mujeres de 15 años y más,Colima,2011,41.63,porcentaje,2011-01-01
data3.csv,ENDIREH_FS_NO_PAREJA,Proporción de mujeres de 15 años y más que declararon haber experimentado al menos un incidente de violencia física y/o sexual infligida por cualquier agresor distinto a la pareja,prevalencia,no_pareja,distinto_a_pareja,alguna_vez,mujeres de 15 años y más,Chiapas,2011,25.53,porcentaje,2011-01-01
data3.csv,ENDIREH_FS_NO_PAREJA,Proporción de mujeres de 15 años y más que declararon haber experimentado al menos un incidente de violencia física y/o sexual infligida por cualquier agresor distinto a la pareja,prevalencia,no_pareja,distinto_a_pareja,alguna_vez,mujeres de 15 años y más,Chihuahua,2011,42.57,porcentaje,2011-01-01
data3.csv,ENDIREH_FS_NO_PAREJA,Proporción de mujeres de 15 años y más que declararon haber experimentado al menos un incidente de violencia física y/o sexual infligida por cualquier agresor distinto a la pareja,prevalencia,no_pareja,distinto_a_pareja,alguna_vez,mujeres de 15 años y más,Ciudad de México,2011,56.89,porcentaje,2011-01-01
data3.csv,ENDIREH_FS_NO_PAREJA,Proporción de mujeres de 15 años y más que declararon haber experimentado al menos un incidente de violencia física y/o sexual infligida por cualquier agresor distinto a la pareja,prevalencia,no_pareja,distinto_a_pareja,alguna_vez,mujeres de 15 años y más,Durango,2011,35.33,porcentaje,2011-01-01
data3.csv,ENDIREH_FS_NO_PAREJA,Proporción de mujeres de 15 años y más que declararon haber experimentado al menos un incidente de violencia física y/o sexual infligida por cualquier agresor distinto a la pareja,prevalencia,no_pareja,distinto_a_pareja,alguna_vez,mujeres de 15 años y más,Guanajuato,2011,39.42,porcentaje,2011-01-01
data3.csv,ENDIREH_FS_NO_PAREJA,Proporción de mujeres de 15 años y más que declararon haber experimentado al menos un incidente de violencia física y/o sexual infligida por cualquier agresor distinto a la pareja,prevalencia,no_pareja,distinto_a_pareja,alguna_vez,mujeres de 15 años y más,Guerrero,2011,32.95,porcentaje,2011-01-01
data3.csv,ENDIREH_FS_NO_PAREJA,Proporción de mujeres de 15 años y más que declararon haber experimentado al menos un incidente de violencia física y/o sexual infligida por cualquier agresor distinto a la pareja,prevalencia,no_pareja,distinto_a_pareja,alguna_vez,mujeres de 15 años y más,Hidalgo,2011,32.83,porcentaje,2011-01-01
data3.csv,ENDIREH_FS_NO_PAREJA,Proporción de mujeres de 15 años y más que declararon haber experimentado al menos un incidente de violencia física y/o sexual infligida por cualquier agresor distinto a la pareja,prevalencia,no_pareja,distinto_a_pareja,alguna_vez,mujeres de 15 años y más,Jalisco,2011,41.94,porcentaje,2011-01-01
data3.csv,ENDIREH_FS_NO_PAREJA,Proporción de mujeres de 15 años y más que declararon haber experimentado al menos un incidente de violencia física y/o sexual infligida por cualquier agresor distinto a la pareja,prevalencia,no_pareja,distinto_a_pareja,alguna_vez,mujeres de 15 años y más,Estado de México,2011,52.55,porcentaje,2011-01-01
data3.csv,ENDIREH_FS_NO_PAREJA,Proporción de mujeres de 15 años y más que declararon haber experimentado al menos un incidente de violencia física y/o sexual infligida por cualquier agresor distinto a la pareja,prevalencia,no_pareja,distinto_a_pareja,alguna_vez,mujeres de 15 años y más,Michoacán de Ocampo,2011,38.48,porcentaje,2011-01-01
data3.csv,ENDIREH_FS_NO_PAREJA,Proporción de mujeres de 15 años y más que declararon haber experimentado al menos un incidente de violencia física y/o sexual infligida por cualquier agresor distinto a la pareja,prevalencia,no_pareja,distinto_a_pareja,alguna_vez,mujeres de 15 años y más,Morelos,2011,39.85,porcentaje,2011-01-01
data3.csv,ENDIREH_FS_NO_PAREJA,Proporción de mujeres de 15 años y más que declararon haber experimentado al menos un incidente de violencia física y/o sexual infligida por cualquier agresor distinto a la pareja,prevalencia,no_pareja,distinto_a_pareja,alguna_vez,mujeres de 15 años y más,Nayarit,2011,39.19,porcentaje,2011-01-01
data3.csv,ENDIREH_FS_NO_PAREJA,Proporción de mujeres de 15 años y más que declararon haber experimentado al menos un incidente de violencia física y/o sexual infligida por cualquier agresor distinto a la pareja,prevalencia,no_pareja,distinto_a_pareja,alguna_vez,mujeres de 15 años y más,Nuevo León,2011,40.16,porcentaje,2011-01-01
data3.csv,ENDIREH_FS_NO_PAREJA,Proporción de mujeres de 15 años y más que declararon haber experimentado al menos un incidente de violencia física y/o sexual infligida por cualquier agresor distinto a la pareja,prevalencia,no_pareja,distinto_a_pareja,alguna_vez,mujeres de 15 años y más,Oaxaca,2011,34.61,porcentaje,2011-01-01
data3.csv,ENDIREH_FS_NO_PAREJA,Proporción de mujeres de 15 años y más que declararon haber experimentado al menos un incidente de violencia física y/o sexual infligida por cualquier agresor distinto a la pareja,prevalencia,no_pareja,distinto_a_pareja,alguna_vez,mujeres de 15 años y más,Puebla,2011,39.91,porcentaje,2011-01-01
data3.csv,ENDIREH_FS_NO_PAREJA,Proporción de mujeres de 15 años y más que declararon haber experimentado al menos un incidente de violencia física y/o sexual infligida por cualquier agresor distinto a la pareja,prevalencia,no_pareja,distinto_a_pareja,alguna_vez,mujeres de 15 años y más,Querétaro,2011,40.35,porcentaje,2011-01-01
data3.csv,ENDIREH_FS_NO_PAREJA,Proporción de mujeres de 15 años y más que declararon haber experimentado al menos un incidente de violencia física y/o sexual infligida por cualquier agresor distinto a la pareja,prevalencia,no_pareja,distinto_a_pareja,alguna_vez,mujeres de 15 años y más,Quintana Roo,2011,40.88,porcentaje,2011-01-01
data3.csv,ENDIREH_FS_NO_PAREJA,Proporción de mujeres de 15 años y más que declararon haber experimentado al menos un incidente de violencia física y/o sexual infligida por cualquier agresor distinto a la pareja,prevalencia,no_pareja,distinto_a_pareja,alguna_vez,mujeres de 15 años y más,San Luis Potosí,2011,39.4,porcentaje,2011-01-01
data3.csv,ENDIREH_FS_NO_PAREJA,Proporción de mujeres de 15 años y más que declararon haber experimentado al menos un incidente de violencia física y/o sexual infligida por cualquier agresor distinto a la pareja,prevalencia,no_pareja,distinto_a_pareja,alguna_vez,mujeres de 15 años y más,Sinaloa,2011,30.14,porcentaje,2011-01-01
data3.csv,ENDIREH_FS_NO_PAREJA,Proporción de mujeres de 15 años y más que declararon haber experimentado al menos un incidente de violencia física y/o sexual infligida por cualquier agresor distinto a la pareja,prevalencia,no_pareja,distinto_a_pareja,alguna_vez,mujeres de 15 años y más,Sonora,2011,40.93,porcentaje,2011-01-01
data3.csv,ENDIREH_FS_NO_PAREJA,Proporción de mujeres de 15 años y más que declararon haber experimentado al menos un incidente de violencia física y/o sexual infligida por cualquier agresor distinto a la pareja,prevalencia,no_pareja,distinto_a_pareja,alguna_vez,mujeres de 15 años y más,Tabasco,2011,35.59,porcentaje,2011-01-01
data3.csv,ENDIREH_FS_NO_PAREJA,Proporción de mujeres de 15 años y más que declararon haber experimentado al menos un incidente de violencia física y/o sexual infligida por cualquier agresor distinto a la pareja,prevalencia,no_pareja,distinto_a_pareja,alguna_vez,mujeres de 15 años y más,Tamaulipas,2011,32.45,porcentaje,2011-01-01
data3.csv,ENDIREH_FS_NO_PAREJA,Proporción de mujeres de 15 años y más que declararon haber experimentado al menos un incidente de violencia física y/o sexual infligida por cualquier agresor distinto a la pareja,prevalencia,no_pareja,distinto_a_pareja,alguna_vez,mujeres de 15 años y más,Tlaxcala,2011,37.41,porcentaje,2011-01-01
data3.csv,ENDIREH_FS_NO_PAREJA,Proporción de mujeres de 15 años y más que declararon haber experimentado al menos un incidente de violencia física y/o sexual infligida por cualquier agresor distinto a la pareja,prevalencia,no_pareja,distinto_a_pareja,alguna_vez,mujeres de 15 años y más,Veracruz,2011,40.23,porcentaje,2011-01-01
data3.csv,ENDIREH_FS_NO_PAREJA,Proporción de mujeres de 15 años y más que declararon haber experimentado al menos un incidente de violencia física y/o sexual infligida por cualquier agresor distinto a la pareja,prevalencia,no_pareja,distinto_a_pareja,alguna_vez,mujeres de 15 años y más,Yucatán,2011,38.39,porcentaje,2011-01-01
data3.csv,ENDIREH_FS_NO_PAREJA,Proporción de mujeres de 15 años y más que declararon haber experimentado al menos un incidente de violencia física y/o sexual infligida por cualquier agresor distinto a la pareja,prevalencia,no_pareja,distinto_a_pareja,alguna_vez,mujeres de 15 años y más,Zacatecas,2011,35.05,porcentaje,2011-01-01
data3.csv,ENDIREH_FS_NO_PAREJA,Proporción de mujeres de 15 años y más que declararon haber experimentado al menos un incidente de violencia física y/o sexual infligida por cualquier agresor distinto a la pareja,prevalencia,no_pareja,distinto_a_pareja,alguna_vez,mujeres de 15 años y más,Aguascalientes,2016,59.14,porcentaje,2016-01-01
data3.csv,ENDIREH_FS_NO_PAREJA,Proporción de mujeres de 15 años y más que declararon haber experimentado al menos un incidente de violencia física y/o sexual infligida por cualquier agresor distinto a la pareja,prevalencia,no_pareja,distinto_a_pareja,alguna_vez,mujeres de 15 años y más,Baja California,2016,51.13,porcentaje,2016-01-01
data3.csv,ENDIREH_FS_NO_PAREJA,Proporción de mujeres de 15 años y más que declararon haber experimentado al menos un incidente de violencia física y/o sexual infligida por cualquier agresor distinto a la pareja,prevalencia,no_pareja,distinto_a_pareja,alguna_vez,mujeres de 15 años y más,Baja California Sur,2016,40.26,porcentaje,2016-01-01
data3.csv,ENDIREH_FS_NO_PAREJA,Proporción de mujeres de 15 años y más que declararon haber experimentado al menos un incidente de violencia física y/o sexual infligida por cualquier agresor distinto a la pareja,prevalencia,no_pareja,distinto_a_pareja,alguna_vez,mujeres de 15 años y más,Campeche,2016,41.22,porcentaje,2016-01-01
data3.csv,ENDIREH_FS_NO_PAREJA,Proporción de mujeres de 15 años y más que declararon haber experimentado al menos un incidente de violencia física y/o sexual infligida por cualquier agresor distinto a la pareja,prevalencia,no_pareja,distinto_a_pareja,alguna_vez,mujeres de 15 años y más,Coahuila,2016,50.84,porcentaje,2016-01-01
data3.csv,ENDIREH_FS_NO_PAREJA,Proporción de mujeres de 15 años y más que declararon haber experimentado al menos un incidente de violencia física y/o sexual infligida por cualquier agresor distinto a la pareja,prevalencia,no_pareja,distinto_a_pareja,alguna_vez,mujeres de 15 años y más,Colima,2016,47.62,porcentaje,2016-01-01
data3.csv,ENDIREH_FS_NO_PAREJA,Proporción de mujeres de 15 años y más que declararon haber experimentado al menos un incidente de violencia física y/o sexual infligida por cualquier agresor distinto a la pareja,prevalencia,no_pareja,distinto_a_pareja,alguna_vez,mujeres de 15 años y más,Chiapas,2016,38.99,porcentaje,2016-01-01
data3.csv,ENDIREH_FS_NO_PAREJA,Proporción de mujeres de 15 años y más que declararon haber experimentado al menos un incidente de violencia física y/o sexual infligida por cualquier agresor distinto a la pareja,prevalencia,no_pareja,distinto_a_pareja,alguna_vez,mujeres de 15 años y más,Chihuahua,2016,51.89,porcentaje,2016-01-01
data3.csv,ENDIREH_FS_NO_PAREJA,Proporción de mujeres de 15 años y más que declararon haber experimentado al menos un incidente de violencia física y/o sexual infligida por cualquier agresor distinto a la pareja,prevalencia,no_pareja,distinto_a_pareja,alguna_vez,mujeres de 15 años y más,Ciudad de México,2016,70.81,porcentaje,2016-01-01
data3.csv,ENDIREH_FS_NO_PAREJA,Proporción de mujeres de 15 años y más que declararon haber experimentado al menos un incidente de violencia física y/o sexual infligida por cualquier agresor distinto a la pareja,prevalencia,no_pareja,distinto_a_pareja,alguna_vez,mujeres de 15 años y más,Durango,2016,51.35,porcentaje,2016-01-01
data3.csv,ENDIREH_FS_NO_PAREJA,Proporción de mujeres de 15 años y más que declararon haber experimentado al menos un incidente de violencia física y/o sexual infligida por cualquier agresor distinto a la pareja,prevalencia,no_pareja,distinto_a_pareja,alguna_vez,mujeres de 15 años y más,Guanajuato,2016,52.41,porcentaje,2016-01-01
data3.csv,ENDIREH_FS_NO_PAREJA,Proporción de mujeres de 15 años y más que declararon haber experimentado al menos un incidente de violencia física y/o sexual infligida por cualquier agresor distinto a la pareja,prevalencia,no_pareja,distinto_a_pareja,alguna_vez,mujeres de 15 años y más,Guerrero,2016,41.78,porcentaje,2016-01-01
data3.csv,ENDIREH_FS_NO_PAREJA,Proporción de mujeres de 15 años y más que declararon haber experimentado al menos un incidente de violencia física y/o sexual infligida por cualquier agresor distinto a la pareja,prevalencia,no_pareja,distinto_a_pareja,alguna_vez,mujeres de 15 años y más,Hidalgo,2016,49.28,porcentaje,2016-01-01
data3.csv,ENDIREH_FS_NO_PAREJA,Proporción de mujeres de 15 años y más que declararon haber experimentado al menos un incidente de violencia física y/o sexual infligida por cualquier agresor distinto a la pareja,prevalencia,no_pareja,distinto_a_pareja,alguna_vez,mujeres de 15 años y más,Jalisco,2016,61.29,porcentaje,2016-01-01
data3.csv,ENDIREH_FS_NO_PAREJA,Proporción de mujeres de 15 años y más que declararon haber experimentado al menos un incidente de violencia física y/o sexual infligida por cualquier agresor distinto a la pareja,prevalencia,no_pareja,distinto_a_pareja,alguna_vez,mujeres de 15 años y más,Estado de México,2016,63.03,porcentaje,2016-01-01
data3.csv,ENDIREH_FS_NO_PAREJA,Proporción de mujeres de 15 años y más que declararon haber experimentado al menos un incidente de violencia física y/o sexual infligida por cualquier agresor distinto a la pareja,prevalencia,no_pareja,distinto_a_pareja,alguna_vez,mujeres de 15 años y más,Michoacán de Ocampo,2016,49.25,porcentaje,2016-01-01
data3.csv,ENDIREH_FS_NO_PAREJA,Proporción de mujeres de 15 años y más que declararon haber experimentado al menos un incidente de violencia física y/o sexual infligida por cualquier agresor distinto a la pareja,prevalencia,no_pareja,distinto_a_pareja,alguna_vez,mujeres de 15 años y más,Morelos,2016,51.4,porcentaje,2016-01-01
data3.csv,ENDIREH_FS_NO_PAREJA,Proporción de mujeres de 15 años y más que declararon haber experimentado al menos un incidente de violencia física y/o sexual infligida por cualquier agresor distinto a la pareja,prevalencia,no_pareja,distinto_a_pareja,alguna_vez,mujeres de 15 años y más,Nayarit,2016,42.63,porcentaje,2016-01-01
data3.csv,ENDIREH_FS_NO_PAREJA,Proporción de mujeres de 15 años y más que declararon haber experimentado al menos un incidente de violencia física y/o sexual infligida por cualquier agresor distinto a la pareja,prevalencia,no_pareja,distinto_a_pareja,alguna_vez,mujeres de 15 años y más,Nuevo León,2016,46.62,porcentaje,2016-01-01
data3.csv,ENDIREH_FS_NO_PAREJA,Proporción de mujeres de 15 años y más que declararon haber experimentado al menos un incidente de violencia física y/o sexual infligida por cualquier agresor distinto a la pareja,prevalencia,no_pareja,distinto_a_pareja,alguna_vez,mujeres de 15 años y más,Oaxaca,2016,46.82,porcentaje,2016-01-01
data3.csv,ENDIREH_FS_NO_PAREJA,Proporción de mujeres de 15 años y más que declararon haber experimentado al menos un incidente de violencia física y/o sexual infligida por cualquier agresor distinto a la pareja,prevalencia,no_pareja,distinto_a_pareja,alguna_vez,mujeres de 15 años y más,Puebla,2016,50.09,porcentaje,2016-01-01
data3.csv,ENDIREH_FS_NO_PAREJA,Proporción de mujeres de 15 años y más que declararon haber experimentado al menos un incidente de violencia física y/o sexual infligida por cualquier agresor distinto a la pareja,prevalencia,no_pareja,distinto_a_pareja,alguna_vez,mujeres de 15 años y más,Querétaro,2016,58.3,porcentaje,2016-01-01
data3.csv,ENDIREH_FS_NO_PAREJA,Proporción de mujeres de 15 años y más que declararon haber experimentado al menos un incidente de violencia física y/o sexual infligida por cualquier agresor distinto a la pareja,prevalencia,no_pareja,distinto_a_pareja,alguna_vez,mujeres de 15 años y más,Quintana Roo,2016,52.65,porcentaje,2016-01-01
data3.csv,ENDIREH_FS_NO_PAREJA,Proporción de mujeres de 15 años y más que declararon haber experimentado al menos un incidente de violencia física y/o sexual infligida por cualquier agresor distinto a la pareja,prevalencia,no_pareja,distinto_a_pareja,alguna_vez,mujeres de 15 años y más,San Luis Potosí,2016,46.03,porcentaje,2016-01-01
data3.csv,ENDIREH_FS_NO_PAREJA,Proporción de mujeres de 15 años y más que declararon haber experimentado al menos un incidente de violencia física y/o sexual infligida por cualquier agresor distinto a la pareja,prevalencia,no_pareja,distinto_a_pareja,alguna_vez,mujeres de 15 años y más,Sinaloa,2016,43.65,porcentaje,2016-01-01
data3.csv,ENDIREH_FS_NO_PAREJA,Proporción de mujeres de 15 años y más que declararon haber experimentado al menos un incidente de violencia física y/o sexual infligida por cualquier agresor distinto a la pareja,prevalencia,no_pareja,distinto_a_pareja,alguna_vez,mujeres de 15 años y más,Sonora,2016,46.18,porcentaje,2016-01-01
data3.csv,ENDIREH_FS_NO_PAREJA,Proporción de mujeres de 15 años y más que declararon haber experimentado al menos un incidente de violencia física y/o sexual infligida por cualquier agresor distinto a la pareja,prevalencia,no_pareja,distinto_a_pareja,alguna_vez,mujeres de 15 años y más,Tabasco,2016,43.34,porcentaje,2016-01-01
data3.csv,ENDIREH_FS_NO_PAREJA,Proporción de mujeres de 15 años y más que declararon haber experimentado al menos un incidente de violencia física y/o sexual infligida por cualquier agresor distinto a la pareja,prevalencia,no_pareja,distinto_a_pareja,alguna_vez,mujeres de 15 años y más,Tamaulipas,2016,44.51,porcentaje,2016-01-01
data3.csv,ENDIREH_FS_NO_PAREJA,Proporción de mujeres de 15 años y más que declararon haber experimentado al menos un incidente de violencia física y/o sexual infligida por cualquier agresor distinto a la pareja,prevalencia,no_pareja,distinto_a_pareja,alguna_vez,mujeres de 15 años y más,Tlaxcala,2016,47.31,porcentaje,2016-01-01
data3.csv,ENDIREH_FS_NO_PAREJA,Proporción de mujeres de 15 años y más que declararon haber experimentado al menos un incidente de violencia física y/o sexual infligida por cualquier agresor distinto a la pareja,prevalencia,no_pareja,distinto_a_pareja,alguna_vez,mujeres de 15 años y más,Veracruz,2016,46.74,porcentaje,2016-01-01
data3.csv,ENDIREH_FS_NO_PAREJA,Proporción de mujeres de 15 años y más que declararon haber experimentado al menos un incidente de violencia física y/o sexual infligida por cualquier agresor distinto a la pareja,prevalencia,no_pareja,distinto_a_pareja,alguna_vez,mujeres de 15 años y más,Yucatán,2016,52.61,porcentaje,2016-01-01
data3.csv,ENDIREH_FS_NO_PAREJA,Proporción de mujeres de 15 años y más que declararon haber experimentado al menos un incidente de violencia física y/o sexual infligida por cualquier agresor distinto a la pareja,prevalencia,no_pareja,distinto_a_pareja,alguna_vez,mujeres de 15 años y más,Zacatecas,2016,43.88,porcentaje,2016-01-01
data3.csv,ENDIREH_FS_NO_PAREJA,Proporción de mujeres de 15 años y más que declararon haber experimentado al menos un incidente de violencia física y/o sexual infligida por cualquier agresor distinto a la pareja,prevalencia,no_pareja,distinto_a_pareja,alguna_vez,mujeres de 15 años y más,Aguascalientes,2021,61.54,porcentaje,2021-01-01
data3.csv,ENDIREH_FS_NO_PAREJA,Proporción de mujeres de 15 años y más que declararon haber experimentado al menos un incidente de violencia física y/o sexual infligida por cualquier agresor distinto a la pareja,prevalencia,no_pareja,distinto_a_pareja,alguna_vez,mujeres de 15 años y más,Baja California,2021,57.3,porcentaje,2021-01-01
data3.csv,ENDIREH_FS_NO_PAREJA,Proporción de mujeres de 15 años y más que declararon haber experimentado al menos un incidente de violencia física y/o sexual infligida por cualquier agresor distinto a la pareja,prevalencia,no_pareja,distinto_a_pareja,alguna_vez,mujeres de 15 años y más,Baja California Sur,2021,53.08,porcentaje,2021-01-01
data3.csv,ENDIREH_FS_NO_PAREJA,Proporción de mujeres de 15 años y más que declararon haber experimentado al menos un incidente de violencia física y/o sexual infligida por cualquier agresor distinto a la pareja,prevalencia,no_pareja,distinto_a_pareja,alguna_vez,mujeres de 15 años y más,Campeche,2021,55.32,porcentaje,2021-01-01
data3.csv,ENDIREH_FS_NO_PAREJA,Proporción de mujeres de 15 años y más que declararon haber experimentado al menos un incidente de violencia física y/o sexual infligida por cualquier agresor distinto a la pareja,prevalencia,no_pareja,distinto_a_pareja,alguna_vez,mujeres de 15 años y más,Coahuila,2021,60.46,porcentaje,2021-01-01
data3.csv,ENDIREH_FS_NO_PAREJA,Proporción de mujeres de 15 años y más que declararon haber experimentado al menos un incidente de violencia física y/o sexual infligida por cualquier agresor distinto a la pareja,prevalencia,no_pareja,distinto_a_pareja,alguna_vez,mujeres de 15 años y más,Colima,2021,63.05,porcentaje,2021-01-01
data3.csv,ENDIREH_FS_NO_PAREJA,Proporción de mujeres de 15 años y más que declararon haber experimentado al menos un incidente de violencia física y/o sexual infligida por cualquier agresor distinto a la pareja,prevalencia,no_pareja,distinto_a_pareja,alguna_vez,mujeres de 15 años y más,Chiapas,2021,38.44,porcentaje,2021-01-01
data3.csv,ENDIREH_FS_NO_PAREJA,Proporción de mujeres de 15 años y más que declararon haber experimentado al menos un incidente de violencia física y/o sexual infligida por cualquier agresor distinto a la pareja,prevalencia,no_pareja,distinto_a_pareja,alguna_vez,mujeres de 15 años y más,Chihuahua,2021,58.31,porcentaje,2021-01-01
data3.csv,ENDIREH_FS_NO_PAREJA,Proporción de mujeres de 15 años y más que declararon haber experimentado al menos un incidente de violencia física y/o sexual infligida por cualquier agresor distinto a la pareja,prevalencia,no_pareja,distinto_a_pareja,alguna_vez,mujeres de 15 años y más,Ciudad de México,2021,69.55,porcentaje,2021-01-01
data3.csv,ENDIREH_FS_NO_PAREJA,Proporción de mujeres de 15 años y más que declararon haber experimentado al menos un incidente de violencia física y/o sexual infligida por cualquier agresor distinto a la pareja,prevalencia,no_pareja,distinto_a_pareja,alguna_vez,mujeres de 15 años y más,Durango,2021,56.23,porcentaje,2021-01-01
data3.csv,ENDIREH_FS_NO_PAREJA,Proporción de mujeres de 15 años y más que declararon haber experimentado al menos un incidente de violencia física y/o sexual infligida por cualquier agresor distinto a la pareja,prevalencia,no_pareja,distinto_a_pareja,alguna_vez,mujeres de 15 años y más,Guanajuato,2021,57.48,porcentaje,2021-01-01
data3.csv,ENDIREH_FS_NO_PAREJA,Proporción de mujeres de 15 años y más que declararon haber experimentado al menos un incidente de violencia física y/o sexual infligida por cualquier agresor distinto a la pareja,prevalencia,no_pareja,distinto_a_pareja,alguna_vez,mujeres de 15 años y más,Guerrero,2021,53.46,porcentaje,2021-01-01
data3.csv,ENDIREH_FS_NO_PAREJA,Proporción de mujeres de 15 años y más que declararon haber experimentado al menos un incidente de violencia física y/o sexual infligida por cualquier agresor distinto a la pareja,prevalencia,no_pareja,distinto_a_pareja,alguna_vez,mujeres de 15 años y más,Hidalgo,2021,58.12,porcentaje,2021-01-01
data3.csv,ENDIREH_FS_NO_PAREJA,Proporción de mujeres de 15 años y más que declararon haber experimentado al menos un incidente de violencia física y/o sexual infligida por cualquier agresor distinto a la pareja,prevalencia,no_pareja,distinto_a_pareja,alguna_vez,mujeres de 15 años y más,Jalisco,2021,61.62,porcentaje,2021-01-01
data3.csv,ENDIREH_FS_NO_PAREJA,Proporción de mujeres de 15 años y más que declararon haber experimentado al menos un incidente de violencia física y/o sexual infligida por cualquier agresor distinto a la pareja,prevalencia,no_pareja,distinto_a_pareja,alguna_vez,mujeres de 15 años y más,Estado de México,2021,70.07,porcentaje,2021-01-01
data3.csv,ENDIREH_FS_NO_PAREJA,Proporción de mujeres de 15 años y más que declararon haber experimentado al menos un incidente de violencia física y/o sexual infligida por cualquier agresor distinto a la pareja,prevalencia,no_pareja,distinto_a_pareja,alguna_vez,mujeres de 15 años y más,Michoacán de Ocampo,2021,50.88,porcentaje,2021-01-01
data3.csv,ENDIREH_FS_NO_PAREJA,Proporción de mujeres de 15 años y más que declararon haber experimentado al menos un incidente de violencia física y/o sexual infligida por cualquier agresor distinto a la pareja,prevalencia,no_pareja,distinto_a_pareja,alguna_vez,mujeres de 15 años y más,Morelos,2021,58.22,porcentaje,2021-01-01
data3.csv,ENDIREH_FS_NO_PAREJA,Proporción de mujeres de 15 años y más que declararon haber experimentado al menos un incidente de violencia física y/o sexual infligida por cualquier agresor distinto a la pareja,prevalencia,no_pareja,distinto_a_pareja,alguna_vez,mujeres de 15 años y más,Nayarit,2021,55.93,porcentaje,2021-01-01
data3.csv,ENDIREH_FS_NO_PAREJA,Proporción de mujeres de 15 años y más que declararon haber experimentado al menos un incidente de violencia física y/o sexual infligida por cualquier agresor distinto a la pareja,prevalencia,no_pareja,distinto_a_pareja,alguna_vez,mujeres de 15 años y más,Nuevo León,2021,57.56,porcentaje,2021-01-01
data3.csv,ENDIREH_FS_NO_PAREJA,Proporción de mujeres de 15 años y más que declararon haber experimentado al menos un incidente de violencia física y/o sexual infligida por cualquier agresor distinto a la pareja,prevalencia,no_pareja,distinto_a_pareja,alguna_vez,mujeres de 15 años y más,Oaxaca,2021,55.03,porcentaje,2021-01-01
data3.csv,ENDIREH_FS_NO_PAREJA,Proporción de mujeres de 15 años y más que declararon haber experimentado al menos un incidente de violencia física y/o sexual infligida por cualquier agresor distinto a la pareja,prevalencia,no_pareja,distinto_a_pareja,alguna_vez,mujeres de 15 años y más,Puebla,2021,59.0,porcentaje,2021-01-01
data3.csv,ENDIREH_FS_NO_PAREJA,Proporción de mujeres de 15 años y más que declararon haber experimentado al menos un incidente de violencia física y/o sexual infligida por cualquier agresor distinto a la pareja,prevalencia,no_pareja,distinto_a_pareja,alguna_vez,mujeres de 15 años y más,Querétaro,2021,64.5,porcentaje,2021-01-01
data3.csv,ENDIREH_FS_NO_PAREJA,Proporción de mujeres de 15 años y más que declararon haber experimentado al menos un incidente de violencia física y/o sexual infligida por cualquier agresor distinto a la pareja,prevalencia,no_pareja,distinto_a_pareja,alguna_vez,mujeres de 15 años y más,Quintana Roo,2021,60.08,porcentaje,2021-01-01
data3.csv,ENDIREH_FS_NO_PAREJA,Proporción de mujeres de 15 años y más que declararon haber experimentado al menos un incidente de violencia física y/o sexual infligida por cualquier agresor distinto a la pareja,prevalencia,no_pareja,distinto_a_pareja,alguna_vez,mujeres de 15 años y más,San Luis Potosí,2021,57.36,porcentaje,2021-01-01
data3.csv,ENDIREH_FS_NO_PAREJA,Proporción de mujeres de 15 años y más que declararon haber experimentado al menos un incidente de violencia física y/o sexual infligida por cualquier agresor distinto a la pareja,prevalencia,no_pareja,distinto_a_pareja,alguna_vez,mujeres de 15 años y más,Sinaloa,2021,51.39,porcentaje,2021-01-01
data3.csv,ENDIREH_FS_NO_PAREJA,Proporción de mujeres de 15 años y más que declararon haber experimentado al menos un incidente de violencia física y/o sexual infligida por cualquier agresor distinto a la pareja,prevalencia,no_pareja,distinto_a_pareja,alguna_vez,mujeres de 15 años y más,Sonora,2021,59.0,porcentaje,2021-01-01
data3.csv,ENDIREH_FS_NO_PAREJA,Proporción de mujeres de 15 años y más que declararon haber experimentado al menos un incidente de violencia física y/o sexual infligida por cualquier agresor distinto a la pareja,prevalencia,no_pareja,distinto_a_pareja,alguna_vez,mujeres de 15 años y más,Tabasco,2021,57.98,porcentaje,2021-01-01
data3.csv,ENDIREH_FS_NO_PAREJA,Proporción de mujeres de 15 años y más que declararon haber experimentado al menos un incidente de violencia física y/o sexual infligida por cualquier agresor distinto a la pareja,prevalencia,no_pareja,distinto_a_pareja,alguna_vez,mujeres de 15 años y más,Tamaulipas,2021,49.79,porcentaje,2021-01-01
data3.csv,ENDIREH_FS_NO_PAREJA,Proporción de mujeres de 15 años y más que declararon haber experimentado al menos un incidente de violencia física y/o sexual infligida por cualquier agresor distinto a la pareja,prevalencia,no_pareja,distinto_a_pareja,alguna_vez,mujeres de 15 años y más,Tlaxcala,2021,56.09,porcentaje,2021-01-01
data3.csv,ENDIREH_FS_NO_PAREJA,Proporción de mujeres de 15 años y más que declararon haber experimentado al menos un incidente de violencia física y/o sexual infligida por cualquier agresor distinto a la pareja,prevalencia,no_pareja,distinto_a_pareja,alguna_vez,mujeres de 15 años y más,Veracruz,2021,55.26,porcentaje,2021-01-01
data3.csv,ENDIREH_FS_NO_PAREJA,Proporción de mujeres de 15 años y más que declararon haber experimentado al menos un incidente de violencia física y/o sexual infligida por cualquier agresor distinto a la pareja,prevalencia,no_pareja,distinto_a_pareja,alguna_vez,mujeres de 15 años y más,Yucatán,2021,59.79,porcentaje,2021-01-01
data3.csv,ENDIREH_FS_NO_PAREJA,Proporción de mujeres de 15 años y más que declararon haber experimentado al menos un incidente de violencia física y/o sexual infligida por cualquier agresor distinto a la pareja,prevalencia,no_pareja,distinto_a_pareja,alguna_vez,mujeres de 15 años y más,Zacatecas,2021,45.47,porcentaje,2021-01-01
data4.csv,ENDIREH_DANO_PAREJA,Proporción de mujeres de 15 años y más que declararon haber experimentado al menos un incidente de violencia por parte de su actual o última pareja a lo largo de la relación por tipo de daño ocasionado a consecuencia de la violencia sufrida,consecuencias,pareja,pareja_actual_o_ultima,a_lo_largo_de_la_relacion,mujeres de 15 años y más,Aguascalientes,2006,51.94,porcentaje,2006-01-01
data4.csv,ENDIREH_DANO_PAREJA,Proporción de mujeres de 15 años y más que declararon haber experimentado al menos un incidente de violencia por parte de su actual o última pareja a lo largo de la relación por tipo de daño ocasionado a consecuencia de la violencia sufrida,consecuencias,pareja,pareja_actual_o_ultima,a_lo_largo_de_la_relacion,mujeres de 15 años y más,Aguascalientes,2006,27.62,porcentaje,2006-01-01
data4.csv,ENDIREH_DANO_PAREJA,Proporción de mujeres de 15 años y más que declararon haber experimentado al menos un incidente de violencia por parte de su actual o última pareja a lo largo de la relación por tipo de daño ocasionado a consecuencia de la violencia sufrida,consecuencias,pareja,pareja_actual_o_ultima,a_lo_largo_de_la_relacion,mujeres de 15 años y más,Aguascalientes,2006,45.91,porcentaje,2006-01-01
data4.csv,ENDIREH_DANO_PAREJA,Proporción de mujeres de 15 años y más que declararon haber experimentado al menos un incidente de violencia por parte de su actual o última pareja a lo largo de la relación por tipo de daño ocasionado a consecuencia de la violencia sufrida,consecuencias,pareja,pareja_actual_o_ultima,a_lo_largo_de_la_relacion,mujeres de 15 años y más,Aguascalientes,2006,26.0,porcentaje,2006-01-01
data4.csv,ENDIREH_DANO_PAREJA,Proporción de mujeres de 15 años y más que declararon haber experimentado al menos un incidente de violencia por parte de su actual o última pareja a lo largo de la relación por tipo de daño ocasionado a consecuencia de la violencia sufrida,consecuencias,pareja,pareja_actual_o_ultima,a_lo_largo_de_la_relacion,mujeres de 15 años y más,Baja California,2006,37.69,porcentaje,2006-01-01
data4.csv,ENDIREH_DANO_PAREJA,Proporción de mujeres de 15 años y más que declararon haber experimentado al menos un incidente de violencia por parte de su actual o última pareja a lo largo de la relación por tipo de daño ocasionado a consecuencia de la violencia sufrida,consecuencias,pareja,pareja_actual_o_ultima,a_lo_largo_de_la_relacion,mujeres de 15 años y más,Baja California,2006,40.28,porcentaje,2006-01-01
data4.csv,ENDIREH_DANO_PAREJA,Proporción de mujeres de 15 años y más que declararon haber experimentado al menos un incidente de violencia por parte de su actual o última pareja a lo largo de la relación por tipo de daño ocasionado a consecuencia de la violencia sufrida,consecuencias,pareja,pareja_actual_o_ultima,a_lo_largo_de_la_relacion,mujeres de 15 años y más,Baja California,2006,36.15,porcentaje,2006-01-01
data4.csv,ENDIREH_DANO_PAREJA,Proporción de mujeres de 15 años y más que declararon haber experimentado al menos un incidente de violencia por parte de su actual o última pareja a lo largo de la relación por tipo de daño ocasionado a consecuencia de la violencia sufrida,consecuencias,pareja,pareja_actual_o_ultima,a_lo_largo_de_la_relacion,mujeres de 15 años y más,Baja California,2006,21.39,porcentaje,2006-01-01
data4.csv,ENDIREH_DANO_PAREJA,Proporción de mujeres de 15 años y más que declararon haber experimentado al menos un incidente de violencia por parte de su actual o última pareja a lo largo de la relación por tipo de daño ocasionado a consecuencia de la violencia sufrida,consecuencias,pareja,pareja_actual_o_ultima,a_lo_largo_de_la_relacion,mujeres de 15 años y más,Baja California Sur,2006,38.22,porcentaje,2006-01-01
data4.csv,ENDIREH_DANO_PAREJA,Proporción de mujeres de 15 años y más que declararon haber experimentado al menos un incidente de violencia por parte de su actual o última pareja a lo largo de la relación por tipo de daño ocasionado a consecuencia de la violencia sufrida,consecuencias,pareja,pareja_actual_o_ultima,a_lo_largo_de_la_relacion,mujeres de 15 años y más,Baja California Sur,2006,38.03,porcentaje,2006-01-01
data4.csv,ENDIREH_DANO_PAREJA,Proporción de mujeres de 15 años y más que declararon haber experimentado al menos un incidente de violencia por parte de su actual o última pareja a lo largo de la relación por tipo de daño ocasionado a consecuencia de la violencia sufrida,consecuencias,pareja,pareja_actual_o_ultima,a_lo_largo_de_la_relacion,mujeres de 15 años y más,Baja California Sur,2006,36.2,porcentaje,2006-01-01
data4.csv,ENDIREH_DANO_PAREJA,Proporción de mujeres de 15 años y más que declararon haber experimentado al menos un incidente de violencia por parte de su actual o última pareja a lo largo de la relación por tipo de daño ocasionado a consecuencia de la violencia sufrida,consecuencias,pareja,pareja_actual_o_ultima,a_lo_largo_de_la_relacion,mujeres de 15 años y más,Baja California Sur,2006,23.42,porcentaje,2006-01-01
data4.csv,ENDIREH_DANO_PAREJA,Proporción de mujeres de 15 años y más que declararon haber experimentado al menos un incidente de violencia por parte de su actual o última pareja a lo largo de la relación por tipo de daño ocasionado a consecuencia de la violencia sufrida,consecuencias,pareja,pareja_actual_o_ultima,a_lo_largo_de_la_relacion,mujeres de 15 años y más,Campeche,2006,41.65,porcentaje,2006-01-01
data4.csv,ENDIREH_DANO_PAREJA,Proporción de mujeres de 15 años y más que declararon haber experimentado al menos un incidente de violencia por parte de su actual o última pareja a lo largo de la relación por tipo de daño ocasionado a consecuencia de la violencia sufrida,consecuencias,pareja,pareja_actual_o_ultima,a_lo_largo_de_la_relacion,mujeres de 15 años y más,Campeche,2006,43.32,porcentaje,2006-01-01
data4.csv,ENDIREH_DANO_PAREJA,Proporción de mujeres de 15 años y más que declararon haber experimentado al menos un incidente de violencia por parte de su actual o última pareja a lo largo de la relación por tipo de daño ocasionado a consecuencia de la violencia sufrida,consecuencias,pareja,pareja_actual_o_ultima,a_lo_largo_de_la_relacion,mujeres de 15 años y más,Campeche,2006,31.68,porcentaje,2006-01-01
data4.csv,ENDIREH_DANO_PAREJA,Proporción de mujeres de 15 años y más que declararon haber experimentado al menos un incidente de violencia por parte de su actual o última pareja a lo largo de la relación por tipo de daño ocasionado a consecuencia de la violencia sufrida,consecuencias,pareja,pareja_actual_o_ultima,a_lo_largo_de_la_relacion,mujeres de 15 años y más,Campeche,2006,24.02,porcentaje,2006-01-01
data4.csv,ENDIREH_DANO_PAREJA,Proporción de mujeres de 15 años y más que declararon haber experimentado al menos un incidente de violencia por parte de su actual o última pareja a lo largo de la relación por tipo de daño ocasionado a consecuencia de la violencia sufrida,consecuencias,pareja,pareja_actual_o_ultima,a_lo_largo_de_la_relacion,mujeres de 15 años y más,Coahuila,2006,36.68,porcentaje,2006-01-01
data4.csv,ENDIREH_DANO_PAREJA,Proporción de mujeres de 15 años y más que declararon haber experimentado al menos un incidente de violencia por parte de su actual o última pareja a lo largo de la relación por tipo de daño ocasionado a consecuencia de la violencia sufrida,consecuencias,pareja,pareja_actual_o_ultima,a_lo_largo_de_la_relacion,mujeres de 15 años y más,Coahuila,2006,36.34,porcentaje,2006-01-01
data4.csv,ENDIREH_DANO_PAREJA,Proporción de mujeres de 15 años y más que declararon haber experimentado al menos un incidente de violencia por parte de su actual o última pareja a lo largo de la relación por tipo de daño ocasionado a consecuencia de la violencia sufrida,consecuencias,pareja,pareja_actual_o_ultima,a_lo_largo_de_la_relacion,mujeres de 15 años y más,Coahuila,2006,32.49,porcentaje,2006-01-01
data4.csv,ENDIREH_DANO_PAREJA,Proporción de mujeres de 15 años y más que declararon haber experimentado al menos un incidente de violencia por parte de su actual o última pareja a lo largo de la relación por tipo de daño ocasionado a consecuencia de la violencia sufrida,consecuencias,pareja,pareja_actual_o_ultima,a_lo_largo_de_la_relacion,mujeres de 15 años y más,Coahuila,2006,29.73,porcentaje,2006-01-01
data4.csv,ENDIREH_DANO_PAREJA,Proporción de mujeres de 15 años y más que declararon haber experimentado al menos un incidente de violencia por parte de su actual o última pareja a lo largo de la relación por tipo de daño ocasionado a consecuencia de la violencia sufrida,consecuencias,pareja,pareja_actual_o_ultima,a_lo_largo_de_la_relacion,mujeres de 15 años y más,Colima,2006,59.47,porcentaje,2006-01-01
data4.csv,ENDIREH_DANO_PAREJA,Proporción de mujeres de 15 años y más que declararon haber experimentado al menos un incidente de violencia por parte de su actual o última pareja a lo largo de la relación por tipo de daño ocasionado a consecuencia de la violencia sufrida,consecuencias,pareja,pareja_actual_o_ultima,a_lo_largo_de_la_relacion,mujeres de 15 años y más,Colima,2006,34.73,porcentaje,2006-01-01
data4.csv,ENDIREH_DANO_PAREJA,Proporción de mujeres de 15 años y más que declararon haber experimentado al menos un incidente de violencia por parte de su actual o última pareja a lo largo de la relación por tipo de daño ocasionado a consecuencia de la violencia sufrida,consecuencias,pareja,pareja_actual_o_ultima,a_lo_largo_de_la_relacion,mujeres de 15 años y más,Colima,2006,42.59,porcentaje,2006-01-01
data4.csv,ENDIREH_DANO_PAREJA,Proporción de mujeres de 15 años y más que declararon haber experimentado al menos un incidente de violencia por parte de su actual o última pareja a lo largo de la relación por tipo de daño ocasionado a consecuencia de la violencia sufrida,consecuencias,pareja,pareja_actual_o_ultima,a_lo_largo_de_la_relacion,mujeres de 15 años y más,Colima,2006,22.14,porcentaje,2006-01-01
data4.csv,ENDIREH_DANO_PAREJA,Proporción de mujeres de 15 años y más que declararon haber experimentado al menos un incidente de violencia por parte de su actual o última pareja a lo largo de la relación por tipo de daño ocasionado a consecuencia de la violencia sufrida,consecuencias,pareja,pareja_actual_o_ultima,a_lo_largo_de_la_relacion,mujeres de 15 años y más,Chiapas,2006,37.9,porcentaje,2006-01-01
data4.csv,ENDIREH_DANO_PAREJA,Proporción de mujeres de 15 años y más que declararon haber experimentado al menos un incidente de violencia por parte de su actual o última pareja a lo largo de la relación por tipo de daño ocasionado a consecuencia de la violencia sufrida,consecuencias,pareja,pareja_actual_o_ultima,a_lo_largo_de_la_relacion,mujeres de 15 años y más,Chiapas,2006,45.54,porcentaje,2006-01-01
data4.csv,ENDIREH_DANO_PAREJA,Proporción de mujeres de 15 años y más que declararon haber experimentado al menos un incidente de violencia por parte de su actual o última pareja a lo largo de la relación por tipo de daño ocasionado a consecuencia de la violencia sufrida,consecuencias,pareja,pareja_actual_o_ultima,a_lo_largo_de_la_relacion,mujeres de 15 años y más,Chiapas,2006,34.52,porcentaje,2006-01-01
data4.csv,ENDIREH_DANO_PAREJA,Proporción de mujeres de 15 años y más que declararon haber experimentado al menos un incidente de violencia por parte de su actual o última pareja a lo largo de la relación por tipo de daño ocasionado a consecuencia de la violencia sufrida,consecuencias,pareja,pareja_actual_o_ultima,a_lo_largo_de_la_relacion,mujeres de 15 años y más,Chiapas,2006,18.93,porcentaje,2006-01-01
data4.csv,ENDIREH_DANO_PAREJA,Proporción de mujeres de 15 años y más que declararon haber experimentado al menos un incidente de violencia por parte de su actual o última pareja a lo largo de la relación por tipo de daño ocasionado a consecuencia de la violencia sufrida,consecuencias,pareja,pareja_actual_o_ultima,a_lo_largo_de_la_relacion,mujeres de 15 años y más,Chihuahua,2006,49.02,porcentaje,2006-01-01
data4.csv,ENDIREH_DANO_PAREJA,Proporción de mujeres de 15 años y más que declararon haber experimentado al menos un incidente de violencia por parte de su actual o última pareja a lo largo de la relación por tipo de daño ocasionado a consecuencia de la violencia sufrida,consecuencias,pareja,pareja_actual_o_ultima,a_lo_largo_de_la_relacion,mujeres de 15 años y más,Chihuahua,2006,31.26,porcentaje,2006-01-01
data4.csv,ENDIREH_DANO_PAREJA,Proporción de mujeres de 15 años y más que declararon haber experimentado al menos un incidente de violencia por parte de su actual o última pareja a lo largo de la relación por tipo de daño ocasionado a consecuencia de la violencia sufrida,consecuencias,pareja,pareja_actual_o_ultima,a_lo_largo_de_la_relacion,mujeres de 15 años y más,Chihuahua,2006,43.58,porcentaje,2006-01-01
data4.csv,ENDIREH_DANO_PAREJA,Proporción de mujeres de 15 años y más que declararon haber experimentado al menos un incidente de violencia por parte de su actual o última pareja a lo largo de la relación por tipo de daño ocasionado a consecuencia de la violencia sufrida,consecuencias,pareja,pareja_actual_o_ultima,a_lo_largo_de_la_relacion,mujeres de 15 años y más,Chihuahua,2006,22.93,porcentaje,2006-01-01
data4.csv,ENDIREH_DANO_PAREJA,Proporción de mujeres de 15 años y más que declararon haber experimentado al menos un incidente de violencia por parte de su actual o última pareja a lo largo de la relación por tipo de daño ocasionado a consecuencia de la violencia sufrida,consecuencias,pareja,pareja_actual_o_ultima,a_lo_largo_de_la_relacion,mujeres de 15 años y más,Ciudad de México,2006,48.24,porcentaje,2006-01-01
data4.csv,ENDIREH_DANO_PAREJA,Proporción de mujeres de 15 años y más que declararon haber experimentado al menos un incidente de violencia por parte de su actual o última pareja a lo largo de la relación por tipo de daño ocasionado a consecuencia de la violencia sufrida,consecuencias,pareja,pareja_actual_o_ultima,a_lo_largo_de_la_relacion,mujeres de 15 años y más,Ciudad de México,2006,34.52,porcentaje,2006-01-01
data4.csv,ENDIREH_DANO_PAREJA,Proporción de mujeres de 15 años y más que declararon haber experimentado al menos un incidente de violencia por parte de su actual o última pareja a lo largo de la relación por tipo de daño ocasionado a consecuencia de la violencia sufrida,consecuencias,pareja,pareja_actual_o_ultima,a_lo_largo_de_la_relacion,mujeres de 15 años y más,Ciudad de México,2006,38.21,porcentaje,2006-01-01
data4.csv,ENDIREH_DANO_PAREJA,Proporción de mujeres de 15 años y más que declararon haber experimentado al menos un incidente de violencia por parte de su actual o última pareja a lo largo de la relación por tipo de daño ocasionado a consecuencia de la violencia sufrida,consecuencias,pareja,pareja_actual_o_ultima,a_lo_largo_de_la_relacion,mujeres de 15 años y más,Ciudad de México,2006,25.62,porcentaje,2006-01-01
data4.csv,ENDIREH_DANO_PAREJA,Proporción de mujeres de 15 años y más que declararon haber experimentado al menos un incidente de violencia por parte de su actual o última pareja a lo largo de la relación por tipo de daño ocasionado a consecuencia de la violencia sufrida,consecuencias,pareja,pareja_actual_o_ultima,a_lo_largo_de_la_relacion,mujeres de 15 años y más,Durango,2006,55.48,porcentaje,2006-01-01
data4.csv,ENDIREH_DANO_PAREJA,Proporción de mujeres de 15 años y más que declararon haber experimentado al menos un incidente de violencia por parte de su actual o última pareja a lo largo de la relación por tipo de daño ocasionado a consecuencia de la violencia sufrida,consecuencias,pareja,pareja_actual_o_ultima,a_lo_largo_de_la_relacion,mujeres de 15 años y más,Durango,2006,33.14,porcentaje,2006-01-01
data4.csv,ENDIREH_DANO_PAREJA,Proporción de mujeres de 15 años y más que declararon haber experimentado al menos un incidente de violencia por parte de su actual o última pareja a lo largo de la relación por tipo de daño ocasionado a consecuencia de la violencia sufrida,consecuencias,pareja,pareja_actual_o_ultima,a_lo_largo_de_la_relacion,mujeres de 15 años y más,Durango,2006,42.41,porcentaje,2006-01-01
data4.csv,ENDIREH_DANO_PAREJA,Proporción de mujeres de 15 años y más que declararon haber experimentado al menos un incidente de violencia por parte de su actual o última pareja a lo largo de la relación por tipo de daño ocasionado a consecuencia de la violencia sufrida,consecuencias,pareja,pareja_actual_o_ultima,a_lo_largo_de_la_relacion,mujeres de 15 años y más,Durango,2006,24.12,porcentaje,2006-01-01
data4.csv,ENDIREH_DANO_PAREJA,Proporción de mujeres de 15 años y más que declararon haber experimentado al menos un incidente de violencia por parte de su actual o última pareja a lo largo de la relación por tipo de daño ocasionado a consecuencia de la violencia sufrida,consecuencias,pareja,pareja_actual_o_ultima,a_lo_largo_de_la_relacion,mujeres de 15 años y más,Guanajuato,2006,39.36,porcentaje,2006-01-01
data4.csv,ENDIREH_DANO_PAREJA,Proporción de mujeres de 15 años y más que declararon haber experimentado al menos un incidente de violencia por parte de su actual o última pareja a lo largo de la relación por tipo de daño ocasionado a consecuencia de la violencia sufrida,consecuencias,pareja,pareja_actual_o_ultima,a_lo_largo_de_la_relacion,mujeres de 15 años y más,Guanajuato,2006,26.27,porcentaje,2006-01-01
data4.csv,ENDIREH_DANO_PAREJA,Proporción de mujeres de 15 años y más que declararon haber experimentado al menos un incidente de violencia por parte de su actual o última pareja a lo largo de la relación por tipo de daño ocasionado a consecuencia de la violencia sufrida,consecuencias,pareja,pareja_actual_o_ultima,a_lo_largo_de_la_relacion,mujeres de 15 años y más,Guanajuato,2006,40.88,porcentaje,2006-01-01
data4.csv,ENDIREH_DANO_PAREJA,Proporción de mujeres de 15 años y más que declararon haber experimentado al menos un incidente de violencia por parte de su actual o última pareja a lo largo de la relación por tipo de daño ocasionado a consecuencia de la violencia sufrida,consecuencias,pareja,pareja_actual_o_ultima,a_lo_largo_de_la_relacion,mujeres de 15 años y más,Guanajuato,2006,30.04,porcentaje,2006-01-01
data4.csv,ENDIREH_DANO_PAREJA,Proporción de mujeres de 15 años y más que declararon haber experimentado al menos un incidente de violencia por parte de su actual o última pareja a lo largo de la relación por tipo de daño ocasionado a consecuencia de la violencia sufrida,consecuencias,pareja,pareja_actual_o_ultima,a_lo_largo_de_la_relacion,mujeres de 15 años y más,Guerrero,2006,48.8,porcentaje,2006-01-01
data4.csv,ENDIREH_DANO_PAREJA,Proporción de mujeres de 15 años y más que declararon haber experimentado al menos un incidente de violencia por parte de su actual o última pareja a lo largo de la relación por tipo de daño ocasionado a consecuencia de la violencia sufrida,consecuencias,pareja,pareja_actual_o_ultima,a_lo_largo_de_la_relacion,mujeres de 15 años y más,Guerrero,2006,33.22,porcentaje,2006-01-01
data4.csv,ENDIREH_DANO_PAREJA,Proporción de mujeres de 15 años y más que declararon haber experimentado al menos un incidente de violencia por parte de su actual o última pareja a lo largo de la relación por tipo de daño ocasionado a consecuencia de la violencia sufrida,consecuencias,pareja,pareja_actual_o_ultima,a_lo_largo_de_la_relacion,mujeres de 15 años y más,Guerrero,2006,37.42,porcentaje,2006-01-01
data4.csv,ENDIREH_DANO_PAREJA,Proporción de mujeres de 15 años y más que declararon haber experimentado al menos un incidente de violencia por parte de su actual o última pareja a lo largo de la relación por tipo de daño ocasionado a consecuencia de la violencia sufrida,consecuencias,pareja,pareja_actual_o_ultima,a_lo_largo_de_la_relacion,mujeres de 15 años y más,Guerrero,2006,27.84,porcentaje,2006-01-01
data4.csv,ENDIREH_DANO_PAREJA,Proporción de mujeres de 15 años y más que declararon haber experimentado al menos un incidente de violencia por parte de su actual o última pareja a lo largo de la relación por tipo de daño ocasionado a consecuencia de la violencia sufrida,consecuencias,pareja,pareja_actual_o_ultima,a_lo_largo_de_la_relacion,mujeres de 15 años y más,Hidalgo,2006,49.67,porcentaje,2006-01-01
data4.csv,ENDIREH_DANO_PAREJA,Proporción de mujeres de 15 años y más que declararon haber experimentado al menos un incidente de violencia por parte de su actual o última pareja a lo largo de la relación por tipo de daño ocasionado a consecuencia de la violencia sufrida,consecuencias,pareja,pareja_actual_o_ultima,a_lo_largo_de_la_relacion,mujeres de 15 años y más,Hidalgo,2006,31.6,porcentaje,2006-01-01
data4.csv,ENDIREH_DANO_PAREJA,Proporción de mujeres de 15 años y más que declararon haber experimentado al menos un incidente de violencia por parte de su actual o última pareja a lo largo de la relación por tipo de daño ocasionado a consecuencia de la violencia sufrida,consecuencias,pareja,pareja_actual_o_ultima,a_lo_largo_de_la_relacion,mujeres de 15 años y más,Hidalgo,2006,40.62,porcentaje,2006-01-01
data4.csv,ENDIREH_DANO_PAREJA,Proporción de mujeres de 15 años y más que declararon haber experimentado al menos un incidente de violencia por parte de su actual o última pareja a lo largo de la relación por tipo de daño ocasionado a consecuencia de la violencia sufrida,consecuencias,pareja,pareja_actual_o_ultima,a_lo_largo_de_la_relacion,mujeres de 15 años y más,Hidalgo,2006,27.34,porcentaje,2006-01-01
data4.csv,ENDIREH_DANO_PAREJA,Proporción de mujeres de 15 años y más que declararon haber experimentado al menos un incidente de violencia por parte de su actual o última pareja a lo largo de la relación por tipo de daño ocasionado a consecuencia de la violencia sufrida,consecuencias,pareja,pareja_actual_o_ultima,a_lo_largo_de_la_relacion,mujeres de 15 años y más,Jalisco,2006,61.17,porcentaje,2006-01-01
data4.csv,ENDIREH_DANO_PAREJA,Proporción de mujeres de 15 años y más que declararon haber experimentado al menos un incidente de violencia por parte de su actual o última pareja a lo largo de la relación por tipo de daño ocasionado a consecuencia de la violencia sufrida,consecuencias,pareja,pareja_actual_o_ultima,a_lo_largo_de_la_relacion,mujeres de 15 años y más,Jalisco,2006,25.48,porcentaje,2006-01-01
data4.csv,ENDIREH_DANO_PAREJA,Proporción de mujeres de 15 años y más que declararon haber experimentado al menos un incidente de violencia por parte de su actual o última pareja a lo largo de la relación por tipo de daño ocasionado a consecuencia de la violencia sufrida,consecuencias,pareja,pareja_actual_o_ultima,a_lo_largo_de_la_relacion,mujeres de 15 años y más,Jalisco,2006,51.56,porcentaje,2006-01-01
data4.csv,ENDIREH_DANO_PAREJA,Proporción de mujeres de 15 años y más que declararon haber experimentado al menos un incidente de violencia por parte de su actual o última pareja a lo largo de la relación por tipo de daño ocasionado a consecuencia de la violencia sufrida,consecuencias,pareja,pareja_actual_o_ultima,a_lo_largo_de_la_relacion,mujeres de 15 años y más,Jalisco,2006,22.89,porcentaje,2006-01-01
data4.csv,ENDIREH_DANO_PAREJA,Proporción de mujeres de 15 años y más que declararon haber experimentado al menos un incidente de violencia por parte de su actual o última pareja a lo largo de la relación por tipo de daño ocasionado a consecuencia de la violencia sufrida,consecuencias,pareja,pareja_actual_o_ultima,a_lo_largo_de_la_relacion,mujeres de 15 años y más,Estado de México,2006,62.08,porcentaje,2006-01-01
data4.csv,ENDIREH_DANO_PAREJA,Proporción de mujeres de 15 años y más que declararon haber experimentado al menos un incidente de violencia por parte de su actual o última pareja a lo largo de la relación por tipo de daño ocasionado a consecuencia de la violencia sufrida,consecuencias,pareja,pareja_actual_o_ultima,a_lo_largo_de_la_relacion,mujeres de 15 años y más,Estado de México,2006,30.1,porcentaje,2006-01-01
data4.csv,ENDIREH_DANO_PAREJA,Proporción de mujeres de 15 años y más que declararon haber experimentado al menos un incidente de violencia por parte de su actual o última pareja a lo largo de la relación por tipo de daño ocasionado a consecuencia de la violencia sufrida,consecuencias,pareja,pareja_actual_o_ultima,a_lo_largo_de_la_relacion,mujeres de 15 años y más,Estado de México,2006,42.65,porcentaje,2006-01-01
data4.csv,ENDIREH_DANO_PAREJA,Proporción de mujeres de 15 años y más que declararon haber experimentado al menos un incidente de violencia por parte de su actual o última pareja a lo largo de la relación por tipo de daño ocasionado a consecuencia de la violencia sufrida,consecuencias,pareja,pareja_actual_o_ultima,a_lo_largo_de_la_relacion,mujeres de 15 años y más,Estado de México,2006,26.84,porcentaje,2006-01-01
data4.csv,ENDIREH_DANO_PAREJA,Proporción de mujeres de 15 años y más que declararon haber experimentado al menos un incidente de violencia por parte de su actual o última pareja a lo largo de la relación por tipo de daño ocasionado a consecuencia de la violencia sufrida,consecuencias,pareja,pareja_actual_o_ultima,a_lo_largo_de_la_relacion,mujeres de 15 años y más,Michoacán de Ocampo,2006,44.59,porcentaje,2006-01-01
data4.csv,ENDIREH_DANO_PAREJA,Proporción de mujeres de 15 años y más que declararon haber experimentado al menos un incidente de violencia por parte de su actual o última pareja a lo largo de la relación por tipo de daño ocasionado a consecuencia de la violencia sufrida,consecuencias,pareja,pareja_actual_o_ultima,a_lo_largo_de_la_relacion,mujeres de 15 años y más,Michoacán de Ocampo,2006,22.35,porcentaje,2006-01-01
data4.csv,ENDIREH_DANO_PAREJA,Proporción de mujeres de 15 años y más que declararon haber experimentado al menos un incidente de violencia por parte de su actual o última pareja a lo largo de la relación por tipo de daño ocasionado a consecuencia de la violencia sufrida,consecuencias,pareja,pareja_actual_o_ultima,a_lo_largo_de_la_relacion,mujeres de 15 años y más,Michoacán de Ocampo,2006,47.35,porcentaje,2006-01-01
data4.csv,ENDIREH_DANO_PAREJA,Proporción de mujeres de 15 años y más que declararon haber experimentado al menos un incidente de violencia por parte de su actual o última pareja a lo largo de la relación por tipo de daño ocasionado a consecuencia de la violencia sufrida,consecuencias,pareja,pareja_actual_o_ultima,a_lo_largo_de_la_relacion,mujeres de 15 años y más,Michoacán de Ocampo,2006,29.11,porcentaje,2006-01-01
data4.csv,ENDIREH_DANO_PAREJA,Proporción de mujeres de 15 años y más que declararon haber experimentado al menos un incidente de violencia por parte de su actual o última pareja a lo largo de la relación por tipo de daño ocasionado a consecuencia de la violencia sufrida,consecuencias,pareja,pareja_actual_o_ultima,a_lo_largo_de_la_relacion,mujeres de 15 años y más,Morelos,2006,52.85,porcentaje,2006-01-01
data4.csv,ENDIREH_DANO_PAREJA,Proporción de mujeres de 15 años y más que declararon haber experimentado al menos un incidente de violencia por parte de su actual o última pareja a lo largo de la relación por tipo de daño ocasionado a consecuencia de la violencia sufrida,consecuencias,pareja,pareja_actual_o_ultima,a_lo_largo_de_la_relacion,mujeres de 15 años y más,Morelos,2006,34.06,porcentaje,2006-01-01
data4.csv,ENDIREH_DANO_PAREJA,Proporción de mujeres de 15 años y más que declararon haber experimentado al menos un incidente de violencia por parte de su actual o última pareja a lo largo de la relación por tipo de daño ocasionado a consecuencia de la violencia sufrida,consecuencias,pareja,pareja_actual_o_ultima,a_lo_largo_de_la_relacion,mujeres de 15 años y más,Morelos,2006,39.36,porcentaje,2006-01-01
data4.csv,ENDIREH_DANO_PAREJA,Proporción de mujeres de 15 años y más que declararon haber experimentado al menos un incidente de violencia por parte de su actual o última pareja a lo largo de la relación por tipo de daño ocasionado a consecuencia de la violencia sufrida,consecuencias,pareja,pareja_actual_o_ultima,a_lo_largo_de_la_relacion,mujeres de 15 años y más,Morelos,2006,25.64,porcentaje,2006-01-01
data4.csv,ENDIREH_DANO_PAREJA,Proporción de mujeres de 15 años y más que declararon haber experimentado al menos un incidente de violencia por parte de su actual o última pareja a lo largo de la relación por tipo de daño ocasionado a consecuencia de la violencia sufrida,consecuencias,pareja,pareja_actual_o_ultima,a_lo_largo_de_la_relacion,mujeres de 15 años y más,Nayarit,2006,44.8,porcentaje,2006-01-01
data4.csv,ENDIREH_DANO_PAREJA,Proporción de mujeres de 15 años y más que declararon haber experimentado al menos un incidente de violencia por parte de su actual o última pareja a lo largo de la relación por tipo de daño ocasionado a consecuencia de la violencia sufrida,consecuencias,pareja,pareja_actual_o_ultima,a_lo_largo_de_la_relacion,mujeres de 15 años y más,Nayarit,2006,32.55,porcentaje,2006-01-01
data4.csv,ENDIREH_DANO_PAREJA,Proporción de mujeres de 15 años y más que declararon haber experimentado al menos un incidente de violencia por parte de su actual o última pareja a lo largo de la relación por tipo de daño ocasionado a consecuencia de la violencia sufrida,consecuencias,pareja,pareja_actual_o_ultima,a_lo_largo_de_la_relacion,mujeres de 15 años y más,Nayarit,2006,45.87,porcentaje,2006-01-01
data4.csv,ENDIREH_DANO_PAREJA,Proporción de mujeres de 15 años y más que declararon haber experimentado al menos un incidente de violencia por parte de su actual o última pareja a lo largo de la relación por tipo de daño ocasionado a consecuencia de la violencia sufrida,consecuencias,pareja,pareja_actual_o_ultima,a_lo_largo_de_la_relacion,mujeres de 15 años y más,Nayarit,2006,20.27,porcentaje,2006-01-01
data4.csv,ENDIREH_DANO_PAREJA,Proporción de mujeres de 15 años y más que declararon haber experimentado al menos un incidente de violencia por parte de su actual o última pareja a lo largo de la relación por tipo de daño ocasionado a consecuencia de la violencia sufrida,consecuencias,pareja,pareja_actual_o_ultima,a_lo_largo_de_la_relacion,mujeres de 15 años y más,Nuevo León,2006,38.92,porcentaje,2006-01-01
data4.csv,ENDIREH_DANO_PAREJA,Proporción de mujeres de 15 años y más que declararon haber experimentado al menos un incidente de violencia por parte de su actual o última pareja a lo largo de la relación por tipo de daño ocasionado a consecuencia de la violencia sufrida,consecuencias,pareja,pareja_actual_o_ultima,a_lo_largo_de_la_relacion,mujeres de 15 años y más,Nuevo León,2006,44.91,porcentaje,2006-01-01
data4.csv,ENDIREH_DANO_PAREJA,Proporción de mujeres de 15 años y más que declararon haber experimentado al menos un incidente de violencia por parte de su actual o última pareja a lo largo de la relación por tipo de daño ocasionado a consecuencia de la violencia sufrida,consecuencias,pareja,pareja_actual_o_ultima,a_lo_largo_de_la_relacion,mujeres de 15 años y más,Nuevo León,2006,33.19,porcentaje,2006-01-01
data4.csv,ENDIREH_DANO_PAREJA,Proporción de mujeres de 15 años y más que declararon haber experimentado al menos un incidente de violencia por parte de su actual o última pareja a lo largo de la relación por tipo de daño ocasionado a consecuencia de la violencia sufrida,consecuencias,pareja,pareja_actual_o_ultima,a_lo_largo_de_la_relacion,mujeres de 15 años y más,Nuevo León,2006,19.61,porcentaje,2006-01-01
data4.csv,ENDIREH_DANO_PAREJA,Proporción de mujeres de 15 años y más que declararon haber experimentado al menos un incidente de violencia por parte de su actual o última pareja a lo largo de la relación por tipo de daño ocasionado a consecuencia de la violencia sufrida,consecuencias,pareja,pareja_actual_o_ultima,a_lo_largo_de_la_relacion,mujeres de 15 años y más,Oaxaca,2006,48.45,porcentaje,2006-01-01
data4.csv,ENDIREH_DANO_PAREJA,Proporción de mujeres de 15 años y más que declararon haber experimentado al menos un incidente de violencia por parte de su actual o última pareja a lo largo de la relación por tipo de daño ocasionado a consecuencia de la violencia sufrida,consecuencias,pareja,pareja_actual_o_ultima,a_lo_largo_de_la_relacion,mujeres de 15 años y más,Oaxaca,2006,37.2,porcentaje,2006-01-01
data4.csv,ENDIREH_DANO_PAREJA,Proporción de mujeres de 15 años y más que declararon haber experimentado al menos un incidente de violencia por parte de su actual o última pareja a lo largo de la relación por tipo de daño ocasionado a consecuencia de la violencia sufrida,consecuencias,pareja,pareja_actual_o_ultima,a_lo_largo_de_la_relacion,mujeres de 15 años y más,Oaxaca,2006,36.35,porcentaje,2006-01-01
data4.csv,ENDIREH_DANO_PAREJA,Proporción de mujeres de 15 años y más que declararon haber experimentado al menos un incidente de violencia por parte de su actual o última pareja a lo largo de la relación por tipo de daño ocasionado a consecuencia de la violencia sufrida,consecuencias,pareja,pareja_actual_o_ultima,a_lo_largo_de_la_relacion,mujeres de 15 años y más,Oaxaca,2006,26.26,porcentaje,2006-01-01
data4.csv,ENDIREH_DANO_PAREJA,Proporción de mujeres de 15 años y más que declararon haber experimentado al menos un incidente de violencia por parte de su actual o última pareja a lo largo de la relación por tipo de daño ocasionado a consecuencia de la violencia sufrida,consecuencias,pareja,pareja_actual_o_ultima,a_lo_largo_de_la_relacion,mujeres de 15 años y más,Puebla,2006,53.28,porcentaje,2006-01-01
data4.csv,ENDIREH_DANO_PAREJA,Proporción de mujeres de 15 años y más que declararon haber experimentado al menos un incidente de violencia por parte de su actual o última pareja a lo largo de la relación por tipo de daño ocasionado a consecuencia de la violencia sufrida,consecuencias,pareja,pareja_actual_o_ultima,a_lo_largo_de_la_relacion,mujeres de 15 años y más,Puebla,2006,33.83,porcentaje,2006-01-01
data4.csv,ENDIREH_DANO_PAREJA,Proporción de mujeres de 15 años y más que declararon haber experimentado al menos un incidente de violencia por parte de su actual o última pareja a lo largo de la relación por tipo de daño ocasionado a consecuencia de la violencia sufrida,consecuencias,pareja,pareja_actual_o_ultima,a_lo_largo_de_la_relacion,mujeres de 15 años y más,Puebla,2006,37.65,porcentaje,2006-01-01
data4.csv,ENDIREH_DANO_PAREJA,Proporción de mujeres de 15 años y más que declararon haber experimentado al menos un incidente de violencia por parte de su actual o última pareja a lo largo de la relación por tipo de daño ocasionado a consecuencia de la violencia sufrida,consecuencias,pareja,pareja_actual_o_ultima,a_lo_largo_de_la_relacion,mujeres de 15 años y más,Puebla,2006,27.16,porcentaje,2006-01-01
data4.csv,ENDIREH_DANO_PAREJA,Proporción de mujeres de 15 años y más que declararon haber experimentado al menos un incidente de violencia por parte de su actual o última pareja a lo largo de la relación por tipo de daño ocasionado a consecuencia de la violencia sufrida,consecuencias,pareja,pareja_actual_o_ultima,a_lo_largo_de_la_relacion,mujeres de 15 años y más,Querétaro,2006,43.25,porcentaje,2006-01-01
data4.csv,ENDIREH_DANO_PAREJA,Proporción de mujeres de 15 años y más que declararon haber experimentado al menos un incidente de violencia por parte de su actual o última pareja a lo largo de la relación por tipo de daño ocasionado a consecuencia de la violencia sufrida,consecuencias,pareja,pareja_actual_o_ultima,a_lo_largo_de_la_relacion,mujeres de 15 años y más,Querétaro,2006,28.08,porcentaje,2006-01-01
data4.csv,ENDIREH_DANO_PAREJA,Proporción de mujeres de 15 años y más que declararon haber experimentado al menos un incidente de violencia por parte de su actual o última pareja a lo largo de la relación por tipo de daño ocasionado a consecuencia de la violencia sufrida,consecuencias,pareja,pareja_actual_o_ultima,a_lo_largo_de_la_relacion,mujeres de 15 años y más,Querétaro,2006,45.21,porcentaje,2006-01-01
data4.csv,ENDIREH_DANO_PAREJA,Proporción de mujeres de 15 años y más que declararon haber experimentado al menos un incidente de violencia por parte de su actual o última pareja a lo largo de la relación por tipo de daño ocasionado a consecuencia de la violencia sufrida,consecuencias,pareja,pareja_actual_o_ultima,a_lo_largo_de_la_relacion,mujeres de 15 años y más,Querétaro,2006,26.71,porcentaje,2006-01-01
data4.csv,ENDIREH_DANO_PAREJA,Proporción de mujeres de 15 años y más que declararon haber experimentado al menos un incidente de violencia por parte de su actual o última pareja a lo largo de la relación por tipo de daño ocasionado a consecuencia de la violencia sufrida,consecuencias,pareja,pareja_actual_o_ultima,a_lo_largo_de_la_relacion,mujeres de 15 años y más,Quintana Roo,2006,44.42,porcentaje,2006-01-01
data4.csv,ENDIREH_DANO_PAREJA,Proporción de mujeres de 15 años y más que declararon haber experimentado al menos un incidente de violencia por parte de su actual o última pareja a lo largo de la relación por tipo de daño ocasionado a consecuencia de la violencia sufrida,consecuencias,pareja,pareja_actual_o_ultima,a_lo_largo_de_la_relacion,mujeres de 15 años y más,Quintana Roo,2006,36.4,porcentaje,2006-01-01
data4.csv,ENDIREH_DANO_PAREJA,Proporción de mujeres de 15 años y más que declararon haber experimentado al menos un incidente de violencia por parte de su actual o última pareja a lo largo de la relación por tipo de daño ocasionado a consecuencia de la violencia sufrida,consecuencias,pareja,pareja_actual_o_ultima,a_lo_largo_de_la_relacion,mujeres de 15 años y más,Quintana Roo,2006,34.41,porcentaje,2006-01-01
data4.csv,ENDIREH_DANO_PAREJA,Proporción de mujeres de 15 años y más que declararon haber experimentado al menos un incidente de violencia por parte de su actual o última pareja a lo largo de la relación por tipo de daño ocasionado a consecuencia de la violencia sufrida,consecuencias,pareja,pareja_actual_o_ultima,a_lo_largo_de_la_relacion,mujeres de 15 años y más,Quintana Roo,2006,26.92,porcentaje,2006-01-01
data4.csv,ENDIREH_DANO_PAREJA,Proporción de mujeres de 15 años y más que declararon haber experimentado al menos un incidente de violencia por parte de su actual o última pareja a lo largo de la relación por tipo de daño ocasionado a consecuencia de la violencia sufrida,consecuencias,pareja,pareja_actual_o_ultima,a_lo_largo_de_la_relacion,mujeres de 15 años y más,San Luis Potosí,2006,45.45,porcentaje,2006-01-01
data4.csv,ENDIREH_DANO_PAREJA,Proporción de mujeres de 15 años y más que declararon haber experimentado al menos un incidente de violencia por parte de su actual o última pareja a lo largo de la relación por tipo de daño ocasionado a consecuencia de la violencia sufrida,consecuencias,pareja,pareja_actual_o_ultima,a_lo_largo_de_la_relacion,mujeres de 15 años y más,San Luis Potosí,2006,36.12,porcentaje,2006-01-01
data4.csv,ENDIREH_DANO_PAREJA,Proporción de mujeres de 15 años y más que declararon haber experimentado al menos un incidente de violencia por parte de su actual o última pareja a lo largo de la relación por tipo de daño ocasionado a consecuencia de la violencia sufrida,consecuencias,pareja,pareja_actual_o_ultima,a_lo_largo_de_la_relacion,mujeres de 15 años y más,San Luis Potosí,2006,37.9,porcentaje,2006-01-01
data4.csv,ENDIREH_DANO_PAREJA,Proporción de mujeres de 15 años y más que declararon haber experimentado al menos un incidente de violencia por parte de su actual o última pareja a lo largo de la relación por tipo de daño ocasionado a consecuencia de la violencia sufrida,consecuencias,pareja,pareja_actual_o_ultima,a_lo_largo_de_la_relacion,mujeres de 15 años y más,San Luis Potosí,2006,25.55,porcentaje,2006-01-01
data4.csv,ENDIREH_DANO_PAREJA,Proporción de mujeres de 15 años y más que declararon haber experimentado al menos un incidente de violencia por parte de su actual o última pareja a lo largo de la relación por tipo de daño ocasionado a consecuencia de la violencia sufrida,consecuencias,pareja,pareja_actual_o_ultima,a_lo_largo_de_la_relacion,mujeres de 15 años y más,Sinaloa,2006,46.28,porcentaje,2006-01-01
data4.csv,ENDIREH_DANO_PAREJA,Proporción de mujeres de 15 años y más que declararon haber experimentado al menos un incidente de violencia por parte de su actual o última pareja a lo largo de la relación por tipo de daño ocasionado a consecuencia de la violencia sufrida,consecuencias,pareja,pareja_actual_o_ultima,a_lo_largo_de_la_relacion,mujeres de 15 años y más,Sinaloa,2006,38.87,porcentaje,2006-01-01
data4.csv,ENDIREH_DANO_PAREJA,Proporción de mujeres de 15 años y más que declararon haber experimentado al menos un incidente de violencia por parte de su actual o última pareja a lo largo de la relación por tipo de daño ocasionado a consecuencia de la violencia sufrida,consecuencias,pareja,pareja_actual_o_ultima,a_lo_largo_de_la_relacion,mujeres de 15 años y más,Sinaloa,2006,43.32,porcentaje,2006-01-01
data4.csv,ENDIREH_DANO_PAREJA,Proporción de mujeres de 15 años y más que declararon haber experimentado al menos un incidente de violencia por parte de su actual o última pareja a lo largo de la relación por tipo de daño ocasionado a consecuencia de la violencia sufrida,consecuencias,pareja,pareja_actual_o_ultima,a_lo_largo_de_la_relacion,mujeres de 15 años y más,Sinaloa,2006,16.7,porcentaje,2006-01-01
data4.csv,ENDIREH_DANO_PAREJA,Proporción de mujeres de 15 años y más que declararon haber experimentado al menos un incidente de violencia por parte de su actual o última pareja a lo largo de la relación por tipo de daño ocasionado a consecuencia de la violencia sufrida,consecuencias,pareja,pareja_actual_o_ultima,a_lo_largo_de_la_relacion,mujeres de 15 años y más,Sonora,2006,48.06,porcentaje,2006-01-01
data4.csv,ENDIREH_DANO_PAREJA,Proporción de mujeres de 15 años y más que declararon haber experimentado al menos un incidente de violencia por parte de su actual o última pareja a lo largo de la relación por tipo de daño ocasionado a consecuencia de la violencia sufrida,consecuencias,pareja,pareja_actual_o_ultima,a_lo_largo_de_la_relacion,mujeres de 15 años y más,Sonora,2006,37.76,porcentaje,2006-01-01
data4.csv,ENDIREH_DANO_PAREJA,Proporción de mujeres de 15 años y más que declararon haber experimentado al menos un incidente de violencia por parte de su actual o última pareja a lo largo de la relación por tipo de daño ocasionado a consecuencia de la violencia sufrida,consecuencias,pareja,pareja_actual_o_ultima,a_lo_largo_de_la_relacion,mujeres de 15 años y más,Sonora,2006,41.8,porcentaje,2006-01-01
data4.csv,ENDIREH_DANO_PAREJA,Proporción de mujeres de 15 años y más que declararon haber experimentado al menos un incidente de violencia por parte de su actual o última pareja a lo largo de la relación por tipo de daño ocasionado a consecuencia de la violencia sufrida,consecuencias,pareja,pareja_actual_o_ultima,a_lo_largo_de_la_relacion,mujeres de 15 años y más,Sonora,2006,19.64,porcentaje,2006-01-01
data4.csv,ENDIREH_DANO_PAREJA,Proporción de mujeres de 15 años y más que declararon haber experimentado al menos un incidente de violencia por parte de su actual o última pareja a lo largo de la relación por tipo de daño ocasionado a consecuencia de la violencia sufrida,consecuencias,pareja,pareja_actual_o_ultima,a_lo_largo_de_la_relacion,mujeres de 15 años y más,Tabasco,2006,54.87,porcentaje,2006-01-01
data4.csv,ENDIREH_DANO_PAREJA,Proporción de mujeres de 15 años y más que declararon haber experimentado al menos un incidente de violencia por parte de su actual o última pareja a lo largo de la relación por tipo de daño ocasionado a consecuencia de la violencia sufrida,consecuencias,pareja,pareja_actual_o_ultima,a_lo_largo_de_la_relacion,mujeres de 15 años y más,Tabasco,2006,39.37,porcentaje,2006-01-01
data4.csv,ENDIREH_DANO_PAREJA,Proporción de mujeres de 15 años y más que declararon haber experimentado al menos un incidente de violencia por parte de su actual o última pareja a lo largo de la relación por tipo de daño ocasionado a consecuencia de la violencia sufrida,consecuencias,pareja,pareja_actual_o_ultima,a_lo_largo_de_la_relacion,mujeres de 15 años y más,Tabasco,2006,34.5,porcentaje,2006-01-01
data4.csv,ENDIREH_DANO_PAREJA,Proporción de mujeres de 15 años y más que declararon haber experimentado al menos un incidente de violencia por parte de su actual o última pareja a lo largo de la relación por tipo de daño ocasionado a consecuencia de la violencia sufrida,consecuencias,pareja,pareja_actual_o_ultima,a_lo_largo_de_la_relacion,mujeres de 15 años y más,Tabasco,2006,25.52,porcentaje,2006-01-01
data4.csv,ENDIREH_DANO_PAREJA,Proporción de mujeres de 15 años y más que declararon haber experimentado al menos un incidente de violencia por parte de su actual o última pareja a lo largo de la relación por tipo de daño ocasionado a consecuencia de la violencia sufrida,consecuencias,pareja,pareja_actual_o_ultima,a_lo_largo_de_la_relacion,mujeres de 15 años y más,Tamaulipas,2006,40.78,porcentaje,2006-01-01
data4.csv,ENDIREH_DANO_PAREJA,Proporción de mujeres de 15 años y más que declararon haber experimentado al menos un incidente de violencia por parte de su actual o última pareja a lo largo de la relación por tipo de daño ocasionado a consecuencia de la violencia sufrida,consecuencias,pareja,pareja_actual_o_ultima,a_lo_largo_de_la_relacion,mujeres de 15 años y más,Tamaulipas,2006,39.54,porcentaje,2006-01-01
data4.csv,ENDIREH_DANO_PAREJA,Proporción de mujeres de 15 años y más que declararon haber experimentado al menos un incidente de violencia por parte de su actual o última pareja a lo largo de la relación por tipo de daño ocasionado a consecuencia de la violencia sufrida,consecuencias,pareja,pareja_actual_o_ultima,a_lo_largo_de_la_relacion,mujeres de 15 años y más,Tamaulipas,2006,39.41,porcentaje,2006-01-01
data4.csv,ENDIREH_DANO_PAREJA,Proporción de mujeres de 15 años y más que declararon haber experimentado al menos un incidente de violencia por parte de su actual o última pareja a lo largo de la relación por tipo de daño ocasionado a consecuencia de la violencia sufrida,consecuencias,pareja,pareja_actual_o_ultima,a_lo_largo_de_la_relacion,mujeres de 15 años y más,Tamaulipas,2006,19.13,porcentaje,2006-01-01
data4.csv,ENDIREH_DANO_PAREJA,Proporción de mujeres de 15 años y más que declararon haber experimentado al menos un incidente de violencia por parte de su actual o última pareja a lo largo de la relación por tipo de daño ocasionado a consecuencia de la violencia sufrida,consecuencias,pareja,pareja_actual_o_ultima,a_lo_largo_de_la_relacion,mujeres de 15 años y más,Tlaxcala,2006,45.45,porcentaje,2006-01-01
data4.csv,ENDIREH_DANO_PAREJA,Proporción de mujeres de 15 años y más que declararon haber experimentado al menos un incidente de violencia por parte de su actual o última pareja a lo largo de la relación por tipo de daño ocasionado a consecuencia de la violencia sufrida,consecuencias,pareja,pareja_actual_o_ultima,a_lo_largo_de_la_relacion,mujeres de 15 años y más,Tlaxcala,2006,31.04,porcentaje,2006-01-01
data4.csv,ENDIREH_DANO_PAREJA,Proporción de mujeres de 15 años y más que declararon haber experimentado al menos un incidente de violencia por parte de su actual o última pareja a lo largo de la relación por tipo de daño ocasionado a consecuencia de la violencia sufrida,consecuencias,pareja,pareja_actual_o_ultima,a_lo_largo_de_la_relacion,mujeres de 15 años y más,Tlaxcala,2006,39.25,porcentaje,2006-01-01
data4.csv,ENDIREH_DANO_PAREJA,Proporción de mujeres de 15 años y más que declararon haber experimentado al menos un incidente de violencia por parte de su actual o última pareja a lo largo de la relación por tipo de daño ocasionado a consecuencia de la violencia sufrida,consecuencias,pareja,pareja_actual_o_ultima,a_lo_largo_de_la_relacion,mujeres de 15 años y más,Tlaxcala,2006,27.7,porcentaje,2006-01-01
data4.csv,ENDIREH_DANO_PAREJA,Proporción de mujeres de 15 años y más que declararon haber experimentado al menos un incidente de violencia por parte de su actual o última pareja a lo largo de la relación por tipo de daño ocasionado a consecuencia de la violencia sufrida,consecuencias,pareja,pareja_actual_o_ultima,a_lo_largo_de_la_relacion,mujeres de 15 años y más,Veracruz,2006,45.09,porcentaje,2006-01-01
data4.csv,ENDIREH_DANO_PAREJA,Proporción de mujeres de 15 años y más que declararon haber experimentado al menos un incidente de violencia por parte de su actual o última pareja a lo largo de la relación por tipo de daño ocasionado a consecuencia de la violencia sufrida,consecuencias,pareja,pareja_actual_o_ultima,a_lo_largo_de_la_relacion,mujeres de 15 años y más,Veracruz,2006,38.16,porcentaje,2006-01-01
data4.csv,ENDIREH_DANO_PAREJA,Proporción de mujeres de 15 años y más que declararon haber experimentado al menos un incidente de violencia por parte de su actual o última pareja a lo largo de la relación por tipo de daño ocasionado a consecuencia de la violencia sufrida,consecuencias,pareja,pareja_actual_o_ultima,a_lo_largo_de_la_relacion,mujeres de 15 años y más,Veracruz,2006,35.45,porcentaje,2006-01-01
data4.csv,ENDIREH_DANO_PAREJA,Proporción de mujeres de 15 años y más que declararon haber experimentado al menos un incidente de violencia por parte de su actual o última pareja a lo largo de la relación por tipo de daño ocasionado a consecuencia de la violencia sufrida,consecuencias,pareja,pareja_actual_o_ultima,a_lo_largo_de_la_relacion,mujeres de 15 años y más,Veracruz,2006,25.58,porcentaje,2006-01-01
data4.csv,ENDIREH_DANO_PAREJA,Proporción de mujeres de 15 años y más que declararon haber experimentado al menos un incidente de violencia por parte de su actual o última pareja a lo largo de la relación por tipo de daño ocasionado a consecuencia de la violencia sufrida,consecuencias,pareja,pareja_actual_o_ultima,a_lo_largo_de_la_relacion,mujeres de 15 años y más,Yucatán,2006,43.31,porcentaje,2006-01-01
data4.csv,ENDIREH_DANO_PAREJA,Proporción de mujeres de 15 años y más que declararon haber experimentado al menos un incidente de violencia por parte de su actual o última pareja a lo largo de la relación por tipo de daño ocasionado a consecuencia de la violencia sufrida,consecuencias,pareja,pareja_actual_o_ultima,a_lo_largo_de_la_relacion,mujeres de 15 años y más,Yucatán,2006,42.52,porcentaje,2006-01-01
data4.csv,ENDIREH_DANO_PAREJA,Proporción de mujeres de 15 años y más que declararon haber experimentado al menos un incidente de violencia por parte de su actual o última pareja a lo largo de la relación por tipo de daño ocasionado a consecuencia de la violencia sufrida,consecuencias,pareja,pareja_actual_o_ultima,a_lo_largo_de_la_relacion,mujeres de 15 años y más,Yucatán,2006,32.84,porcentaje,2006-01-01
data4.csv,ENDIREH_DANO_PAREJA,Proporción de mujeres de 15 años y más que declararon haber experimentado al menos un incidente de violencia por parte de su actual o última pareja a lo largo de la relación por tipo de daño ocasionado a consecuencia de la violencia sufrida,consecuencias,pareja,pareja_actual_o_ultima,a_lo_largo_de_la_relacion,mujeres de 15 años y más,Yucatán,2006,22.63,porcentaje,2006-01-01
data4.csv,ENDIREH_DANO_PAREJA,Proporción de mujeres de 15 años y más que declararon haber experimentado al menos un incidente de violencia por parte de su actual o última pareja a lo largo de la relación por tipo de daño ocasionado a consecuencia de la violencia sufrida,consecuencias,pareja,pareja_actual_o_ultima,a_lo_largo_de_la_relacion,mujeres de 15 años y más,Zacatecas,2006,43.92,porcentaje,2006-01-01
data4.csv,ENDIREH_DANO_PAREJA,Proporción de mujeres de 15 años y más que declararon haber experimentado al menos un incidente de violencia por parte de su actual o última pareja a lo largo de la relación por tipo de daño ocasionado a consecuencia de la violencia sufrida,consecuencias,pareja,pareja_actual_o_ultima,a_lo_largo_de_la_relacion,mujeres de 15 años y más,Zacatecas,2006,34.09,porcentaje,2006-01-01
data4.csv,ENDIREH_DANO_PAREJA,Proporción de mujeres de 15 años y más que declararon haber experimentado al menos un incidente de violencia por parte de su actual o última pareja a lo largo de la relación por tipo de daño ocasionado a consecuencia de la violencia sufrida,consecuencias,pareja,pareja_actual_o_ultima,a_lo_largo_de_la_relacion,mujeres de 15 años y más,Zacatecas,2006,38.4,porcentaje,2006-01-01
data4.csv,ENDIREH_DANO_PAREJA,Proporción de mujeres de 15 años y más que declararon haber experimentado al menos un incidente de violencia por parte de su actual o última pareja a lo largo de la relación por tipo de daño ocasionado a consecuencia de la violencia sufrida,consecuencias,pareja,pareja_actual_o_ultima,a_lo_largo_de_la_relacion,mujeres de 15 años y más,Zacatecas,2006,26.03,porcentaje,2006-01-01
data4.csv,ENDIREH_DANO_PAREJA,Proporción de mujeres de 15 años y más que declararon haber experimentado al menos un incidente de violencia por parte de su actual o última pareja a lo largo de la relación por tipo de daño ocasionado a consecuencia de la violencia sufrida,consecuencias,pareja,pareja_actual_o_ultima,a_lo_largo_de_la_relacion,mujeres de 15 años y más,Aguascalientes,2011,49.07,porcentaje,2011-01-01
data4.csv,ENDIREH_DANO_PAREJA,Proporción de mujeres de 15 años y más que declararon haber experimentado al menos un incidente de violencia por parte de su actual o última pareja a lo largo de la relación por tipo de daño ocasionado a consecuencia de la violencia sufrida,consecuencias,pareja,pareja_actual_o_ultima,a_lo_largo_de_la_relacion,mujeres de 15 años y más,Aguascalientes,2011,35.12,porcentaje,2011-01-01
data4.csv,ENDIREH_DANO_PAREJA,Proporción de mujeres de 15 años y más que declararon haber experimentado al menos un incidente de violencia por parte de su actual o última pareja a lo largo de la relación por tipo de daño ocasionado a consecuencia de la violencia sufrida,consecuencias,pareja,pareja_actual_o_ultima,a_lo_largo_de_la_relacion,mujeres de 15 años y más,Aguascalientes,2011,39.59,porcentaje,2011-01-01
data4.csv,ENDIREH_DANO_PAREJA,Proporción de mujeres de 15 años y más que declararon haber experimentado al menos un incidente de violencia por parte de su actual o última pareja a lo largo de la relación por tipo de daño ocasionado a consecuencia de la violencia sufrida,consecuencias,pareja,pareja_actual_o_ultima,a_lo_largo_de_la_relacion,mujeres de 15 años y más,Aguascalientes,2011,23.22,porcentaje,2011-01-01
data4.csv,ENDIREH_DANO_PAREJA,Proporción de mujeres de 15 años y más que declararon haber experimentado al menos un incidente de violencia por parte de su actual o última pareja a lo largo de la relación por tipo de daño ocasionado a consecuencia de la violencia sufrida,consecuencias,pareja,pareja_actual_o_ultima,a_lo_largo_de_la_relacion,mujeres de 15 años y más,Baja California,2011,43.78,porcentaje,2011-01-01
data4.csv,ENDIREH_DANO_PAREJA,Proporción de mujeres de 15 años y más que declararon haber experimentado al menos un incidente de violencia por parte de su actual o última pareja a lo largo de la relación por tipo de daño ocasionado a consecuencia de la violencia sufrida,consecuencias,pareja,pareja_actual_o_ultima,a_lo_largo_de_la_relacion,mujeres de 15 años y más,Baja California,2011,41.15,porcentaje,2011-01-01
data4.csv,ENDIREH_DANO_PAREJA,Proporción de mujeres de 15 años y más que declararon haber experimentado al menos un incidente de violencia por parte de su actual o última pareja a lo largo de la relación por tipo de daño ocasionado a consecuencia de la violencia sufrida,consecuencias,pareja,pareja_actual_o_ultima,a_lo_largo_de_la_relacion,mujeres de 15 años y más,Baja California,2011,35.96,porcentaje,2011-01-01
data4.csv,ENDIREH_DANO_PAREJA,Proporción de mujeres de 15 años y más que declararon haber experimentado al menos un incidente de violencia por parte de su actual o última pareja a lo largo de la relación por tipo de daño ocasionado a consecuencia de la violencia sufrida,consecuencias,pareja,pareja_actual_o_ultima,a_lo_largo_de_la_relacion,mujeres de 15 años y más,Baja California,2011,19.08,porcentaje,2011-01-01
data4.csv,ENDIREH_DANO_PAREJA,Proporción de mujeres de 15 años y más que declararon haber experimentado al menos un incidente de violencia por parte de su actual o última pareja a lo largo de la relación por tipo de daño ocasionado a consecuencia de la violencia sufrida,consecuencias,pareja,pareja_actual_o_ultima,a_lo_largo_de_la_relacion,mujeres de 15 años y más,Baja California Sur,2011,40.31,porcentaje,2011-01-01
data4.csv,ENDIREH_DANO_PAREJA,Proporción de mujeres de 15 años y más que declararon haber experimentado al menos un incidente de violencia por parte de su actual o última pareja a lo largo de la relación por tipo de daño ocasionado a consecuencia de la violencia sufrida,consecuencias,pareja,pareja_actual_o_ultima,a_lo_largo_de_la_relacion,mujeres de 15 años y más,Baja California Sur,2011,39.89,porcentaje,2011-01-01
data4.csv,ENDIREH_DANO_PAREJA,Proporción de mujeres de 15 años y más que declararon haber experimentado al menos un incidente de violencia por parte de su actual o última pareja a lo largo de la relación por tipo de daño ocasionado a consecuencia de la violencia sufrida,consecuencias,pareja,pareja_actual_o_ultima,a_lo_largo_de_la_relacion,mujeres de 15 años y más,Baja California Sur,2011,33.02,porcentaje,2011-01-01
data4.csv,ENDIREH_DANO_PAREJA,Proporción de mujeres de 15 años y más que declararon haber experimentado al menos un incidente de violencia por parte de su actual o última pareja a lo largo de la relación por tipo de daño ocasionado a consecuencia de la violencia sufrida,consecuencias,pareja,pareja_actual_o_ultima,a_lo_largo_de_la_relacion,mujeres de 15 años y más,Baja California Sur,2011,21.7,porcentaje,2011-01-01
data4.csv,ENDIREH_DANO_PAREJA,Proporción de mujeres de 15 años y más que declararon haber experimentado al menos un incidente de violencia por parte de su actual o última pareja a lo largo de la relación por tipo de daño ocasionado a consecuencia de la violencia sufrida,consecuencias,pareja,pareja_actual_o_ultima,a_lo_largo_de_la_relacion,mujeres de 15 años y más,Campeche,2011,48.95,porcentaje,2011-01-01
data4.csv,ENDIREH_DANO_PAREJA,Proporción de mujeres de 15 años y más que declararon haber experimentado al menos un incidente de violencia por parte de su actual o última pareja a lo largo de la relación por tipo de daño ocasionado a consecuencia de la violencia sufrida,consecuencias,pareja,pareja_actual_o_ultima,a_lo_largo_de_la_relacion,mujeres de 15 años y más,Campeche,2011,40.81,porcentaje,2011-01-01
data4.csv,ENDIREH_DANO_PAREJA,Proporción de mujeres de 15 años y más que declararon haber experimentado al menos un incidente de violencia por parte de su actual o última pareja a lo largo de la relación por tipo de daño ocasionado a consecuencia de la violencia sufrida,consecuencias,pareja,pareja_actual_o_ultima,a_lo_largo_de_la_relacion,mujeres de 15 años y más,Campeche,2011,34.47,porcentaje,2011-01-01
data4.csv,ENDIREH_DANO_PAREJA,Proporción de mujeres de 15 años y más que declararon haber experimentado al menos un incidente de violencia por parte de su actual o última pareja a lo largo de la relación por tipo de daño ocasionado a consecuencia de la violencia sufrida,consecuencias,pareja,pareja_actual_o_ultima,a_lo_largo_de_la_relacion,mujeres de 15 años y más,Campeche,2011,20.78,porcentaje,2011-01-01
data4.csv,ENDIREH_DANO_PAREJA,Proporción de mujeres de 15 años y más que declararon haber experimentado al menos un incidente de violencia por parte de su actual o última pareja a lo largo de la relación por tipo de daño ocasionado a consecuencia de la violencia sufrida,consecuencias,pareja,pareja_actual_o_ultima,a_lo_largo_de_la_relacion,mujeres de 15 años y más,Coahuila,2011,40.77,porcentaje,2011-01-01
data4.csv,ENDIREH_DANO_PAREJA,Proporción de mujeres de 15 años y más que declararon haber experimentado al menos un incidente de violencia por parte de su actual o última pareja a lo largo de la relación por tipo de daño ocasionado a consecuencia de la violencia sufrida,consecuencias,pareja,pareja_actual_o_ultima,a_lo_largo_de_la_relacion,mujeres de 15 años y más,Coahuila,2011,39.79,porcentaje,2011-01-01
data4.csv,ENDIREH_DANO_PAREJA,Proporción de mujeres de 15 años y más que declararon haber experimentado al menos un incidente de violencia por parte de su actual o última pareja a lo largo de la relación por tipo de daño ocasionado a consecuencia de la violencia sufrida,consecuencias,pareja,pareja_actual_o_ultima,a_lo_largo_de_la_relacion,mujeres de 15 años y más,Coahuila,2011,35.38,porcentaje,2011-01-01
data4.csv,ENDIREH_DANO_PAREJA,Proporción de mujeres de 15 años y más que declararon haber experimentado al menos un incidente de violencia por parte de su actual o última pareja a lo largo de la relación por tipo de daño ocasionado a consecuencia de la violencia sufrida,consecuencias,pareja,pareja_actual_o_ultima,a_lo_largo_de_la_relacion,mujeres de 15 años y más,Coahuila,2011,21.5,porcentaje,2011-01-01
data4.csv,ENDIREH_DANO_PAREJA,Proporción de mujeres de 15 años y más que declararon haber experimentado al menos un incidente de violencia por parte de su actual o última pareja a lo largo de la relación por tipo de daño ocasionado a consecuencia de la violencia sufrida,consecuencias,pareja,pareja_actual_o_ultima,a_lo_largo_de_la_relacion,mujeres de 15 años y más,Colima,2011,55.07,porcentaje,2011-01-01
data4.csv,ENDIREH_DANO_PAREJA,Proporción de mujeres de 15 años y más que declararon haber experimentado al menos un incidente de violencia por parte de su actual o última pareja a lo largo de la relación por tipo de daño ocasionado a consecuencia de la violencia sufrida,consecuencias,pareja,pareja_actual_o_ultima,a_lo_largo_de_la_relacion,mujeres de 15 años y más,Colima,2011,35.09,porcentaje,2011-01-01
data4.csv,ENDIREH_DANO_PAREJA,Proporción de mujeres de 15 años y más que declararon haber experimentado al menos un incidente de violencia por parte de su actual o última pareja a lo largo de la relación por tipo de daño ocasionado a consecuencia de la violencia sufrida,consecuencias,pareja,pareja_actual_o_ultima,a_lo_largo_de_la_relacion,mujeres de 15 años y más,Colima,2011,40.37,porcentaje,2011-01-01
data4.csv,ENDIREH_DANO_PAREJA,Proporción de mujeres de 15 años y más que declararon haber experimentado al menos un incidente de violencia por parte de su actual o última pareja a lo largo de la relación por tipo de daño ocasionado a consecuencia de la violencia sufrida,consecuencias,pareja,pareja_actual_o_ultima,a_lo_largo_de_la_relacion,mujeres de 15 años y más,Colima,2011,21.85,porcentaje,2011-01-01
data4.csv,ENDIREH_DANO_PAREJA,Proporción de mujeres de 15 años y más que declararon haber experimentado al menos un incidente de violencia por parte de su actual o última pareja a lo largo de la relación por tipo de daño ocasionado a consecuencia de la violencia sufrida,consecuencias,pareja,pareja_actual_o_ultima,a_lo_largo_de_la_relacion,mujeres de 15 años y más,Chiapas,2011,32.21,porcentaje,2011-01-01
data4.csv,ENDIREH_DANO_PAREJA,Proporción de mujeres de 15 años y más que declararon haber experimentado al menos un incidente de violencia por parte de su actual o última pareja a lo largo de la relación por tipo de daño ocasionado a consecuencia de la violencia sufrida,consecuencias,pareja,pareja_actual_o_ultima,a_lo_largo_de_la_relacion,mujeres de 15 años y más,Chiapas,2011,33.58,porcentaje,2011-01-01
data4.csv,ENDIREH_DANO_PAREJA,Proporción de mujeres de 15 años y más que declararon haber experimentado al menos un incidente de violencia por parte de su actual o última pareja a lo largo de la relación por tipo de daño ocasionado a consecuencia de la violencia sufrida,consecuencias,pareja,pareja_actual_o_ultima,a_lo_largo_de_la_relacion,mujeres de 15 años y más,Chiapas,2011,33.79,porcentaje,2011-01-01
data4.csv,ENDIREH_DANO_PAREJA,Proporción de mujeres de 15 años y más que declararon haber experimentado al menos un incidente de violencia por parte de su actual o última pareja a lo largo de la relación por tipo de daño ocasionado a consecuencia de la violencia sufrida,consecuencias,pareja,pareja_actual_o_ultima,a_lo_largo_de_la_relacion,mujeres de 15 años y más,Chiapas,2011,25.88,porcentaje,2011-01-01
data4.csv,ENDIREH_DANO_PAREJA,Proporción de mujeres de 15 años y más que declararon haber experimentado al menos un incidente de violencia por parte de su actual o última pareja a lo largo de la relación por tipo de daño ocasionado a consecuencia de la violencia sufrida,consecuencias,pareja,pareja_actual_o_ultima,a_lo_largo_de_la_relacion,mujeres de 15 años y más,Chihuahua,2011,49.61,porcentaje,2011-01-01
data4.csv,ENDIREH_DANO_PAREJA,Proporción de mujeres de 15 años y más que declararon haber experimentado al menos un incidente de violencia por parte de su actual o última pareja a lo largo de la relación por tipo de daño ocasionado a consecuencia de la violencia sufrida,consecuencias,pareja,pareja_actual_o_ultima,a_lo_largo_de_la_relacion,mujeres de 15 años y más,Chihuahua,2011,38.47,porcentaje,2011-01-01
data4.csv,ENDIREH_DANO_PAREJA,Proporción de mujeres de 15 años y más que declararon haber experimentado al menos un incidente de violencia por parte de su actual o última pareja a lo largo de la relación por tipo de daño ocasionado a consecuencia de la violencia sufrida,consecuencias,pareja,pareja_actual_o_ultima,a_lo_largo_de_la_relacion,mujeres de 15 años y más,Chihuahua,2011,36.59,porcentaje,2011-01-01
data4.csv,ENDIREH_DANO_PAREJA,Proporción de mujeres de 15 años y más que declararon haber experimentado al menos un incidente de violencia por parte de su actual o última pareja a lo largo de la relación por tipo de daño ocasionado a consecuencia de la violencia sufrida,consecuencias,pareja,pareja_actual_o_ultima,a_lo_largo_de_la_relacion,mujeres de 15 años y más,Chihuahua,2011,21.07,porcentaje,2011-01-01
data4.csv,ENDIREH_DANO_PAREJA,Proporción de mujeres de 15 años y más que declararon haber experimentado al menos un incidente de violencia por parte de su actual o última pareja a lo largo de la relación por tipo de daño ocasionado a consecuencia de la violencia sufrida,consecuencias,pareja,pareja_actual_o_ultima,a_lo_largo_de_la_relacion,mujeres de 15 años y más,Ciudad de México,2011,55.82,porcentaje,2011-01-01
data4.csv,ENDIREH_DANO_PAREJA,Proporción de mujeres de 15 años y más que declararon haber experimentado al menos un incidente de violencia por parte de su actual o última pareja a lo largo de la relación por tipo de daño ocasionado a consecuencia de la violencia sufrida,consecuencias,pareja,pareja_actual_o_ultima,a_lo_largo_de_la_relacion,mujeres de 15 años y más,Ciudad de México,2011,47.92,porcentaje,2011-01-01
data4.csv,ENDIREH_DANO_PAREJA,Proporción de mujeres de 15 años y más que declararon haber experimentado al menos un incidente de violencia por parte de su actual o última pareja a lo largo de la relación por tipo de daño ocasionado a consecuencia de la violencia sufrida,consecuencias,pareja,pareja_actual_o_ultima,a_lo_largo_de_la_relacion,mujeres de 15 años y más,Ciudad de México,2011,30.31,porcentaje,2011-01-01
data4.csv,ENDIREH_DANO_PAREJA,Proporción de mujeres de 15 años y más que declararon haber experimentado al menos un incidente de violencia por parte de su actual o última pareja a lo largo de la relación por tipo de daño ocasionado a consecuencia de la violencia sufrida,consecuencias,pareja,pareja_actual_o_ultima,a_lo_largo_de_la_relacion,mujeres de 15 años y más,Ciudad de México,2011,20.32,porcentaje,2011-01-01
data4.csv,ENDIREH_DANO_PAREJA,Proporción de mujeres de 15 años y más que declararon haber experimentado al menos un incidente de violencia por parte de su actual o última pareja a lo largo de la relación por tipo de daño ocasionado a consecuencia de la violencia sufrida,consecuencias,pareja,pareja_actual_o_ultima,a_lo_largo_de_la_relacion,mujeres de 15 años y más,Durango,2011,42.1,porcentaje,2011-01-01
data4.csv,ENDIREH_DANO_PAREJA,Proporción de mujeres de 15 años y más que declararon haber experimentado al menos un incidente de violencia por parte de su actual o última pareja a lo largo de la relación por tipo de daño ocasionado a consecuencia de la violencia sufrida,consecuencias,pareja,pareja_actual_o_ultima,a_lo_largo_de_la_relacion,mujeres de 15 años y más,Durango,2011,34.71,porcentaje,2011-01-01
data4.csv,ENDIREH_DANO_PAREJA,Proporción de mujeres de 15 años y más que declararon haber experimentado al menos un incidente de violencia por parte de su actual o última pareja a lo largo de la relación por tipo de daño ocasionado a consecuencia de la violencia sufrida,consecuencias,pareja,pareja_actual_o_ultima,a_lo_largo_de_la_relacion,mujeres de 15 años y más,Durango,2011,39.4,porcentaje,2011-01-01
data4.csv,ENDIREH_DANO_PAREJA,Proporción de mujeres de 15 años y más que declararon haber experimentado al menos un incidente de violencia por parte de su actual o última pareja a lo largo de la relación por tipo de daño ocasionado a consecuencia de la violencia sufrida,consecuencias,pareja,pareja_actual_o_ultima,a_lo_largo_de_la_relacion,mujeres de 15 años y más,Durango,2011,20.6,porcentaje,2011-01-01
data4.csv,ENDIREH_DANO_PAREJA,Proporción de mujeres de 15 años y más que declararon haber experimentado al menos un incidente de violencia por parte de su actual o última pareja a lo largo de la relación por tipo de daño ocasionado a consecuencia de la violencia sufrida,consecuencias,pareja,pareja_actual_o_ultima,a_lo_largo_de_la_relacion,mujeres de 15 años y más,Guanajuato,2011,41.62,porcentaje,2011-01-01
data4.csv,ENDIREH_DANO_PAREJA,Proporción de mujeres de 15 años y más que declararon haber experimentado al menos un incidente de violencia por parte de su actual o última pareja a lo largo de la relación por tipo de daño ocasionado a consecuencia de la violencia sufrida,consecuencias,pareja,pareja_actual_o_ultima,a_lo_largo_de_la_relacion,mujeres de 15 años y más,Guanajuato,2011,33.47,porcentaje,2011-01-01
data4.csv,ENDIREH_DANO_PAREJA,Proporción de mujeres de 15 años y más que declararon haber experimentado al menos un incidente de violencia por parte de su actual o última pareja a lo largo de la relación por tipo de daño ocasionado a consecuencia de la violencia sufrida,consecuencias,pareja,pareja_actual_o_ultima,a_lo_largo_de_la_relacion,mujeres de 15 años y más,Guanajuato,2011,35.3,porcentaje,2011-01-01
data4.csv,ENDIREH_DANO_PAREJA,Proporción de mujeres de 15 años y más que declararon haber experimentado al menos un incidente de violencia por parte de su actual o última pareja a lo largo de la relación por tipo de daño ocasionado a consecuencia de la violencia sufrida,consecuencias,pareja,pareja_actual_o_ultima,a_lo_largo_de_la_relacion,mujeres de 15 años y más,Guanajuato,2011,27.77,porcentaje,2011-01-01
data4.csv,ENDIREH_DANO_PAREJA,Proporción de mujeres de 15 años y más que declararon haber experimentado al menos un incidente de violencia por parte de su actual o última pareja a lo largo de la relación por tipo de daño ocasionado a consecuencia de la violencia sufrida,consecuencias,pareja,pareja_actual_o_ultima,a_lo_largo_de_la_relacion,mujeres de 15 años y más,Guerrero,2011,46.38,porcentaje,2011-01-01
data4.csv,ENDIREH_DANO_PAREJA,Proporción de mujeres de 15 años y más que declararon haber experimentado al menos un incidente de violencia por parte de su actual o última pareja a lo largo de la relación por tipo de daño ocasionado a consecuencia de la violencia sufrida,consecuencias,pareja,pareja_actual_o_ultima,a_lo_largo_de_la_relacion,mujeres de 15 años y más,Guerrero,2011,38.46,porcentaje,2011-01-01
data4.csv,ENDIREH_DANO_PAREJA,Proporción de mujeres de 15 años y más que declararon haber experimentado al menos un incidente de violencia por parte de su actual o última pareja a lo largo de la relación por tipo de daño ocasionado a consecuencia de la violencia sufrida,consecuencias,pareja,pareja_actual_o_ultima,a_lo_largo_de_la_relacion,mujeres de 15 años y más,Guerrero,2011,32.71,porcentaje,2011-01-01
data4.csv,ENDIREH_DANO_PAREJA,Proporción de mujeres de 15 años y más que declararon haber experimentado al menos un incidente de violencia por parte de su actual o última pareja a lo largo de la relación por tipo de daño ocasionado a consecuencia de la violencia sufrida,consecuencias,pareja,pareja_actual_o_ultima,a_lo_largo_de_la_relacion,mujeres de 15 años y más,Guerrero,2011,25.57,porcentaje,2011-01-01
data4.csv,ENDIREH_DANO_PAREJA,Proporción de mujeres de 15 años y más que declararon haber experimentado al menos un incidente de violencia por parte de su actual o última pareja a lo largo de la relación por tipo de daño ocasionado a consecuencia de la violencia sufrida,consecuencias,pareja,pareja_actual_o_ultima,a_lo_largo_de_la_relacion,mujeres de 15 años y más,Hidalgo,2011,46.47,porcentaje,2011-01-01
data4.csv,ENDIREH_DANO_PAREJA,Proporción de mujeres de 15 años y más que declararon haber experimentado al menos un incidente de violencia por parte de su actual o última pareja a lo largo de la relación por tipo de daño ocasionado a consecuencia de la violencia sufrida,consecuencias,pareja,pareja_actual_o_ultima,a_lo_largo_de_la_relacion,mujeres de 15 años y más,Hidalgo,2011,33.45,porcentaje,2011-01-01
data4.csv,ENDIREH_DANO_PAREJA,Proporción de mujeres de 15 años y más que declararon haber experimentado al menos un incidente de violencia por parte de su actual o última pareja a lo largo de la relación por tipo de daño ocasionado a consecuencia de la violencia sufrida,consecuencias,pareja,pareja_actual_o_ultima,a_lo_largo_de_la_relacion,mujeres de 15 años y más,Hidalgo,2011,38.41,porcentaje,2011-01-01
data4.csv,ENDIREH_DANO_PAREJA,Proporción de mujeres de 15 años y más que declararon haber experimentado al menos un incidente de violencia por parte de su actual o última pareja a lo largo de la relación por tipo de daño ocasionado a consecuencia de la violencia sufrida,consecuencias,pareja,pareja_actual_o_ultima,a_lo_largo_de_la_relacion,mujeres de 15 años y más,Hidalgo,2011,24.23,porcentaje,2011-01-01
data4.csv,ENDIREH_DANO_PAREJA,Proporción de mujeres de 15 años y más que declararon haber experimentado al menos un incidente de violencia por parte de su actual o última pareja a lo largo de la relación por tipo de daño ocasionado a consecuencia de la violencia sufrida,consecuencias,pareja,pareja_actual_o_ultima,a_lo_largo_de_la_relacion,mujeres de 15 años y más,Jalisco,2011,49.0,porcentaje,2011-01-01
data4.csv,ENDIREH_DANO_PAREJA,Proporción de mujeres de 15 años y más que declararon haber experimentado al menos un incidente de violencia por parte de su actual o última pareja a lo largo de la relación por tipo de daño ocasionado a consecuencia de la violencia sufrida,consecuencias,pareja,pareja_actual_o_ultima,a_lo_largo_de_la_relacion,mujeres de 15 años y más,Jalisco,2011,37.92,porcentaje,2011-01-01
data4.csv,ENDIREH_DANO_PAREJA,Proporción de mujeres de 15 años y más que declararon haber experimentado al menos un incidente de violencia por parte de su actual o última pareja a lo largo de la relación por tipo de daño ocasionado a consecuencia de la violencia sufrida,consecuencias,pareja,pareja_actual_o_ultima,a_lo_largo_de_la_relacion,mujeres de 15 años y más,Jalisco,2011,40.78,porcentaje,2011-01-01
data4.csv,ENDIREH_DANO_PAREJA,Proporción de mujeres de 15 años y más que declararon haber experimentado al menos un incidente de violencia por parte de su actual o última pareja a lo largo de la relación por tipo de daño ocasionado a consecuencia de la violencia sufrida,consecuencias,pareja,pareja_actual_o_ultima,a_lo_largo_de_la_relacion,mujeres de 15 años y más,Jalisco,2011,18.85,porcentaje,2011-01-01
data4.csv,ENDIREH_DANO_PAREJA,Proporción de mujeres de 15 años y más que declararon haber experimentado al menos un incidente de violencia por parte de su actual o última pareja a lo largo de la relación por tipo de daño ocasionado a consecuencia de la violencia sufrida,consecuencias,pareja,pareja_actual_o_ultima,a_lo_largo_de_la_relacion,mujeres de 15 años y más,Estado de México,2011,60.34,porcentaje,2011-01-01
data4.csv,ENDIREH_DANO_PAREJA,Proporción de mujeres de 15 años y más que declararon haber experimentado al menos un incidente de violencia por parte de su actual o última pareja a lo largo de la relación por tipo de daño ocasionado a consecuencia de la violencia sufrida,consecuencias,pareja,pareja_actual_o_ultima,a_lo_largo_de_la_relacion,mujeres de 15 años y más,Estado de México,2011,41.02,porcentaje,2011-01-01
data4.csv,ENDIREH_DANO_PAREJA,Proporción de mujeres de 15 años y más que declararon haber experimentado al menos un incidente de violencia por parte de su actual o última pareja a lo largo de la relación por tipo de daño ocasionado a consecuencia de la violencia sufrida,consecuencias,pareja,pareja_actual_o_ultima,a_lo_largo_de_la_relacion,mujeres de 15 años y más,Estado de México,2011,36.63,porcentaje,2011-01-01
data4.csv,ENDIREH_DANO_PAREJA,Proporción de mujeres de 15 años y más que declararon haber experimentado al menos un incidente de violencia por parte de su actual o última pareja a lo largo de la relación por tipo de daño ocasionado a consecuencia de la violencia sufrida,consecuencias,pareja,pareja_actual_o_ultima,a_lo_largo_de_la_relacion,mujeres de 15 años y más,Estado de México,2011,20.83,porcentaje,2011-01-01
data4.csv,ENDIREH_DANO_PAREJA,Proporción de mujeres de 15 años y más que declararon haber experimentado al menos un incidente de violencia por parte de su actual o última pareja a lo largo de la relación por tipo de daño ocasionado a consecuencia de la violencia sufrida,consecuencias,pareja,pareja_actual_o_ultima,a_lo_largo_de_la_relacion,mujeres de 15 años y más,Michoacán de Ocampo,2011,48.53,porcentaje,2011-01-01
data4.csv,ENDIREH_DANO_PAREJA,Proporción de mujeres de 15 años y más que declararon haber experimentado al menos un incidente de violencia por parte de su actual o última pareja a lo largo de la relación por tipo de daño ocasionado a consecuencia de la violencia sufrida,consecuencias,pareja,pareja_actual_o_ultima,a_lo_largo_de_la_relacion,mujeres de 15 años y más,Michoacán de Ocampo,2011,29.12,porcentaje,2011-01-01
data4.csv,ENDIREH_DANO_PAREJA,Proporción de mujeres de 15 años y más que declararon haber experimentado al menos un incidente de violencia por parte de su actual o última pareja a lo largo de la relación por tipo de daño ocasionado a consecuencia de la violencia sufrida,consecuencias,pareja,pareja_actual_o_ultima,a_lo_largo_de_la_relacion,mujeres de 15 años y más,Michoacán de Ocampo,2011,43.39,porcentaje,2011-01-01
data4.csv,ENDIREH_DANO_PAREJA,Proporción de mujeres de 15 años y más que declararon haber experimentado al menos un incidente de violencia por parte de su actual o última pareja a lo largo de la relación por tipo de daño ocasionado a consecuencia de la violencia sufrida,consecuencias,pareja,pareja_actual_o_ultima,a_lo_largo_de_la_relacion,mujeres de 15 años y más,Michoacán de Ocampo,2011,24.54,porcentaje,2011-01-01
data4.csv,ENDIREH_DANO_PAREJA,Proporción de mujeres de 15 años y más que declararon haber experimentado al menos un incidente de violencia por parte de su actual o última pareja a lo largo de la relación por tipo de daño ocasionado a consecuencia de la violencia sufrida,consecuencias,pareja,pareja_actual_o_ultima,a_lo_largo_de_la_relacion,mujeres de 15 años y más,Morelos,2011,51.67,porcentaje,2011-01-01
data4.csv,ENDIREH_DANO_PAREJA,Proporción de mujeres de 15 años y más que declararon haber experimentado al menos un incidente de violencia por parte de su actual o última pareja a lo largo de la relación por tipo de daño ocasionado a consecuencia de la violencia sufrida,consecuencias,pareja,pareja_actual_o_ultima,a_lo_largo_de_la_relacion,mujeres de 15 años y más,Morelos,2011,38.93,porcentaje,2011-01-01
data4.csv,ENDIREH_DANO_PAREJA,Proporción de mujeres de 15 años y más que declararon haber experimentado al menos un incidente de violencia por parte de su actual o última pareja a lo largo de la relación por tipo de daño ocasionado a consecuencia de la violencia sufrida,consecuencias,pareja,pareja_actual_o_ultima,a_lo_largo_de_la_relacion,mujeres de 15 años y más,Morelos,2011,35.96,porcentaje,2011-01-01
data4.csv,ENDIREH_DANO_PAREJA,Proporción de mujeres de 15 años y más que declararon haber experimentado al menos un incidente de violencia por parte de su actual o última pareja a lo largo de la relación por tipo de daño ocasionado a consecuencia de la violencia sufrida,consecuencias,pareja,pareja_actual_o_ultima,a_lo_largo_de_la_relacion,mujeres de 15 años y más,Morelos,2011,22.21,porcentaje,2011-01-01
data4.csv,ENDIREH_DANO_PAREJA,Proporción de mujeres de 15 años y más que declararon haber experimentado al menos un incidente de violencia por parte de su actual o última pareja a lo largo de la relación por tipo de daño ocasionado a consecuencia de la violencia sufrida,consecuencias,pareja,pareja_actual_o_ultima,a_lo_largo_de_la_relacion,mujeres de 15 años y más,Nayarit,2011,57.97,porcentaje,2011-01-01
data4.csv,ENDIREH_DANO_PAREJA,Proporción de mujeres de 15 años y más que declararon haber experimentado al menos un incidente de violencia por parte de su actual o última pareja a lo largo de la relación por tipo de daño ocasionado a consecuencia de la violencia sufrida,consecuencias,pareja,pareja_actual_o_ultima,a_lo_largo_de_la_relacion,mujeres de 15 años y más,Nayarit,2011,40.57,porcentaje,2011-01-01
data4.csv,ENDIREH_DANO_PAREJA,Proporción de mujeres de 15 años y más que declararon haber experimentado al menos un incidente de violencia por parte de su actual o última pareja a lo largo de la relación por tipo de daño ocasionado a consecuencia de la violencia sufrida,consecuencias,pareja,pareja_actual_o_ultima,a_lo_largo_de_la_relacion,mujeres de 15 años y más,Nayarit,2011,39.69,porcentaje,2011-01-01
data4.csv,ENDIREH_DANO_PAREJA,Proporción de mujeres de 15 años y más que declararon haber experimentado al menos un incidente de violencia por parte de su actual o última pareja a lo largo de la relación por tipo de daño ocasionado a consecuencia de la violencia sufrida,consecuencias,pareja,pareja_actual_o_ultima,a_lo_largo_de_la_relacion,mujeres de 15 años y más,Nayarit,2011,17.79,porcentaje,2011-01-01
data4.csv,ENDIREH_DANO_PAREJA,Proporción de mujeres de 15 años y más que declararon haber experimentado al menos un incidente de violencia por parte de su actual o última pareja a lo largo de la relación por tipo de daño ocasionado a consecuencia de la violencia sufrida,consecuencias,pareja,pareja_actual_o_ultima,a_lo_largo_de_la_relacion,mujeres de 15 años y más,Nuevo León,2011,45.98,porcentaje,2011-01-01
data4.csv,ENDIREH_DANO_PAREJA,Proporción de mujeres de 15 años y más que declararon haber experimentado al menos un incidente de violencia por parte de su actual o última pareja a lo largo de la relación por tipo de daño ocasionado a consecuencia de la violencia sufrida,consecuencias,pareja,pareja_actual_o_ultima,a_lo_largo_de_la_relacion,mujeres de 15 años y más,Nuevo León,2011,47.04,porcentaje,2011-01-01
data4.csv,ENDIREH_DANO_PAREJA,Proporción de mujeres de 15 años y más que declararon haber experimentado al menos un incidente de violencia por parte de su actual o última pareja a lo largo de la relación por tipo de daño ocasionado a consecuencia de la violencia sufrida,consecuencias,pareja,pareja_actual_o_ultima,a_lo_largo_de_la_relacion,mujeres de 15 años y más,Nuevo León,2011,31.93,porcentaje,2011-01-01
data4.csv,ENDIREH_DANO_PAREJA,Proporción de mujeres de 15 años y más que declararon haber experimentado al menos un incidente de violencia por parte de su actual o última pareja a lo largo de la relación por tipo de daño ocasionado a consecuencia de la violencia sufrida,consecuencias,pareja,pareja_actual_o_ultima,a_lo_largo_de_la_relacion,mujeres de 15 años y más,Nuevo León,2011,18.53,porcentaje,2011-01-01
data4.csv,ENDIREH_DANO_PAREJA,Proporción de mujeres de 15 años y más que declararon haber experimentado al menos un incidente de violencia por parte de su actual o última pareja a lo largo de la relación por tipo de daño ocasionado a consecuencia de la violencia sufrida,consecuencias,pareja,pareja_actual_o_ultima,a_lo_largo_de_la_relacion,mujeres de 15 años y más,Oaxaca,2011,47.35,porcentaje,2011-01-01
data4.csv,ENDIREH_DANO_PAREJA,Proporción de mujeres de 15 años y más que declararon haber experimentado al menos un incidente de violencia por parte de su actual o última pareja a lo largo de la relación por tipo de daño ocasionado a consecuencia de la violencia sufrida,consecuencias,pareja,pareja_actual_o_ultima,a_lo_largo_de_la_relacion,mujeres de 15 años y más,Oaxaca,2011,35.14,porcentaje,2011-01-01
data4.csv,ENDIREH_DANO_PAREJA,Proporción de mujeres de 15 años y más que declararon haber experimentado al menos un incidente de violencia por parte de su actual o última pareja a lo largo de la relación por tipo de daño ocasionado a consecuencia de la violencia sufrida,consecuencias,pareja,pareja_actual_o_ultima,a_lo_largo_de_la_relacion,mujeres de 15 años y más,Oaxaca,2011,41.45,porcentaje,2011-01-01
data4.csv,ENDIREH_DANO_PAREJA,Proporción de mujeres de 15 años y más que declararon haber experimentado al menos un incidente de violencia por parte de su actual o última pareja a lo largo de la relación por tipo de daño ocasionado a consecuencia de la violencia sufrida,consecuencias,pareja,pareja_actual_o_ultima,a_lo_largo_de_la_relacion,mujeres de 15 años y más,Oaxaca,2011,19.98,porcentaje,2011-01-01
data4.csv,ENDIREH_DANO_PAREJA,Proporción de mujeres de 15 años y más que declararon haber experimentado al menos un incidente de violencia por parte de su actual o última pareja a lo largo de la relación por tipo de daño ocasionado a consecuencia de la violencia sufrida,consecuencias,pareja,pareja_actual_o_ultima,a_lo_largo_de_la_relacion,mujeres de 15 años y más,Puebla,2011,51.38,porcentaje,2011-01-01
data4.csv,ENDIREH_DANO_PAREJA,Proporción de mujeres de 15 años y más que declararon haber experimentado al menos un incidente de violencia por parte de su actual o última pareja a lo largo de la relación por tipo de daño ocasionado a consecuencia de la violencia sufrida,consecuencias,pareja,pareja_actual_o_ultima,a_lo_largo_de_la_relacion,mujeres de 15 años y más,Puebla,2011,39.19,porcentaje,2011-01-01
data4.csv,ENDIREH_DANO_PAREJA,Proporción de mujeres de 15 años y más que declararon haber experimentado al menos un incidente de violencia por parte de su actual o última pareja a lo largo de la relación por tipo de daño ocasionado a consecuencia de la violencia sufrida,consecuencias,pareja,pareja_actual_o_ultima,a_lo_largo_de_la_relacion,mujeres de 15 años y más,Puebla,2011,37.05,porcentaje,2011-01-01
data4.csv,ENDIREH_DANO_PAREJA,Proporción de mujeres de 15 años y más que declararon haber experimentado al menos un incidente de violencia por parte de su actual o última pareja a lo largo de la relación por tipo de daño ocasionado a consecuencia de la violencia sufrida,consecuencias,pareja,pareja_actual_o_ultima,a_lo_largo_de_la_relacion,mujeres de 15 años y más,Puebla,2011,21.58,porcentaje,2011-01-01
data4.csv,ENDIREH_DANO_PAREJA,Proporción de mujeres de 15 años y más que declararon haber experimentado al menos un incidente de violencia por parte de su actual o última pareja a lo largo de la relación por tipo de daño ocasionado a consecuencia de la violencia sufrida,consecuencias,pareja,pareja_actual_o_ultima,a_lo_largo_de_la_relacion,mujeres de 15 años y más,Querétaro,2011,46.71,porcentaje,2011-01-01
data4.csv,ENDIREH_DANO_PAREJA,Proporción de mujeres de 15 años y más que declararon haber experimentado al menos un incidente de violencia por parte de su actual o última pareja a lo largo de la relación por tipo de daño ocasionado a consecuencia de la violencia sufrida,consecuencias,pareja,pareja_actual_o_ultima,a_lo_largo_de_la_relacion,mujeres de 15 años y más,Querétaro,2011,36.43,porcentaje,2011-01-01
data4.csv,ENDIREH_DANO_PAREJA,Proporción de mujeres de 15 años y más que declararon haber experimentado al menos un incidente de violencia por parte de su actual o última pareja a lo largo de la relación por tipo de daño ocasionado a consecuencia de la violencia sufrida,consecuencias,pareja,pareja_actual_o_ultima,a_lo_largo_de_la_relacion,mujeres de 15 años y más,Querétaro,2011,39.49,porcentaje,2011-01-01
data4.csv,ENDIREH_DANO_PAREJA,Proporción de mujeres de 15 años y más que declararon haber experimentado al menos un incidente de violencia por parte de su actual o última pareja a lo largo de la relación por tipo de daño ocasionado a consecuencia de la violencia sufrida,consecuencias,pareja,pareja_actual_o_ultima,a_lo_largo_de_la_relacion,mujeres de 15 años y más,Querétaro,2011,22.26,porcentaje,2011-01-01
data4.csv,ENDIREH_DANO_PAREJA,Proporción de mujeres de 15 años y más que declararon haber experimentado al menos un incidente de violencia por parte de su actual o última pareja a lo largo de la relación por tipo de daño ocasionado a consecuencia de la violencia sufrida,consecuencias,pareja,pareja_actual_o_ultima,a_lo_largo_de_la_relacion,mujeres de 15 años y más,Quintana Roo,2011,49.34,porcentaje,2011-01-01
data4.csv,ENDIREH_DANO_PAREJA,Proporción de mujeres de 15 años y más que declararon haber experimentado al menos un incidente de violencia por parte de su actual o última pareja a lo largo de la relación por tipo de daño ocasionado a consecuencia de la violencia sufrida,consecuencias,pareja,pareja_actual_o_ultima,a_lo_largo_de_la_relacion,mujeres de 15 años y más,Quintana Roo,2011,42.18,porcentaje,2011-01-01
data4.csv,ENDIREH_DANO_PAREJA,Proporción de mujeres de 15 años y más que declararon haber experimentado al menos un incidente de violencia por parte de su actual o última pareja a lo largo de la relación por tipo de daño ocasionado a consecuencia de la violencia sufrida,consecuencias,pareja,pareja_actual_o_ultima,a_lo_largo_de_la_relacion,mujeres de 15 años y más,Quintana Roo,2011,34.31,porcentaje,2011-01-01
data4.csv,ENDIREH_DANO_PAREJA,Proporción de mujeres de 15 años y más que declararon haber experimentado al menos un incidente de violencia por parte de su actual o última pareja a lo largo de la relación por tipo de daño ocasionado a consecuencia de la violencia sufrida,consecuencias,pareja,pareja_actual_o_ultima,a_lo_largo_de_la_relacion,mujeres de 15 años y más,Quintana Roo,2011,20.63,porcentaje,2011-01-01
data4.csv,ENDIREH_DANO_PAREJA,Proporción de mujeres de 15 años y más que declararon haber experimentado al menos un incidente de violencia por parte de su actual o última pareja a lo largo de la relación por tipo de daño ocasionado a consecuencia de la violencia sufrida,consecuencias,pareja,pareja_actual_o_ultima,a_lo_largo_de_la_relacion,mujeres de 15 años y más,San Luis Potosí,2011,48.68,porcentaje,2011-01-01
data4.csv,ENDIREH_DANO_PAREJA,Proporción de mujeres de 15 años y más que declararon haber experimentado al menos un incidente de violencia por parte de su actual o última pareja a lo largo de la relación por tipo de daño ocasionado a consecuencia de la violencia sufrida,consecuencias,pareja,pareja_actual_o_ultima,a_lo_largo_de_la_relacion,mujeres de 15 años y más,San Luis Potosí,2011,33.25,porcentaje,2011-01-01
data4.csv,ENDIREH_DANO_PAREJA,Proporción de mujeres de 15 años y más que declararon haber experimentado al menos un incidente de violencia por parte de su actual o última pareja a lo largo de la relación por tipo de daño ocasionado a consecuencia de la violencia sufrida,consecuencias,pareja,pareja_actual_o_ultima,a_lo_largo_de_la_relacion,mujeres de 15 años y más,San Luis Potosí,2011,36.63,porcentaje,2011-01-01
data4.csv,ENDIREH_DANO_PAREJA,Proporción de mujeres de 15 años y más que declararon haber experimentado al menos un incidente de violencia por parte de su actual o última pareja a lo largo de la relación por tipo de daño ocasionado a consecuencia de la violencia sufrida,consecuencias,pareja,pareja_actual_o_ultima,a_lo_largo_de_la_relacion,mujeres de 15 años y más,San Luis Potosí,2011,26.95,porcentaje,2011-01-01
data4.csv,ENDIREH_DANO_PAREJA,Proporción de mujeres de 15 años y más que declararon haber experimentado al menos un incidente de violencia por parte de su actual o última pareja a lo largo de la relación por tipo de daño ocasionado a consecuencia de la violencia sufrida,consecuencias,pareja,pareja_actual_o_ultima,a_lo_largo_de_la_relacion,mujeres de 15 años y más,Sinaloa,2011,44.25,porcentaje,2011-01-01
data4.csv,ENDIREH_DANO_PAREJA,Proporción de mujeres de 15 años y más que declararon haber experimentado al menos un incidente de violencia por parte de su actual o última pareja a lo largo de la relación por tipo de daño ocasionado a consecuencia de la violencia sufrida,consecuencias,pareja,pareja_actual_o_ultima,a_lo_largo_de_la_relacion,mujeres de 15 años y más,Sinaloa,2011,50.57,porcentaje,2011-01-01
data4.csv,ENDIREH_DANO_PAREJA,Proporción de mujeres de 15 años y más que declararon haber experimentado al menos un incidente de violencia por parte de su actual o última pareja a lo largo de la relación por tipo de daño ocasionado a consecuencia de la violencia sufrida,consecuencias,pareja,pareja_actual_o_ultima,a_lo_largo_de_la_relacion,mujeres de 15 años y más,Sinaloa,2011,29.99,porcentaje,2011-01-01
data4.csv,ENDIREH_DANO_PAREJA,Proporción de mujeres de 15 años y más que declararon haber experimentado al menos un incidente de violencia por parte de su actual o última pareja a lo largo de la relación por tipo de daño ocasionado a consecuencia de la violencia sufrida,consecuencias,pareja,pareja_actual_o_ultima,a_lo_largo_de_la_relacion,mujeres de 15 años y más,Sinaloa,2011,16.63,porcentaje,2011-01-01
data4.csv,ENDIREH_DANO_PAREJA,Proporción de mujeres de 15 años y más que declararon haber experimentado al menos un incidente de violencia por parte de su actual o última pareja a lo largo de la relación por tipo de daño ocasionado a consecuencia de la violencia sufrida,consecuencias,pareja,pareja_actual_o_ultima,a_lo_largo_de_la_relacion,mujeres de 15 años y más,Sonora,2011,55.38,porcentaje,2011-01-01
data4.csv,ENDIREH_DANO_PAREJA,Proporción de mujeres de 15 años y más que declararon haber experimentado al menos un incidente de violencia por parte de su actual o última pareja a lo largo de la relación por tipo de daño ocasionado a consecuencia de la violencia sufrida,consecuencias,pareja,pareja_actual_o_ultima,a_lo_largo_de_la_relacion,mujeres de 15 años y más,Sonora,2011,44.31,porcentaje,2011-01-01
data4.csv,ENDIREH_DANO_PAREJA,Proporción de mujeres de 15 años y más que declararon haber experimentado al menos un incidente de violencia por parte de su actual o última pareja a lo largo de la relación por tipo de daño ocasionado a consecuencia de la violencia sufrida,consecuencias,pareja,pareja_actual_o_ultima,a_lo_largo_de_la_relacion,mujeres de 15 años y más,Sonora,2011,41.14,porcentaje,2011-01-01
data4.csv,ENDIREH_DANO_PAREJA,Proporción de mujeres de 15 años y más que declararon haber experimentado al menos un incidente de violencia por parte de su actual o última pareja a lo largo de la relación por tipo de daño ocasionado a consecuencia de la violencia sufrida,consecuencias,pareja,pareja_actual_o_ultima,a_lo_largo_de_la_relacion,mujeres de 15 años y más,Sonora,2011,13.57,porcentaje,2011-01-01
data4.csv,ENDIREH_DANO_PAREJA,Proporción de mujeres de 15 años y más que declararon haber experimentado al menos un incidente de violencia por parte de su actual o última pareja a lo largo de la relación por tipo de daño ocasionado a consecuencia de la violencia sufrida,consecuencias,pareja,pareja_actual_o_ultima,a_lo_largo_de_la_relacion,mujeres de 15 años y más,Tabasco,2011,42.78,porcentaje,2011-01-01
data4.csv,ENDIREH_DANO_PAREJA,Proporción de mujeres de 15 años y más que declararon haber experimentado al menos un incidente de violencia por parte de su actual o última pareja a lo largo de la relación por tipo de daño ocasionado a consecuencia de la violencia sufrida,consecuencias,pareja,pareja_actual_o_ultima,a_lo_largo_de_la_relacion,mujeres de 15 años y más,Tabasco,2011,42.84,porcentaje,2011-01-01
data4.csv,ENDIREH_DANO_PAREJA,Proporción de mujeres de 15 años y más que declararon haber experimentado al menos un incidente de violencia por parte de su actual o última pareja a lo largo de la relación por tipo de daño ocasionado a consecuencia de la violencia sufrida,consecuencias,pareja,pareja_actual_o_ultima,a_lo_largo_de_la_relacion,mujeres de 15 años y más,Tabasco,2011,30.43,porcentaje,2011-01-01
data4.csv,ENDIREH_DANO_PAREJA,Proporción de mujeres de 15 años y más que declararon haber experimentado al menos un incidente de violencia por parte de su actual o última pareja a lo largo de la relación por tipo de daño ocasionado a consecuencia de la violencia sufrida,consecuencias,pareja,pareja_actual_o_ultima,a_lo_largo_de_la_relacion,mujeres de 15 años y más,Tabasco,2011,21.17,porcentaje,2011-01-01
data4.csv,ENDIREH_DANO_PAREJA,Proporción de mujeres de 15 años y más que declararon haber experimentado al menos un incidente de violencia por parte de su actual o última pareja a lo largo de la relación por tipo de daño ocasionado a consecuencia de la violencia sufrida,consecuencias,pareja,pareja_actual_o_ultima,a_lo_largo_de_la_relacion,mujeres de 15 años y más,Tamaulipas,2011,42.06,porcentaje,2011-01-01
data4.csv,ENDIREH_DANO_PAREJA,Proporción de mujeres de 15 años y más que declararon haber experimentado al menos un incidente de violencia por parte de su actual o última pareja a lo largo de la relación por tipo de daño ocasionado a consecuencia de la violencia sufrida,consecuencias,pareja,pareja_actual_o_ultima,a_lo_largo_de_la_relacion,mujeres de 15 años y más,Tamaulipas,2011,42.75,porcentaje,2011-01-01
data4.csv,ENDIREH_DANO_PAREJA,Proporción de mujeres de 15 años y más que declararon haber experimentado al menos un incidente de violencia por parte de su actual o última pareja a lo largo de la relación por tipo de daño ocasionado a consecuencia de la violencia sufrida,consecuencias,pareja,pareja_actual_o_ultima,a_lo_largo_de_la_relacion,mujeres de 15 años y más,Tamaulipas,2011,35.24,porcentaje,2011-01-01
data4.csv,ENDIREH_DANO_PAREJA,Proporción de mujeres de 15 años y más que declararon haber experimentado al menos un incidente de violencia por parte de su actual o última pareja a lo largo de la relación por tipo de daño ocasionado a consecuencia de la violencia sufrida,consecuencias,pareja,pareja_actual_o_ultima,a_lo_largo_de_la_relacion,mujeres de 15 años y más,Tamaulipas,2011,19.39,porcentaje,2011-01-01
data4.csv,ENDIREH_DANO_PAREJA,Proporción de mujeres de 15 años y más que declararon haber experimentado al menos un incidente de violencia por parte de su actual o última pareja a lo largo de la relación por tipo de daño ocasionado a consecuencia de la violencia sufrida,consecuencias,pareja,pareja_actual_o_ultima,a_lo_largo_de_la_relacion,mujeres de 15 años y más,Tlaxcala,2011,50.18,porcentaje,2011-01-01
data4.csv,ENDIREH_DANO_PAREJA,Proporción de mujeres de 15 años y más que declararon haber experimentado al menos un incidente de violencia por parte de su actual o última pareja a lo largo de la relación por tipo de daño ocasionado a consecuencia de la violencia sufrida,consecuencias,pareja,pareja_actual_o_ultima,a_lo_largo_de_la_relacion,mujeres de 15 años y más,Tlaxcala,2011,34.91,porcentaje,2011-01-01
data4.csv,ENDIREH_DANO_PAREJA,Proporción de mujeres de 15 años y más que declararon haber experimentado al menos un incidente de violencia por parte de su actual o última pareja a lo largo de la relación por tipo de daño ocasionado a consecuencia de la violencia sufrida,consecuencias,pareja,pareja_actual_o_ultima,a_lo_largo_de_la_relacion,mujeres de 15 años y más,Tlaxcala,2011,39.22,porcentaje,2011-01-01
data4.csv,ENDIREH_DANO_PAREJA,Proporción de mujeres de 15 años y más que declararon haber experimentado al menos un incidente de violencia por parte de su actual o última pareja a lo largo de la relación por tipo de daño ocasionado a consecuencia de la violencia sufrida,consecuencias,pareja,pareja_actual_o_ultima,a_lo_largo_de_la_relacion,mujeres de 15 años y más,Tlaxcala,2011,23.81,porcentaje,2011-01-01
data4.csv,ENDIREH_DANO_PAREJA,Proporción de mujeres de 15 años y más que declararon haber experimentado al menos un incidente de violencia por parte de su actual o última pareja a lo largo de la relación por tipo de daño ocasionado a consecuencia de la violencia sufrida,consecuencias,pareja,pareja_actual_o_ultima,a_lo_largo_de_la_relacion,mujeres de 15 años y más,Veracruz,2011,49.45,porcentaje,2011-01-01
data4.csv,ENDIREH_DANO_PAREJA,Proporción de mujeres de 15 años y más que declararon haber experimentado al menos un incidente de violencia por parte de su actual o última pareja a lo largo de la relación por tipo de daño ocasionado a consecuencia de la violencia sufrida,consecuencias,pareja,pareja_actual_o_ultima,a_lo_largo_de_la_relacion,mujeres de 15 años y más,Veracruz,2011,37.45,porcentaje,2011-01-01
data4.csv,ENDIREH_DANO_PAREJA,Proporción de mujeres de 15 años y más que declararon haber experimentado al menos un incidente de violencia por parte de su actual o última pareja a lo largo de la relación por tipo de daño ocasionado a consecuencia de la violencia sufrida,consecuencias,pareja,pareja_actual_o_ultima,a_lo_largo_de_la_relacion,mujeres de 15 años y más,Veracruz,2011,36.95,porcentaje,2011-01-01
data4.csv,ENDIREH_DANO_PAREJA,Proporción de mujeres de 15 años y más que declararon haber experimentado al menos un incidente de violencia por parte de su actual o última pareja a lo largo de la relación por tipo de daño ocasionado a consecuencia de la violencia sufrida,consecuencias,pareja,pareja_actual_o_ultima,a_lo_largo_de_la_relacion,mujeres de 15 años y más,Veracruz,2011,22.82,porcentaje,2011-01-01
data4.csv,ENDIREH_DANO_PAREJA,Proporción de mujeres de 15 años y más que declararon haber experimentado al menos un incidente de violencia por parte de su actual o última pareja a lo largo de la relación por tipo de daño ocasionado a consecuencia de la violencia sufrida,consecuencias,pareja,pareja_actual_o_ultima,a_lo_largo_de_la_relacion,mujeres de 15 años y más,Yucatán,2011,50.76,porcentaje,2011-01-01
data4.csv,ENDIREH_DANO_PAREJA,Proporción de mujeres de 15 años y más que declararon haber experimentado al menos un incidente de violencia por parte de su actual o última pareja a lo largo de la relación por tipo de daño ocasionado a consecuencia de la violencia sufrida,consecuencias,pareja,pareja_actual_o_ultima,a_lo_largo_de_la_relacion,mujeres de 15 años y más,Yucatán,2011,46.41,porcentaje,2011-01-01
data4.csv,ENDIREH_DANO_PAREJA,Proporción de mujeres de 15 años y más que declararon haber experimentado al menos un incidente de violencia por parte de su actual o última pareja a lo largo de la relación por tipo de daño ocasionado a consecuencia de la violencia sufrida,consecuencias,pareja,pareja_actual_o_ultima,a_lo_largo_de_la_relacion,mujeres de 15 años y más,Yucatán,2011,32.55,porcentaje,2011-01-01
data4.csv,ENDIREH_DANO_PAREJA,Proporción de mujeres de 15 años y más que declararon haber experimentado al menos un incidente de violencia por parte de su actual o última pareja a lo largo de la relación por tipo de daño ocasionado a consecuencia de la violencia sufrida,consecuencias,pareja,pareja_actual_o_ultima,a_lo_largo_de_la_relacion,mujeres de 15 años y más,Yucatán,2011,18.47,porcentaje,2011-01-01
data4.csv,ENDIREH_DANO_PAREJA,Proporción de mujeres de 15 años y más que declararon haber experimentado al menos un incidente de violencia por parte de su actual o última pareja a lo largo de la relación por tipo de daño ocasionado a consecuencia de la violencia sufrida,consecuencias,pareja,pareja_actual_o_ultima,a_lo_largo_de_la_relacion,mujeres de 15 años y más,Zacatecas,2011,49.56,porcentaje,2011-01-01
data4.csv,ENDIREH_DANO_PAREJA,Proporción de mujeres de 15 años y más que declararon haber experimentado al menos un incidente de violencia por parte de su actual o última pareja a lo largo de la relación por tipo de daño ocasionado a consecuencia de la violencia sufrida,consecuencias,pareja,pareja_actual_o_ultima,a_lo_largo_de_la_relacion,mujeres de 15 años y más,Zacatecas,2011,29.81,porcentaje,2011-01-01
data4.csv,ENDIREH_DANO_PAREJA,Proporción de mujeres de 15 años y más que declararon haber experimentado al menos un incidente de violencia por parte de su actual o última pareja a lo largo de la relación por tipo de daño ocasionado a consecuencia de la violencia sufrida,consecuencias,pareja,pareja_actual_o_ultima,a_lo_largo_de_la_relacion,mujeres de 15 años y más,Zacatecas,2011,45.57,porcentaje,2011-01-01
data4.csv,ENDIREH_DANO_PAREJA,Proporción de mujeres de 15 años y más que declararon haber experimentado al menos un incidente de violencia por parte de su actual o última pareja a lo largo de la relación por tipo de daño ocasionado a consecuencia de la violencia sufrida,consecuencias,pareja,pareja_actual_o_ultima,a_lo_largo_de_la_relacion,mujeres de 15 años y más,Zacatecas,2011,22.04,porcentaje,2011-01-01
data4.csv,ENDIREH_DANO_PAREJA,Proporción de mujeres de 15 años y más que declararon haber experimentado al menos un incidente de violencia por parte de su actual o última pareja a lo largo de la relación por tipo de daño ocasionado a consecuencia de la violencia sufrida,consecuencias,pareja,pareja_actual_o_ultima,a_lo_largo_de_la_relacion,mujeres de 15 años y más,Aguascalientes,2016,53.2,porcentaje,2016-01-01
data4.csv,ENDIREH_DANO_PAREJA,Proporción de mujeres de 15 años y más que declararon haber experimentado al menos un incidente de violencia por parte de su actual o última pareja a lo largo de la relación por tipo de daño ocasionado a consecuencia de la violencia sufrida,consecuencias,pareja,pareja_actual_o_ultima,a_lo_largo_de_la_relacion,mujeres de 15 años y más,Aguascalientes,2016,40.23,porcentaje,2016-01-01
data4.csv,ENDIREH_DANO_PAREJA,Proporción de mujeres de 15 años y más que declararon haber experimentado al menos un incidente de violencia por parte de su actual o última pareja a lo largo de la relación por tipo de daño ocasionado a consecuencia de la violencia sufrida,consecuencias,pareja,pareja_actual_o_ultima,a_lo_largo_de_la_relacion,mujeres de 15 años y más,Aguascalientes,2016,35.62,porcentaje,2016-01-01
data4.csv,ENDIREH_DANO_PAREJA,Proporción de mujeres de 15 años y más que declararon haber experimentado al menos un incidente de violencia por parte de su actual o última pareja a lo largo de la relación por tipo de daño ocasionado a consecuencia de la violencia sufrida,consecuencias,pareja,pareja_actual_o_ultima,a_lo_largo_de_la_relacion,mujeres de 15 años y más,Aguascalientes,2016,21.71,porcentaje,2016-01-01
data4.csv,ENDIREH_DANO_PAREJA,Proporción de mujeres de 15 años y más que declararon haber experimentado al menos un incidente de violencia por parte de su actual o última pareja a lo largo de la relación por tipo de daño ocasionado a consecuencia de la violencia sufrida,consecuencias,pareja,pareja_actual_o_ultima,a_lo_largo_de_la_relacion,mujeres de 15 años y más,Baja California,2016,37.2,porcentaje,2016-01-01
data4.csv,ENDIREH_DANO_PAREJA,Proporción de mujeres de 15 años y más que declararon haber experimentado al menos un incidente de violencia por parte de su actual o última pareja a lo largo de la relación por tipo de daño ocasionado a consecuencia de la violencia sufrida,consecuencias,pareja,pareja_actual_o_ultima,a_lo_largo_de_la_relacion,mujeres de 15 años y más,Baja California,2016,46.43,porcentaje,2016-01-01
data4.csv,ENDIREH_DANO_PAREJA,Proporción de mujeres de 15 años y más que declararon haber experimentado al menos un incidente de violencia por parte de su actual o última pareja a lo largo de la relación por tipo de daño ocasionado a consecuencia de la violencia sufrida,consecuencias,pareja,pareja_actual_o_ultima,a_lo_largo_de_la_relacion,mujeres de 15 años y más,Baja California,2016,30.93,porcentaje,2016-01-01
data4.csv,ENDIREH_DANO_PAREJA,Proporción de mujeres de 15 años y más que declararon haber experimentado al menos un incidente de violencia por parte de su actual o última pareja a lo largo de la relación por tipo de daño ocasionado a consecuencia de la violencia sufrida,consecuencias,pareja,pareja_actual_o_ultima,a_lo_largo_de_la_relacion,mujeres de 15 años y más,Baja California,2016,18.99,porcentaje,2016-01-01
data4.csv,ENDIREH_DANO_PAREJA,Proporción de mujeres de 15 años y más que declararon haber experimentado al menos un incidente de violencia por parte de su actual o última pareja a lo largo de la relación por tipo de daño ocasionado a consecuencia de la violencia sufrida,consecuencias,pareja,pareja_actual_o_ultima,a_lo_largo_de_la_relacion,mujeres de 15 años y más,Baja California Sur,2016,37.7,porcentaje,2016-01-01
data4.csv,ENDIREH_DANO_PAREJA,Proporción de mujeres de 15 años y más que declararon haber experimentado al menos un incidente de violencia por parte de su actual o última pareja a lo largo de la relación por tipo de daño ocasionado a consecuencia de la violencia sufrida,consecuencias,pareja,pareja_actual_o_ultima,a_lo_largo_de_la_relacion,mujeres de 15 años y más,Baja California Sur,2016,50.72,porcentaje,2016-01-01
data4.csv,ENDIREH_DANO_PAREJA,Proporción de mujeres de 15 años y más que declararon haber experimentado al menos un incidente de violencia por parte de su actual o última pareja a lo largo de la relación por tipo de daño ocasionado a consecuencia de la violencia sufrida,consecuencias,pareja,pareja_actual_o_ultima,a_lo_largo_de_la_relacion,mujeres de 15 años y más,Baja California Sur,2016,29.02,porcentaje,2016-01-01
data4.csv,ENDIREH_DANO_PAREJA,Proporción de mujeres de 15 años y más que declararon haber experimentado al menos un incidente de violencia por parte de su actual o última pareja a lo largo de la relación por tipo de daño ocasionado a consecuencia de la violencia sufrida,consecuencias,pareja,pareja_actual_o_ultima,a_lo_largo_de_la_relacion,mujeres de 15 años y más,Baja California Sur,2016,16.86,porcentaje,2016-01-01
data4.csv,ENDIREH_DANO_PAREJA,Proporción de mujeres de 15 años y más que declararon haber experimentado al menos un incidente de violencia por parte de su actual o última pareja a lo largo de la relación por tipo de daño ocasionado a consecuencia de la violencia sufrida,consecuencias,pareja,pareja_actual_o_ultima,a_lo_largo_de_la_relacion,mujeres de 15 años y más,Campeche,2016,34.0,porcentaje,2016-01-01
data4.csv,ENDIREH_DANO_PAREJA,Proporción de mujeres de 15 años y más que declararon haber experimentado al menos un incidente de violencia por parte de su actual o última pareja a lo largo de la relación por tipo de daño ocasionado a consecuencia de la violencia sufrida,consecuencias,pareja,pareja_actual_o_ultima,a_lo_largo_de_la_relacion,mujeres de 15 años y más,Campeche,2016,46.15,porcentaje,2016-01-01
data4.csv,ENDIREH_DANO_PAREJA,Proporción de mujeres de 15 años y más que declararon haber experimentado al menos un incidente de violencia por parte de su actual o última pareja a lo largo de la relación por tipo de daño ocasionado a consecuencia de la violencia sufrida,consecuencias,pareja,pareja_actual_o_ultima,a_lo_largo_de_la_relacion,mujeres de 15 años y más,Campeche,2016,25.1,porcentaje,2016-01-01
data4.csv,ENDIREH_DANO_PAREJA,Proporción de mujeres de 15 años y más que declararon haber experimentado al menos un incidente de violencia por parte de su actual o última pareja a lo largo de la relación por tipo de daño ocasionado a consecuencia de la violencia sufrida,consecuencias,pareja,pareja_actual_o_ultima,a_lo_largo_de_la_relacion,mujeres de 15 años y más,Campeche,2016,19.84,porcentaje,2016-01-01
data4.csv,ENDIREH_DANO_PAREJA,Proporción de mujeres de 15 años y más que declararon haber experimentado al menos un incidente de violencia por parte de su actual o última pareja a lo largo de la relación por tipo de daño ocasionado a consecuencia de la violencia sufrida,consecuencias,pareja,pareja_actual_o_ultima,a_lo_largo_de_la_relacion,mujeres de 15 años y más,Coahuila,2016,43.5,porcentaje,2016-01-01
data4.csv,ENDIREH_DANO_PAREJA,Proporción de mujeres de 15 años y más que declararon haber experimentado al menos un incidente de violencia por parte de su actual o última pareja a lo largo de la relación por tipo de daño ocasionado a consecuencia de la violencia sufrida,consecuencias,pareja,pareja_actual_o_ultima,a_lo_largo_de_la_relacion,mujeres de 15 años y más,Coahuila,2016,43.09,porcentaje,2016-01-01
data4.csv,ENDIREH_DANO_PAREJA,Proporción de mujeres de 15 años y más que declararon haber experimentado al menos un incidente de violencia por parte de su actual o última pareja a lo largo de la relación por tipo de daño ocasionado a consecuencia de la violencia sufrida,consecuencias,pareja,pareja_actual_o_ultima,a_lo_largo_de_la_relacion,mujeres de 15 años y más,Coahuila,2016,34.94,porcentaje,2016-01-01
data4.csv,ENDIREH_DANO_PAREJA,Proporción de mujeres de 15 años y más que declararon haber experimentado al menos un incidente de violencia por parte de su actual o última pareja a lo largo de la relación por tipo de daño ocasionado a consecuencia de la violencia sufrida,consecuencias,pareja,pareja_actual_o_ultima,a_lo_largo_de_la_relacion,mujeres de 15 años y más,Coahuila,2016,19.17,porcentaje,2016-01-01
data4.csv,ENDIREH_DANO_PAREJA,Proporción de mujeres de 15 años y más que declararon haber experimentado al menos un incidente de violencia por parte de su actual o última pareja a lo largo de la relación por tipo de daño ocasionado a consecuencia de la violencia sufrida,consecuencias,pareja,pareja_actual_o_ultima,a_lo_largo_de_la_relacion,mujeres de 15 años y más,Colima,2016,43.5,porcentaje,2016-01-01
data4.csv,ENDIREH_DANO_PAREJA,Proporción de mujeres de 15 años y más que declararon haber experimentado al menos un incidente de violencia por parte de su actual o última pareja a lo largo de la relación por tipo de daño ocasionado a consecuencia de la violencia sufrida,consecuencias,pareja,pareja_actual_o_ultima,a_lo_largo_de_la_relacion,mujeres de 15 años y más,Colima,2016,48.12,porcentaje,2016-01-01
data4.csv,ENDIREH_DANO_PAREJA,Proporción de mujeres de 15 años y más que declararon haber experimentado al menos un incidente de violencia por parte de su actual o última pareja a lo largo de la relación por tipo de daño ocasionado a consecuencia de la violencia sufrida,consecuencias,pareja,pareja_actual_o_ultima,a_lo_largo_de_la_relacion,mujeres de 15 años y más,Colima,2016,29.64,porcentaje,2016-01-01
data4.csv,ENDIREH_DANO_PAREJA,Proporción de mujeres de 15 años y más que declararon haber experimentado al menos un incidente de violencia por parte de su actual o última pareja a lo largo de la relación por tipo de daño ocasionado a consecuencia de la violencia sufrida,consecuencias,pareja,pareja_actual_o_ultima,a_lo_largo_de_la_relacion,mujeres de 15 años y más,Colima,2016,18.03,porcentaje,2016-01-01
data4.csv,ENDIREH_DANO_PAREJA,Proporción de mujeres de 15 años y más que declararon haber experimentado al menos un incidente de violencia por parte de su actual o última pareja a lo largo de la relación por tipo de daño ocasionado a consecuencia de la violencia sufrida,consecuencias,pareja,pareja_actual_o_ultima,a_lo_largo_de_la_relacion,mujeres de 15 años y más,Chiapas,2016,36.2,porcentaje,2016-01-01
data4.csv,ENDIREH_DANO_PAREJA,Proporción de mujeres de 15 años y más que declararon haber experimentado al menos un incidente de violencia por parte de su actual o última pareja a lo largo de la relación por tipo de daño ocasionado a consecuencia de la violencia sufrida,consecuencias,pareja,pareja_actual_o_ultima,a_lo_largo_de_la_relacion,mujeres de 15 años y más,Chiapas,2016,46.67,porcentaje,2016-01-01
data4.csv,ENDIREH_DANO_PAREJA,Proporción de mujeres de 15 años y más que declararon haber experimentado al menos un incidente de violencia por parte de su actual o última pareja a lo largo de la relación por tipo de daño ocasionado a consecuencia de la violencia sufrida,consecuencias,pareja,pareja_actual_o_ultima,a_lo_largo_de_la_relacion,mujeres de 15 años y más,Chiapas,2016,27.73,porcentaje,2016-01-01
data4.csv,ENDIREH_DANO_PAREJA,Proporción de mujeres de 15 años y más que declararon haber experimentado al menos un incidente de violencia por parte de su actual o última pareja a lo largo de la relación por tipo de daño ocasionado a consecuencia de la violencia sufrida,consecuencias,pareja,pareja_actual_o_ultima,a_lo_largo_de_la_relacion,mujeres de 15 años y más,Chiapas,2016,22.67,porcentaje,2016-01-01
data4.csv,ENDIREH_DANO_PAREJA,Proporción de mujeres de 15 años y más que declararon haber experimentado al menos un incidente de violencia por parte de su actual o última pareja a lo largo de la relación por tipo de daño ocasionado a consecuencia de la violencia sufrida,consecuencias,pareja,pareja_actual_o_ultima,a_lo_largo_de_la_relacion,mujeres de 15 años y más,Chihuahua,2016,45.4,porcentaje,2016-01-01
data4.csv,ENDIREH_DANO_PAREJA,Proporción de mujeres de 15 años y más que declararon haber experimentado al menos un incidente de violencia por parte de su actual o última pareja a lo largo de la relación por tipo de daño ocasionado a consecuencia de la violencia sufrida,consecuencias,pareja,pareja_actual_o_ultima,a_lo_largo_de_la_relacion,mujeres de 15 años y más,Chihuahua,2016,49.28,porcentaje,2016-01-01
data4.csv,ENDIREH_DANO_PAREJA,Proporción de mujeres de 15 años y más que declararon haber experimentado al menos un incidente de violencia por parte de su actual o última pareja a lo largo de la relación por tipo de daño ocasionado a consecuencia de la violencia sufrida,consecuencias,pareja,pareja_actual_o_ultima,a_lo_largo_de_la_relacion,mujeres de 15 años y más,Chihuahua,2016,28.73,porcentaje,2016-01-01
data4.csv,ENDIREH_DANO_PAREJA,Proporción de mujeres de 15 años y más que declararon haber experimentado al menos un incidente de violencia por parte de su actual o última pareja a lo largo de la relación por tipo de daño ocasionado a consecuencia de la violencia sufrida,consecuencias,pareja,pareja_actual_o_ultima,a_lo_largo_de_la_relacion,mujeres de 15 años y más,Chihuahua,2016,17.81,porcentaje,2016-01-01
data4.csv,ENDIREH_DANO_PAREJA,Proporción de mujeres de 15 años y más que declararon haber experimentado al menos un incidente de violencia por parte de su actual o última pareja a lo largo de la relación por tipo de daño ocasionado a consecuencia de la violencia sufrida,consecuencias,pareja,pareja_actual_o_ultima,a_lo_largo_de_la_relacion,mujeres de 15 años y más,Ciudad de México,2016,56.3,porcentaje,2016-01-01
data4.csv,ENDIREH_DANO_PAREJA,Proporción de mujeres de 15 años y más que declararon haber experimentado al menos un incidente de violencia por parte de su actual o última pareja a lo largo de la relación por tipo de daño ocasionado a consecuencia de la violencia sufrida,consecuencias,pareja,pareja_actual_o_ultima,a_lo_largo_de_la_relacion,mujeres de 15 años y más,Ciudad de México,2016,45.86,porcentaje,2016-01-01
data4.csv,ENDIREH_DANO_PAREJA,Proporción de mujeres de 15 años y más que declararon haber experimentado al menos un incidente de violencia por parte de su actual o última pareja a lo largo de la relación por tipo de daño ocasionado a consecuencia de la violencia sufrida,consecuencias,pareja,pareja_actual_o_ultima,a_lo_largo_de_la_relacion,mujeres de 15 años y más,Ciudad de México,2016,32.41,porcentaje,2016-01-01
data4.csv,ENDIREH_DANO_PAREJA,Proporción de mujeres de 15 años y más que declararon haber experimentado al menos un incidente de violencia por parte de su actual o última pareja a lo largo de la relación por tipo de daño ocasionado a consecuencia de la violencia sufrida,consecuencias,pareja,pareja_actual_o_ultima,a_lo_largo_de_la_relacion,mujeres de 15 años y más,Ciudad de México,2016,19.84,porcentaje,2016-01-01
data4.csv,ENDIREH_DANO_PAREJA,Proporción de mujeres de 15 años y más que declararon haber experimentado al menos un incidente de violencia por parte de su actual o última pareja a lo largo de la relación por tipo de daño ocasionado a consecuencia de la violencia sufrida,consecuencias,pareja,pareja_actual_o_ultima,a_lo_largo_de_la_relacion,mujeres de 15 años y más,Durango,2016,46.8,porcentaje,2016-01-01
data4.csv,ENDIREH_DANO_PAREJA,Proporción de mujeres de 15 años y más que declararon haber experimentado al menos un incidente de violencia por parte de su actual o última pareja a lo largo de la relación por tipo de daño ocasionado a consecuencia de la violencia sufrida,consecuencias,pareja,pareja_actual_o_ultima,a_lo_largo_de_la_relacion,mujeres de 15 años y más,Durango,2016,51.93,porcentaje,2016-01-01
data4.csv,ENDIREH_DANO_PAREJA,Proporción de mujeres de 15 años y más que declararon haber experimentado al menos un incidente de violencia por parte de su actual o última pareja a lo largo de la relación por tipo de daño ocasionado a consecuencia de la violencia sufrida,consecuencias,pareja,pareja_actual_o_ultima,a_lo_largo_de_la_relacion,mujeres de 15 años y más,Durango,2016,24.84,porcentaje,2016-01-01
data4.csv,ENDIREH_DANO_PAREJA,Proporción de mujeres de 15 años y más que declararon haber experimentado al menos un incidente de violencia por parte de su actual o última pareja a lo largo de la relación por tipo de daño ocasionado a consecuencia de la violencia sufrida,consecuencias,pareja,pareja_actual_o_ultima,a_lo_largo_de_la_relacion,mujeres de 15 años y más,Durango,2016,19.37,porcentaje,2016-01-01
data4.csv,ENDIREH_DANO_PAREJA,Proporción de mujeres de 15 años y más que declararon haber experimentado al menos un incidente de violencia por parte de su actual o última pareja a lo largo de la relación por tipo de daño ocasionado a consecuencia de la violencia sufrida,consecuencias,pareja,pareja_actual_o_ultima,a_lo_largo_de_la_relacion,mujeres de 15 años y más,Guanajuato,2016,39.3,porcentaje,2016-01-01
data4.csv,ENDIREH_DANO_PAREJA,Proporción de mujeres de 15 años y más que declararon haber experimentado al menos un incidente de violencia por parte de su actual o última pareja a lo largo de la relación por tipo de daño ocasionado a consecuencia de la violencia sufrida,consecuencias,pareja,pareja_actual_o_ultima,a_lo_largo_de_la_relacion,mujeres de 15 años y más,Guanajuato,2016,42.34,porcentaje,2016-01-01
data4.csv,ENDIREH_DANO_PAREJA,Proporción de mujeres de 15 años y más que declararon haber experimentado al menos un incidente de violencia por parte de su actual o última pareja a lo largo de la relación por tipo de daño ocasionado a consecuencia de la violencia sufrida,consecuencias,pareja,pareja_actual_o_ultima,a_lo_largo_de_la_relacion,mujeres de 15 años y más,Guanajuato,2016,27.32,porcentaje,2016-01-01
data4.csv,ENDIREH_DANO_PAREJA,Proporción de mujeres de 15 años y más que declararon haber experimentado al menos un incidente de violencia por parte de su actual o última pareja a lo largo de la relación por tipo de daño ocasionado a consecuencia de la violencia sufrida,consecuencias,pareja,pareja_actual_o_ultima,a_lo_largo_de_la_relacion,mujeres de 15 años y más,Guanajuato,2016,26.21,porcentaje,2016-01-01
data4.csv,ENDIREH_DANO_PAREJA,Proporción de mujeres de 15 años y más que declararon haber experimentado al menos un incidente de violencia por parte de su actual o última pareja a lo largo de la relación por tipo de daño ocasionado a consecuencia de la violencia sufrida,consecuencias,pareja,pareja_actual_o_ultima,a_lo_largo_de_la_relacion,mujeres de 15 años y más,Guerrero,2016,46.5,porcentaje,2016-01-01
data4.csv,ENDIREH_DANO_PAREJA,Proporción de mujeres de 15 años y más que declararon haber experimentado al menos un incidente de violencia por parte de su actual o última pareja a lo largo de la relación por tipo de daño ocasionado a consecuencia de la violencia sufrida,consecuencias,pareja,pareja_actual_o_ultima,a_lo_largo_de_la_relacion,mujeres de 15 años y más,Guerrero,2016,51.15,porcentaje,2016-01-01
data4.csv,ENDIREH_DANO_PAREJA,Proporción de mujeres de 15 años y más que declararon haber experimentado al menos un incidente de violencia por parte de su actual o última pareja a lo largo de la relación por tipo de daño ocasionado a consecuencia de la violencia sufrida,consecuencias,pareja,pareja_actual_o_ultima,a_lo_largo_de_la_relacion,mujeres de 15 años y más,Guerrero,2016,23.79,porcentaje,2016-01-01
data4.csv,ENDIREH_DANO_PAREJA,Proporción de mujeres de 15 años y más que declararon haber experimentado al menos un incidente de violencia por parte de su actual o última pareja a lo largo de la relación por tipo de daño ocasionado a consecuencia de la violencia sufrida,consecuencias,pareja,pareja_actual_o_ultima,a_lo_largo_de_la_relacion,mujeres de 15 años y más,Guerrero,2016,21.6,porcentaje,2016-01-01
data4.csv,ENDIREH_DANO_PAREJA,Proporción de mujeres de 15 años y más que declararon haber experimentado al menos un incidente de violencia por parte de su actual o última pareja a lo largo de la relación por tipo de daño ocasionado a consecuencia de la violencia sufrida,consecuencias,pareja,pareja_actual_o_ultima,a_lo_largo_de_la_relacion,mujeres de 15 años y más,Hidalgo,2016,46.0,porcentaje,2016-01-01
data4.csv,ENDIREH_DANO_PAREJA,Proporción de mujeres de 15 años y más que declararon haber experimentado al menos un incidente de violencia por parte de su actual o última pareja a lo largo de la relación por tipo de daño ocasionado a consecuencia de la violencia sufrida,consecuencias,pareja,pareja_actual_o_ultima,a_lo_largo_de_la_relacion,mujeres de 15 años y más,Hidalgo,2016,44.82,porcentaje,2016-01-01
data4.csv,ENDIREH_DANO_PAREJA,Proporción de mujeres de 15 años y más que declararon haber experimentado al menos un incidente de violencia por parte de su actual o última pareja a lo largo de la relación por tipo de daño ocasionado a consecuencia de la violencia sufrida,consecuencias,pareja,pareja_actual_o_ultima,a_lo_largo_de_la_relacion,mujeres de 15 años y más,Hidalgo,2016,29.96,porcentaje,2016-01-01
data4.csv,ENDIREH_DANO_PAREJA,Proporción de mujeres de 15 años y más que declararon haber experimentado al menos un incidente de violencia por parte de su actual o última pareja a lo largo de la relación por tipo de daño ocasionado a consecuencia de la violencia sufrida,consecuencias,pareja,pareja_actual_o_ultima,a_lo_largo_de_la_relacion,mujeres de 15 años y más,Hidalgo,2016,21.44,porcentaje,2016-01-01
data4.csv,ENDIREH_DANO_PAREJA,Proporción de mujeres de 15 años y más que declararon haber experimentado al menos un incidente de violencia por parte de su actual o última pareja a lo largo de la relación por tipo de daño ocasionado a consecuencia de la violencia sufrida,consecuencias,pareja,pareja_actual_o_ultima,a_lo_largo_de_la_relacion,mujeres de 15 años y más,Jalisco,2016,50.9,porcentaje,2016-01-01
data4.csv,ENDIREH_DANO_PAREJA,Proporción de mujeres de 15 años y más que declararon haber experimentado al menos un incidente de violencia por parte de su actual o última pareja a lo largo de la relación por tipo de daño ocasionado a consecuencia de la violencia sufrida,consecuencias,pareja,pareja_actual_o_ultima,a_lo_largo_de_la_relacion,mujeres de 15 años y más,Jalisco,2016,47.46,porcentaje,2016-01-01
data4.csv,ENDIREH_DANO_PAREJA,Proporción de mujeres de 15 años y más que declararon haber experimentado al menos un incidente de violencia por parte de su actual o última pareja a lo largo de la relación por tipo de daño ocasionado a consecuencia de la violencia sufrida,consecuencias,pareja,pareja_actual_o_ultima,a_lo_largo_de_la_relacion,mujeres de 15 años y más,Jalisco,2016,30.47,porcentaje,2016-01-01
data4.csv,ENDIREH_DANO_PAREJA,Proporción de mujeres de 15 años y más que declararon haber experimentado al menos un incidente de violencia por parte de su actual o última pareja a lo largo de la relación por tipo de daño ocasionado a consecuencia de la violencia sufrida,consecuencias,pareja,pareja_actual_o_ultima,a_lo_largo_de_la_relacion,mujeres de 15 años y más,Jalisco,2016,18.77,porcentaje,2016-01-01
data4.csv,ENDIREH_DANO_PAREJA,Proporción de mujeres de 15 años y más que declararon haber experimentado al menos un incidente de violencia por parte de su actual o última pareja a lo largo de la relación por tipo de daño ocasionado a consecuencia de la violencia sufrida,consecuencias,pareja,pareja_actual_o_ultima,a_lo_largo_de_la_relacion,mujeres de 15 años y más,Estado de México,2016,55.9,porcentaje,2016-01-01
data4.csv,ENDIREH_DANO_PAREJA,Proporción de mujeres de 15 años y más que declararon haber experimentado al menos un incidente de violencia por parte de su actual o última pareja a lo largo de la relación por tipo de daño ocasionado a consecuencia de la violencia sufrida,consecuencias,pareja,pareja_actual_o_ultima,a_lo_largo_de_la_relacion,mujeres de 15 años y más,Estado de México,2016,42.9,porcentaje,2016-01-01
data4.csv,ENDIREH_DANO_PAREJA,Proporción de mujeres de 15 años y más que declararon haber experimentado al menos un incidente de violencia por parte de su actual o última pareja a lo largo de la relación por tipo de daño ocasionado a consecuencia de la violencia sufrida,consecuencias,pareja,pareja_actual_o_ultima,a_lo_largo_de_la_relacion,mujeres de 15 años y más,Estado de México,2016,36.27,porcentaje,2016-01-01
data4.csv,ENDIREH_DANO_PAREJA,Proporción de mujeres de 15 años y más que declararon haber experimentado al menos un incidente de violencia por parte de su actual o última pareja a lo largo de la relación por tipo de daño ocasionado a consecuencia de la violencia sufrida,consecuencias,pareja,pareja_actual_o_ultima,a_lo_largo_de_la_relacion,mujeres de 15 años y más,Estado de México,2016,18.87,porcentaje,2016-01-01
data4.csv,ENDIREH_DANO_PAREJA,Proporción de mujeres de 15 años y más que declararon haber experimentado al menos un incidente de violencia por parte de su actual o última pareja a lo largo de la relación por tipo de daño ocasionado a consecuencia de la violencia sufrida,consecuencias,pareja,pareja_actual_o_ultima,a_lo_largo_de_la_relacion,mujeres de 15 años y más,Michoacán de Ocampo,2016,48.3,porcentaje,2016-01-01
data4.csv,ENDIREH_DANO_PAREJA,Proporción de mujeres de 15 años y más que declararon haber experimentado al menos un incidente de violencia por parte de su actual o última pareja a lo largo de la relación por tipo de daño ocasionado a consecuencia de la violencia sufrida,consecuencias,pareja,pareja_actual_o_ultima,a_lo_largo_de_la_relacion,mujeres de 15 años y más,Michoacán de Ocampo,2016,46.33,porcentaje,2016-01-01
data4.csv,ENDIREH_DANO_PAREJA,Proporción de mujeres de 15 años y más que declararon haber experimentado al menos un incidente de violencia por parte de su actual o última pareja a lo largo de la relación por tipo de daño ocasionado a consecuencia de la violencia sufrida,consecuencias,pareja,pareja_actual_o_ultima,a_lo_largo_de_la_relacion,mujeres de 15 años y más,Michoacán de Ocampo,2016,30.26,porcentaje,2016-01-01
data4.csv,ENDIREH_DANO_PAREJA,Proporción de mujeres de 15 años y más que declararon haber experimentado al menos un incidente de violencia por parte de su actual o última pareja a lo largo de la relación por tipo de daño ocasionado a consecuencia de la violencia sufrida,consecuencias,pareja,pareja_actual_o_ultima,a_lo_largo_de_la_relacion,mujeres de 15 años y más,Michoacán de Ocampo,2016,18.4,porcentaje,2016-01-01
data4.csv,ENDIREH_DANO_PAREJA,Proporción de mujeres de 15 años y más que declararon haber experimentado al menos un incidente de violencia por parte de su actual o última pareja a lo largo de la relación por tipo de daño ocasionado a consecuencia de la violencia sufrida,consecuencias,pareja,pareja_actual_o_ultima,a_lo_largo_de_la_relacion,mujeres de 15 años y más,Morelos,2016,46.6,porcentaje,2016-01-01
data4.csv,ENDIREH_DANO_PAREJA,Proporción de mujeres de 15 años y más que declararon haber experimentado al menos un incidente de violencia por parte de su actual o última pareja a lo largo de la relación por tipo de daño ocasionado a consecuencia de la violencia sufrida,consecuencias,pareja,pareja_actual_o_ultima,a_lo_largo_de_la_relacion,mujeres de 15 años y más,Morelos,2016,47.11,porcentaje,2016-01-01
data4.csv,ENDIREH_DANO_PAREJA,Proporción de mujeres de 15 años y más que declararon haber experimentado al menos un incidente de violencia por parte de su actual o última pareja a lo largo de la relación por tipo de daño ocasionado a consecuencia de la violencia sufrida,consecuencias,pareja,pareja_actual_o_ultima,a_lo_largo_de_la_relacion,mujeres de 15 años y más,Morelos,2016,27.84,porcentaje,2016-01-01
data4.csv,ENDIREH_DANO_PAREJA,Proporción de mujeres de 15 años y más que declararon haber experimentado al menos un incidente de violencia por parte de su actual o última pareja a lo largo de la relación por tipo de daño ocasionado a consecuencia de la violencia sufrida,consecuencias,pareja,pareja_actual_o_ultima,a_lo_largo_de_la_relacion,mujeres de 15 años y más,Morelos,2016,22.03,porcentaje,2016-01-01
data4.csv,ENDIREH_DANO_PAREJA,Proporción de mujeres de 15 años y más que declararon haber experimentado al menos un incidente de violencia por parte de su actual o última pareja a lo largo de la relación por tipo de daño ocasionado a consecuencia de la violencia sufrida,consecuencias,pareja,pareja_actual_o_ultima,a_lo_largo_de_la_relacion,mujeres de 15 años y más,Nayarit,2016,40.5,porcentaje,2016-01-01
data4.csv,ENDIREH_DANO_PAREJA,Proporción de mujeres de 15 años y más que declararon haber experimentado al menos un incidente de violencia por parte de su actual o última pareja a lo largo de la relación por tipo de daño ocasionado a consecuencia de la violencia sufrida,consecuencias,pareja,pareja_actual_o_ultima,a_lo_largo_de_la_relacion,mujeres de 15 años y más,Nayarit,2016,51.13,porcentaje,2016-01-01
data4.csv,ENDIREH_DANO_PAREJA,Proporción de mujeres de 15 años y más que declararon haber experimentado al menos un incidente de violencia por parte de su actual o última pareja a lo largo de la relación por tipo de daño ocasionado a consecuencia de la violencia sufrida,consecuencias,pareja,pareja_actual_o_ultima,a_lo_largo_de_la_relacion,mujeres de 15 años y más,Nayarit,2016,23.8,porcentaje,2016-01-01
data4.csv,ENDIREH_DANO_PAREJA,Proporción de mujeres de 15 años y más que declararon haber experimentado al menos un incidente de violencia por parte de su actual o última pareja a lo largo de la relación por tipo de daño ocasionado a consecuencia de la violencia sufrida,consecuencias,pareja,pareja_actual_o_ultima,a_lo_largo_de_la_relacion,mujeres de 15 años y más,Nayarit,2016,18.06,porcentaje,2016-01-01
data4.csv,ENDIREH_DANO_PAREJA,Proporción de mujeres de 15 años y más que declararon haber experimentado al menos un incidente de violencia por parte de su actual o última pareja a lo largo de la relación por tipo de daño ocasionado a consecuencia de la violencia sufrida,consecuencias,pareja,pareja_actual_o_ultima,a_lo_largo_de_la_relacion,mujeres de 15 años y más,Nuevo León,2016,33.5,porcentaje,2016-01-01
data4.csv,ENDIREH_DANO_PAREJA,Proporción de mujeres de 15 años y más que declararon haber experimentado al menos un incidente de violencia por parte de su actual o última pareja a lo largo de la relación por tipo de daño ocasionado a consecuencia de la violencia sufrida,consecuencias,pareja,pareja_actual_o_ultima,a_lo_largo_de_la_relacion,mujeres de 15 años y más,Nuevo León,2016,56.96,porcentaje,2016-01-01
data4.csv,ENDIREH_DANO_PAREJA,Proporción de mujeres de 15 años y más que declararon haber experimentado al menos un incidente de violencia por parte de su actual o última pareja a lo largo de la relación por tipo de daño ocasionado a consecuencia de la violencia sufrida,consecuencias,pareja,pareja_actual_o_ultima,a_lo_largo_de_la_relacion,mujeres de 15 años y más,Nuevo León,2016,23.24,porcentaje,2016-01-01
data4.csv,ENDIREH_DANO_PAREJA,Proporción de mujeres de 15 años y más que declararon haber experimentado al menos un incidente de violencia por parte de su actual o última pareja a lo largo de la relación por tipo de daño ocasionado a consecuencia de la violencia sufrida,consecuencias,pareja,pareja_actual_o_ultima,a_lo_largo_de_la_relacion,mujeres de 15 años y más,Nuevo León,2016,15.87,porcentaje,2016-01-01
data4.csv,ENDIREH_DANO_PAREJA,Proporción de mujeres de 15 años y más que declararon haber experimentado al menos un incidente de violencia por parte de su actual o última pareja a lo largo de la relación por tipo de daño ocasionado a consecuencia de la violencia sufrida,consecuencias,pareja,pareja_actual_o_ultima,a_lo_largo_de_la_relacion,mujeres de 15 años y más,Oaxaca,2016,48.6,porcentaje,2016-01-01
data4.csv,ENDIREH_DANO_PAREJA,Proporción de mujeres de 15 años y más que declararon haber experimentado al menos un incidente de violencia por parte de su actual o última pareja a lo largo de la relación por tipo de daño ocasionado a consecuencia de la violencia sufrida,consecuencias,pareja,pareja_actual_o_ultima,a_lo_largo_de_la_relacion,mujeres de 15 años y más,Oaxaca,2016,52.05,porcentaje,2016-01-01
data4.csv,ENDIREH_DANO_PAREJA,Proporción de mujeres de 15 años y más que declararon haber experimentado al menos un incidente de violencia por parte de su actual o última pareja a lo largo de la relación por tipo de daño ocasionado a consecuencia de la violencia sufrida,consecuencias,pareja,pareja_actual_o_ultima,a_lo_largo_de_la_relacion,mujeres de 15 años y más,Oaxaca,2016,25.03,porcentaje,2016-01-01
data4.csv,ENDIREH_DANO_PAREJA,Proporción de mujeres de 15 años y más que declararon haber experimentado al menos un incidente de violencia por parte de su actual o última pareja a lo largo de la relación por tipo de daño ocasionado a consecuencia de la violencia sufrida,consecuencias,pareja,pareja_actual_o_ultima,a_lo_largo_de_la_relacion,mujeres de 15 años y más,Oaxaca,2016,19.47,porcentaje,2016-01-01
data4.csv,ENDIREH_DANO_PAREJA,Proporción de mujeres de 15 años y más que declararon haber experimentado al menos un incidente de violencia por parte de su actual o última pareja a lo largo de la relación por tipo de daño ocasionado a consecuencia de la violencia sufrida,consecuencias,pareja,pareja_actual_o_ultima,a_lo_largo_de_la_relacion,mujeres de 15 años y más,Puebla,2016,47.3,porcentaje,2016-01-01
data4.csv,ENDIREH_DANO_PAREJA,Proporción de mujeres de 15 años y más que declararon haber experimentado al menos un incidente de violencia por parte de su actual o última pareja a lo largo de la relación por tipo de daño ocasionado a consecuencia de la violencia sufrida,consecuencias,pareja,pareja_actual_o_ultima,a_lo_largo_de_la_relacion,mujeres de 15 años y más,Puebla,2016,49.76,porcentaje,2016-01-01
data4.csv,ENDIREH_DANO_PAREJA,Proporción de mujeres de 15 años y más que declararon haber experimentado al menos un incidente de violencia por parte de su actual o última pareja a lo largo de la relación por tipo de daño ocasionado a consecuencia de la violencia sufrida,consecuencias,pareja,pareja_actual_o_ultima,a_lo_largo_de_la_relacion,mujeres de 15 años y más,Puebla,2016,27.63,porcentaje,2016-01-01
data4.csv,ENDIREH_DANO_PAREJA,Proporción de mujeres de 15 años y más que declararon haber experimentado al menos un incidente de violencia por parte de su actual o última pareja a lo largo de la relación por tipo de daño ocasionado a consecuencia de la violencia sufrida,consecuencias,pareja,pareja_actual_o_ultima,a_lo_largo_de_la_relacion,mujeres de 15 años y más,Puebla,2016,18.97,porcentaje,2016-01-01
data4.csv,ENDIREH_DANO_PAREJA,Proporción de mujeres de 15 años y más que declararon haber experimentado al menos un incidente de violencia por parte de su actual o última pareja a lo largo de la relación por tipo de daño ocasionado a consecuencia de la violencia sufrida,consecuencias,pareja,pareja_actual_o_ultima,a_lo_largo_de_la_relacion,mujeres de 15 años y más,Querétaro,2016,46.6,porcentaje,2016-01-01
data4.csv,ENDIREH_DANO_PAREJA,Proporción de mujeres de 15 años y más que declararon haber experimentado al menos un incidente de violencia por parte de su actual o última pareja a lo largo de la relación por tipo de daño ocasionado a consecuencia de la violencia sufrida,consecuencias,pareja,pareja_actual_o_ultima,a_lo_largo_de_la_relacion,mujeres de 15 años y más,Querétaro,2016,41.82,porcentaje,2016-01-01
data4.csv,ENDIREH_DANO_PAREJA,Proporción de mujeres de 15 años y más que declararon haber experimentado al menos un incidente de violencia por parte de su actual o última pareja a lo largo de la relación por tipo de daño ocasionado a consecuencia de la violencia sufrida,consecuencias,pareja,pareja_actual_o_ultima,a_lo_largo_de_la_relacion,mujeres de 15 años y más,Querétaro,2016,34.12,porcentaje,2016-01-01
data4.csv,ENDIREH_DANO_PAREJA,Proporción de mujeres de 15 años y más que declararon haber experimentado al menos un incidente de violencia por parte de su actual o última pareja a lo largo de la relación por tipo de daño ocasionado a consecuencia de la violencia sufrida,consecuencias,pareja,pareja_actual_o_ultima,a_lo_largo_de_la_relacion,mujeres de 15 años y más,Querétaro,2016,20.54,porcentaje,2016-01-01
data4.csv,ENDIREH_DANO_PAREJA,Proporción de mujeres de 15 años y más que declararon haber experimentado al menos un incidente de violencia por parte de su actual o última pareja a lo largo de la relación por tipo de daño ocasionado a consecuencia de la violencia sufrida,consecuencias,pareja,pareja_actual_o_ultima,a_lo_largo_de_la_relacion,mujeres de 15 años y más,Quintana Roo,2016,44.1,porcentaje,2016-01-01
data4.csv,ENDIREH_DANO_PAREJA,Proporción de mujeres de 15 años y más que declararon haber experimentado al menos un incidente de violencia por parte de su actual o última pareja a lo largo de la relación por tipo de daño ocasionado a consecuencia de la violencia sufrida,consecuencias,pareja,pareja_actual_o_ultima,a_lo_largo_de_la_relacion,mujeres de 15 años y más,Quintana Roo,2016,50.92,porcentaje,2016-01-01
data4.csv,ENDIREH_DANO_PAREJA,Proporción de mujeres de 15 años y más que declararon haber experimentado al menos un incidente de violencia por parte de su actual o última pareja a lo largo de la relación por tipo de daño ocasionado a consecuencia de la violencia sufrida,consecuencias,pareja,pareja_actual_o_ultima,a_lo_largo_de_la_relacion,mujeres de 15 años y más,Quintana Roo,2016,28.27,porcentaje,2016-01-01
data4.csv,ENDIREH_DANO_PAREJA,Proporción de mujeres de 15 años y más que declararon haber experimentado al menos un incidente de violencia por parte de su actual o última pareja a lo largo de la relación por tipo de daño ocasionado a consecuencia de la violencia sufrida,consecuencias,pareja,pareja_actual_o_ultima,a_lo_largo_de_la_relacion,mujeres de 15 años y más,Quintana Roo,2016,16.22,porcentaje,2016-01-01
data4.csv,ENDIREH_DANO_PAREJA,Proporción de mujeres de 15 años y más que declararon haber experimentado al menos un incidente de violencia por parte de su actual o última pareja a lo largo de la relación por tipo de daño ocasionado a consecuencia de la violencia sufrida,consecuencias,pareja,pareja_actual_o_ultima,a_lo_largo_de_la_relacion,mujeres de 15 años y más,San Luis Potosí,2016,39.9,porcentaje,2016-01-01
data4.csv,ENDIREH_DANO_PAREJA,Proporción de mujeres de 15 años y más que declararon haber experimentado al menos un incidente de violencia por parte de su actual o última pareja a lo largo de la relación por tipo de daño ocasionado a consecuencia de la violencia sufrida,consecuencias,pareja,pareja_actual_o_ultima,a_lo_largo_de_la_relacion,mujeres de 15 años y más,San Luis Potosí,2016,45.36,porcentaje,2016-01-01
data4.csv,ENDIREH_DANO_PAREJA,Proporción de mujeres de 15 años y más que declararon haber experimentado al menos un incidente de violencia por parte de su actual o última pareja a lo largo de la relación por tipo de daño ocasionado a consecuencia de la violencia sufrida,consecuencias,pareja,pareja_actual_o_ultima,a_lo_largo_de_la_relacion,mujeres de 15 años y más,San Luis Potosí,2016,28.52,porcentaje,2016-01-01
data4.csv,ENDIREH_DANO_PAREJA,Proporción de mujeres de 15 años y más que declararon haber experimentado al menos un incidente de violencia por parte de su actual o última pareja a lo largo de la relación por tipo de daño ocasionado a consecuencia de la violencia sufrida,consecuencias,pareja,pareja_actual_o_ultima,a_lo_largo_de_la_relacion,mujeres de 15 años y más,San Luis Potosí,2016,22.6,porcentaje,2016-01-01
data4.csv,ENDIREH_DANO_PAREJA,Proporción de mujeres de 15 años y más que declararon haber experimentado al menos un incidente de violencia por parte de su actual o última pareja a lo largo de la relación por tipo de daño ocasionado a consecuencia de la violencia sufrida,consecuencias,pareja,pareja_actual_o_ultima,a_lo_largo_de_la_relacion,mujeres de 15 años y más,Sinaloa,2016,39.9,porcentaje,2016-01-01
data4.csv,ENDIREH_DANO_PAREJA,Proporción de mujeres de 15 años y más que declararon haber experimentado al menos un incidente de violencia por parte de su actual o última pareja a lo largo de la relación por tipo de daño ocasionado a consecuencia de la violencia sufrida,consecuencias,pareja,pareja_actual_o_ultima,a_lo_largo_de_la_relacion,mujeres de 15 años y más,Sinaloa,2016,54.42,porcentaje,2016-01-01
data4.csv,ENDIREH_DANO_PAREJA,Proporción de mujeres de 15 años y más que declararon haber experimentado al menos un incidente de violencia por parte de su actual o última pareja a lo largo de la relación por tipo de daño ocasionado a consecuencia de la violencia sufrida,consecuencias,pareja,pareja_actual_o_ultima,a_lo_largo_de_la_relacion,mujeres de 15 años y más,Sinaloa,2016,26.35,porcentaje,2016-01-01
data4.csv,ENDIREH_DANO_PAREJA,Proporción de mujeres de 15 años y más que declararon haber experimentado al menos un incidente de violencia por parte de su actual o última pareja a lo largo de la relación por tipo de daño ocasionado a consecuencia de la violencia sufrida,consecuencias,pareja,pareja_actual_o_ultima,a_lo_largo_de_la_relacion,mujeres de 15 años y más,Sinaloa,2016,14.94,porcentaje,2016-01-01
data4.csv,ENDIREH_DANO_PAREJA,Proporción de mujeres de 15 años y más que declararon haber experimentado al menos un incidente de violencia por parte de su actual o última pareja a lo largo de la relación por tipo de daño ocasionado a consecuencia de la violencia sufrida,consecuencias,pareja,pareja_actual_o_ultima,a_lo_largo_de_la_relacion,mujeres de 15 años y más,Sonora,2016,37.5,porcentaje,2016-01-01
data4.csv,ENDIREH_DANO_PAREJA,Proporción de mujeres de 15 años y más que declararon haber experimentado al menos un incidente de violencia por parte de su actual o última pareja a lo largo de la relación por tipo de daño ocasionado a consecuencia de la violencia sufrida,consecuencias,pareja,pareja_actual_o_ultima,a_lo_largo_de_la_relacion,mujeres de 15 años y más,Sonora,2016,52.49,porcentaje,2016-01-01
data4.csv,ENDIREH_DANO_PAREJA,Proporción de mujeres de 15 años y más que declararon haber experimentado al menos un incidente de violencia por parte de su actual o última pareja a lo largo de la relación por tipo de daño ocasionado a consecuencia de la violencia sufrida,consecuencias,pareja,pareja_actual_o_ultima,a_lo_largo_de_la_relacion,mujeres de 15 años y más,Sonora,2016,28.03,porcentaje,2016-01-01
data4.csv,ENDIREH_DANO_PAREJA,Proporción de mujeres de 15 años y más que declararon haber experimentado al menos un incidente de violencia por parte de su actual o última pareja a lo largo de la relación por tipo de daño ocasionado a consecuencia de la violencia sufrida,consecuencias,pareja,pareja_actual_o_ultima,a_lo_largo_de_la_relacion,mujeres de 15 años y más,Sonora,2016,15.57,porcentaje,2016-01-01
data4.csv,ENDIREH_DANO_PAREJA,Proporción de mujeres de 15 años y más que declararon haber experimentado al menos un incidente de violencia por parte de su actual o última pareja a lo largo de la relación por tipo de daño ocasionado a consecuencia de la violencia sufrida,consecuencias,pareja,pareja_actual_o_ultima,a_lo_largo_de_la_relacion,mujeres de 15 años y más,Tabasco,2016,41.2,porcentaje,2016-01-01
data4.csv,ENDIREH_DANO_PAREJA,Proporción de mujeres de 15 años y más que declararon haber experimentado al menos un incidente de violencia por parte de su actual o última pareja a lo largo de la relación por tipo de daño ocasionado a consecuencia de la violencia sufrida,consecuencias,pareja,pareja_actual_o_ultima,a_lo_largo_de_la_relacion,mujeres de 15 años y más,Tabasco,2016,47.34,porcentaje,2016-01-01
data4.csv,ENDIREH_DANO_PAREJA,Proporción de mujeres de 15 años y más que declararon haber experimentado al menos un incidente de violencia por parte de su actual o última pareja a lo largo de la relación por tipo de daño ocasionado a consecuencia de la violencia sufrida,consecuencias,pareja,pareja_actual_o_ultima,a_lo_largo_de_la_relacion,mujeres de 15 años y más,Tabasco,2016,26.74,porcentaje,2016-01-01
data4.csv,ENDIREH_DANO_PAREJA,Proporción de mujeres de 15 años y más que declararon haber experimentado al menos un incidente de violencia por parte de su actual o última pareja a lo largo de la relación por tipo de daño ocasionado a consecuencia de la violencia sufrida,consecuencias,pareja,pareja_actual_o_ultima,a_lo_largo_de_la_relacion,mujeres de 15 años y más,Tabasco,2016,22.66,porcentaje,2016-01-01
data4.csv,ENDIREH_DANO_PAREJA,Proporción de mujeres de 15 años y más que declararon haber experimentado al menos un incidente de violencia por parte de su actual o última pareja a lo largo de la relación por tipo de daño ocasionado a consecuencia de la violencia sufrida,consecuencias,pareja,pareja_actual_o_ultima,a_lo_largo_de_la_relacion,mujeres de 15 años y más,Tamaulipas,2016,35.5,porcentaje,2016-01-01
data4.csv,ENDIREH_DANO_PAREJA,Proporción de mujeres de 15 años y más que declararon haber experimentado al menos un incidente de violencia por parte de su actual o última pareja a lo largo de la relación por tipo de daño ocasionado a consecuencia de la violencia sufrida,consecuencias,pareja,pareja_actual_o_ultima,a_lo_largo_de_la_relacion,mujeres de 15 años y más,Tamaulipas,2016,55.22,porcentaje,2016-01-01
data4.csv,ENDIREH_DANO_PAREJA,Proporción de mujeres de 15 años y más que declararon haber experimentado al menos un incidente de violencia por parte de su actual o última pareja a lo largo de la relación por tipo de daño ocasionado a consecuencia de la violencia sufrida,consecuencias,pareja,pareja_actual_o_ultima,a_lo_largo_de_la_relacion,mujeres de 15 años y más,Tamaulipas,2016,24.0,porcentaje,2016-01-01
data4.csv,ENDIREH_DANO_PAREJA,Proporción de mujeres de 15 años y más que declararon haber experimentado al menos un incidente de violencia por parte de su actual o última pareja a lo largo de la relación por tipo de daño ocasionado a consecuencia de la violencia sufrida,consecuencias,pareja,pareja_actual_o_ultima,a_lo_largo_de_la_relacion,mujeres de 15 años y más,Tamaulipas,2016,17.03,porcentaje,2016-01-01
data4.csv,ENDIREH_DANO_PAREJA,Proporción de mujeres de 15 años y más que declararon haber experimentado al menos un incidente de violencia por parte de su actual o última pareja a lo largo de la relación por tipo de daño ocasionado a consecuencia de la violencia sufrida,consecuencias,pareja,pareja_actual_o_ultima,a_lo_largo_de_la_relacion,mujeres de 15 años y más,Tlaxcala,2016,46.2,porcentaje,2016-01-01
data4.csv,ENDIREH_DANO_PAREJA,Proporción de mujeres de 15 años y más que declararon haber experimentado al menos un incidente de violencia por parte de su actual o última pareja a lo largo de la relación por tipo de daño ocasionado a consecuencia de la violencia sufrida,consecuencias,pareja,pareja_actual_o_ultima,a_lo_largo_de_la_relacion,mujeres de 15 años y más,Tlaxcala,2016,49.61,porcentaje,2016-01-01
data4.csv,ENDIREH_DANO_PAREJA,Proporción de mujeres de 15 años y más que declararon haber experimentado al menos un incidente de violencia por parte de su actual o última pareja a lo largo de la relación por tipo de daño ocasionado a consecuencia de la violencia sufrida,consecuencias,pareja,pareja_actual_o_ultima,a_lo_largo_de_la_relacion,mujeres de 15 años y más,Tlaxcala,2016,25.35,porcentaje,2016-01-01
data4.csv,ENDIREH_DANO_PAREJA,Proporción de mujeres de 15 años y más que declararon haber experimentado al menos un incidente de violencia por parte de su actual o última pareja a lo largo de la relación por tipo de daño ocasionado a consecuencia de la violencia sufrida,consecuencias,pareja,pareja_actual_o_ultima,a_lo_largo_de_la_relacion,mujeres de 15 años y más,Tlaxcala,2016,22.33,porcentaje,2016-01-01
data4.csv,ENDIREH_DANO_PAREJA,Proporción de mujeres de 15 años y más que declararon haber experimentado al menos un incidente de violencia por parte de su actual o última pareja a lo largo de la relación por tipo de daño ocasionado a consecuencia de la violencia sufrida,consecuencias,pareja,pareja_actual_o_ultima,a_lo_largo_de_la_relacion,mujeres de 15 años y más,Veracruz,2016,44.9,porcentaje,2016-01-01
data4.csv,ENDIREH_DANO_PAREJA,Proporción de mujeres de 15 años y más que declararon haber experimentado al menos un incidente de violencia por parte de su actual o última pareja a lo largo de la relación por tipo de daño ocasionado a consecuencia de la violencia sufrida,consecuencias,pareja,pareja_actual_o_ultima,a_lo_largo_de_la_relacion,mujeres de 15 años y más,Veracruz,2016,47.03,porcentaje,2016-01-01
data4.csv,ENDIREH_DANO_PAREJA,Proporción de mujeres de 15 años y más que declararon haber experimentado al menos un incidente de violencia por parte de su actual o última pareja a lo largo de la relación por tipo de daño ocasionado a consecuencia de la violencia sufrida,consecuencias,pareja,pareja_actual_o_ultima,a_lo_largo_de_la_relacion,mujeres de 15 años y más,Veracruz,2016,32.33,porcentaje,2016-01-01
data4.csv,ENDIREH_DANO_PAREJA,Proporción de mujeres de 15 años y más que declararon haber experimentado al menos un incidente de violencia por parte de su actual o última pareja a lo largo de la relación por tipo de daño ocasionado a consecuencia de la violencia sufrida,consecuencias,pareja,pareja_actual_o_ultima,a_lo_largo_de_la_relacion,mujeres de 15 años y más,Veracruz,2016,18.25,porcentaje,2016-01-01
data4.csv,ENDIREH_DANO_PAREJA,Proporción de mujeres de 15 años y más que declararon haber experimentado al menos un incidente de violencia por parte de su actual o última pareja a lo largo de la relación por tipo de daño ocasionado a consecuencia de la violencia sufrida,consecuencias,pareja,pareja_actual_o_ultima,a_lo_largo_de_la_relacion,mujeres de 15 años y más,Yucatán,2016,47.7,porcentaje,2016-01-01
data4.csv,ENDIREH_DANO_PAREJA,Proporción de mujeres de 15 años y más que declararon haber experimentado al menos un incidente de violencia por parte de su actual o última pareja a lo largo de la relación por tipo de daño ocasionado a consecuencia de la violencia sufrida,consecuencias,pareja,pareja_actual_o_ultima,a_lo_largo_de_la_relacion,mujeres de 15 años y más,Yucatán,2016,50.28,porcentaje,2016-01-01
data4.csv,ENDIREH_DANO_PAREJA,Proporción de mujeres de 15 años y más que declararon haber experimentado al menos un incidente de violencia por parte de su actual o última pareja a lo largo de la relación por tipo de daño ocasionado a consecuencia de la violencia sufrida,consecuencias,pareja,pareja_actual_o_ultima,a_lo_largo_de_la_relacion,mujeres de 15 años y más,Yucatán,2016,28.5,porcentaje,2016-01-01
data4.csv,ENDIREH_DANO_PAREJA,Proporción de mujeres de 15 años y más que declararon haber experimentado al menos un incidente de violencia por parte de su actual o última pareja a lo largo de la relación por tipo de daño ocasionado a consecuencia de la violencia sufrida,consecuencias,pareja,pareja_actual_o_ultima,a_lo_largo_de_la_relacion,mujeres de 15 años y más,Yucatán,2016,17.98,porcentaje,2016-01-01
data4.csv,ENDIREH_DANO_PAREJA,Proporción de mujeres de 15 años y más que declararon haber experimentado al menos un incidente de violencia por parte de su actual o última pareja a lo largo de la relación por tipo de daño ocasionado a consecuencia de la violencia sufrida,consecuencias,pareja,pareja_actual_o_ultima,a_lo_largo_de_la_relacion,mujeres de 15 años y más,Zacatecas,2016,43.7,porcentaje,2016-01-01
data4.csv,ENDIREH_DANO_PAREJA,Proporción de mujeres de 15 años y más que declararon haber experimentado al menos un incidente de violencia por parte de su actual o última pareja a lo largo de la relación por tipo de daño ocasionado a consecuencia de la violencia sufrida,consecuencias,pareja,pareja_actual_o_ultima,a_lo_largo_de_la_relacion,mujeres de 15 años y más,Zacatecas,2016,47.61,porcentaje,2016-01-01
data4.csv,ENDIREH_DANO_PAREJA,Proporción de mujeres de 15 años y más que declararon haber experimentado al menos un incidente de violencia por parte de su actual o última pareja a lo largo de la relación por tipo de daño ocasionado a consecuencia de la violencia sufrida,consecuencias,pareja,pareja_actual_o_ultima,a_lo_largo_de_la_relacion,mujeres de 15 años y más,Zacatecas,2016,28.16,porcentaje,2016-01-01
data4.csv,ENDIREH_DANO_PAREJA,Proporción de mujeres de 15 años y más que declararon haber experimentado al menos un incidente de violencia por parte de su actual o última pareja a lo largo de la relación por tipo de daño ocasionado a consecuencia de la violencia sufrida,consecuencias,pareja,pareja_actual_o_ultima,a_lo_largo_de_la_relacion,mujeres de 15 años y más,Zacatecas,2016,20.45,porcentaje,2016-01-01
data4.csv,ENDIREH_DANO_PAREJA,Proporción de mujeres de 15 años y más que declararon haber experimentado al menos un incidente de violencia por parte de su actual o última pareja a lo largo de la relación por tipo de daño ocasionado a consecuencia de la violencia sufrida,consecuencias,pareja,pareja_actual_o_ultima,a_lo_largo_de_la_relacion,mujeres de 15 años y más,Aguascalientes,2021,43.24,porcentaje,2021-01-01
data4.csv,ENDIREH_DANO_PAREJA,Proporción de mujeres de 15 años y más que declararon haber experimentado al menos un incidente de violencia por parte de su actual o última pareja a lo largo de la relación por tipo de daño ocasionado a consecuencia de la violencia sufrida,consecuencias,pareja,pareja_actual_o_ultima,a_lo_largo_de_la_relacion,mujeres de 15 años y más,Aguascalientes,2021,38.56,porcentaje,2021-01-01
data4.csv,ENDIREH_DANO_PAREJA,Proporción de mujeres de 15 años y más que declararon haber experimentado al menos un incidente de violencia por parte de su actual o última pareja a lo largo de la relación por tipo de daño ocasionado a consecuencia de la violencia sufrida,consecuencias,pareja,pareja_actual_o_ultima,a_lo_largo_de_la_relacion,mujeres de 15 años y más,Aguascalientes,2021,38.48,porcentaje,2021-01-01
data4.csv,ENDIREH_DANO_PAREJA,Proporción de mujeres de 15 años y más que declararon haber experimentado al menos un incidente de violencia por parte de su actual o última pareja a lo largo de la relación por tipo de daño ocasionado a consecuencia de la violencia sufrida,consecuencias,pareja,pareja_actual_o_ultima,a_lo_largo_de_la_relacion,mujeres de 15 años y más,Aguascalientes,2021,20.11,porcentaje,2021-01-01
data4.csv,ENDIREH_DANO_PAREJA,Proporción de mujeres de 15 años y más que declararon haber experimentado al menos un incidente de violencia por parte de su actual o última pareja a lo largo de la relación por tipo de daño ocasionado a consecuencia de la violencia sufrida,consecuencias,pareja,pareja_actual_o_ultima,a_lo_largo_de_la_relacion,mujeres de 15 años y más,Baja California,2021,28.78,porcentaje,2021-01-01
data4.csv,ENDIREH_DANO_PAREJA,Proporción de mujeres de 15 años y más que declararon haber experimentado al menos un incidente de violencia por parte de su actual o última pareja a lo largo de la relación por tipo de daño ocasionado a consecuencia de la violencia sufrida,consecuencias,pareja,pareja_actual_o_ultima,a_lo_largo_de_la_relacion,mujeres de 15 años y más,Baja California,2021,45.82,porcentaje,2021-01-01
data4.csv,ENDIREH_DANO_PAREJA,Proporción de mujeres de 15 años y más que declararon haber experimentado al menos un incidente de violencia por parte de su actual o última pareja a lo largo de la relación por tipo de daño ocasionado a consecuencia de la violencia sufrida,consecuencias,pareja,pareja_actual_o_ultima,a_lo_largo_de_la_relacion,mujeres de 15 años y más,Baja California,2021,33.94,porcentaje,2021-01-01
data4.csv,ENDIREH_DANO_PAREJA,Proporción de mujeres de 15 años y más que declararon haber experimentado al menos un incidente de violencia por parte de su actual o última pareja a lo largo de la relación por tipo de daño ocasionado a consecuencia de la violencia sufrida,consecuencias,pareja,pareja_actual_o_ultima,a_lo_largo_de_la_relacion,mujeres de 15 años y más,Baja California,2021,17.59,porcentaje,2021-01-01
data4.csv,ENDIREH_DANO_PAREJA,Proporción de mujeres de 15 años y más que declararon haber experimentado al menos un incidente de violencia por parte de su actual o última pareja a lo largo de la relación por tipo de daño ocasionado a consecuencia de la violencia sufrida,consecuencias,pareja,pareja_actual_o_ultima,a_lo_largo_de_la_relacion,mujeres de 15 años y más,Baja California Sur,2021,33.36,porcentaje,2021-01-01
data4.csv,ENDIREH_DANO_PAREJA,Proporción de mujeres de 15 años y más que declararon haber experimentado al menos un incidente de violencia por parte de su actual o última pareja a lo largo de la relación por tipo de daño ocasionado a consecuencia de la violencia sufrida,consecuencias,pareja,pareja_actual_o_ultima,a_lo_largo_de_la_relacion,mujeres de 15 años y más,Baja California Sur,2021,49.49,porcentaje,2021-01-01
data4.csv,ENDIREH_DANO_PAREJA,Proporción de mujeres de 15 años y más que declararon haber experimentado al menos un incidente de violencia por parte de su actual o última pareja a lo largo de la relación por tipo de daño ocasionado a consecuencia de la violencia sufrida,consecuencias,pareja,pareja_actual_o_ultima,a_lo_largo_de_la_relacion,mujeres de 15 años y más,Baja California Sur,2021,27.57,porcentaje,2021-01-01
data4.csv,ENDIREH_DANO_PAREJA,Proporción de mujeres de 15 años y más que declararon haber experimentado al menos un incidente de violencia por parte de su actual o última pareja a lo largo de la relación por tipo de daño ocasionado a consecuencia de la violencia sufrida,consecuencias,pareja,pareja_actual_o_ultima,a_lo_largo_de_la_relacion,mujeres de 15 años y más,Baja California Sur,2021,19.14,porcentaje,2021-01-01
data4.csv,ENDIREH_DANO_PAREJA,Proporción de mujeres de 15 años y más que declararon haber experimentado al menos un incidente de violencia por parte de su actual o última pareja a lo largo de la relación por tipo de daño ocasionado a consecuencia de la violencia sufrida,consecuencias,pareja,pareja_actual_o_ultima,a_lo_largo_de_la_relacion,mujeres de 15 años y más,Campeche,2021,40.81,porcentaje,2021-01-01
data4.csv,ENDIREH_DANO_PAREJA,Proporción de mujeres de 15 años y más que declararon haber experimentado al menos un incidente de violencia por parte de su actual o última pareja a lo largo de la relación por tipo de daño ocasionado a consecuencia de la violencia sufrida,consecuencias,pareja,pareja_actual_o_ultima,a_lo_largo_de_la_relacion,mujeres de 15 años y más,Campeche,2021,48.67,porcentaje,2021-01-01
data4.csv,ENDIREH_DANO_PAREJA,Proporción de mujeres de 15 años y más que declararon haber experimentado al menos un incidente de violencia por parte de su actual o última pareja a lo largo de la relación por tipo de daño ocasionado a consecuencia de la violencia sufrida,consecuencias,pareja,pareja_actual_o_ultima,a_lo_largo_de_la_relacion,mujeres de 15 años y más,Campeche,2021,26.89,porcentaje,2021-01-01
data4.csv,ENDIREH_DANO_PAREJA,Proporción de mujeres de 15 años y más que declararon haber experimentado al menos un incidente de violencia por parte de su actual o última pareja a lo largo de la relación por tipo de daño ocasionado a consecuencia de la violencia sufrida,consecuencias,pareja,pareja_actual_o_ultima,a_lo_largo_de_la_relacion,mujeres de 15 años y más,Campeche,2021,20.46,porcentaje,2021-01-01
data4.csv,ENDIREH_DANO_PAREJA,Proporción de mujeres de 15 años y más que declararon haber experimentado al menos un incidente de violencia por parte de su actual o última pareja a lo largo de la relación por tipo de daño ocasionado a consecuencia de la violencia sufrida,consecuencias,pareja,pareja_actual_o_ultima,a_lo_largo_de_la_relacion,mujeres de 15 años y más,Coahuila,2021,42.5,porcentaje,2021-01-01
data4.csv,ENDIREH_DANO_PAREJA,Proporción de mujeres de 15 años y más que declararon haber experimentado al menos un incidente de violencia por parte de su actual o última pareja a lo largo de la relación por tipo de daño ocasionado a consecuencia de la violencia sufrida,consecuencias,pareja,pareja_actual_o_ultima,a_lo_largo_de_la_relacion,mujeres de 15 años y más,Coahuila,2021,47.42,porcentaje,2021-01-01
data4.csv,ENDIREH_DANO_PAREJA,Proporción de mujeres de 15 años y más que declararon haber experimentado al menos un incidente de violencia por parte de su actual o última pareja a lo largo de la relación por tipo de daño ocasionado a consecuencia de la violencia sufrida,consecuencias,pareja,pareja_actual_o_ultima,a_lo_largo_de_la_relacion,mujeres de 15 años y más,Coahuila,2021,29.24,porcentaje,2021-01-01
data4.csv,ENDIREH_DANO_PAREJA,Proporción de mujeres de 15 años y más que declararon haber experimentado al menos un incidente de violencia por parte de su actual o última pareja a lo largo de la relación por tipo de daño ocasionado a consecuencia de la violencia sufrida,consecuencias,pareja,pareja_actual_o_ultima,a_lo_largo_de_la_relacion,mujeres de 15 años y más,Coahuila,2021,21.18,porcentaje,2021-01-01
data4.csv,ENDIREH_DANO_PAREJA,Proporción de mujeres de 15 años y más que declararon haber experimentado al menos un incidente de violencia por parte de su actual o última pareja a lo largo de la relación por tipo de daño ocasionado a consecuencia de la violencia sufrida,consecuencias,pareja,pareja_actual_o_ultima,a_lo_largo_de_la_relacion,mujeres de 15 años y más,Colima,2021,44.51,porcentaje,2021-01-01
data4.csv,ENDIREH_DANO_PAREJA,Proporción de mujeres de 15 años y más que declararon haber experimentado al menos un incidente de violencia por parte de su actual o última pareja a lo largo de la relación por tipo de daño ocasionado a consecuencia de la violencia sufrida,consecuencias,pareja,pareja_actual_o_ultima,a_lo_largo_de_la_relacion,mujeres de 15 años y más,Colima,2021,44.07,porcentaje,2021-01-01
data4.csv,ENDIREH_DANO_PAREJA,Proporción de mujeres de 15 años y más que declararon haber experimentado al menos un incidente de violencia por parte de su actual o última pareja a lo largo de la relación por tipo de daño ocasionado a consecuencia de la violencia sufrida,consecuencias,pareja,pareja_actual_o_ultima,a_lo_largo_de_la_relacion,mujeres de 15 años y más,Colima,2021,33.02,porcentaje,2021-01-01
data4.csv,ENDIREH_DANO_PAREJA,Proporción de mujeres de 15 años y más que declararon haber experimentado al menos un incidente de violencia por parte de su actual o última pareja a lo largo de la relación por tipo de daño ocasionado a consecuencia de la violencia sufrida,consecuencias,pareja,pareja_actual_o_ultima,a_lo_largo_de_la_relacion,mujeres de 15 años y más,Colima,2021,20.36,porcentaje,2021-01-01
data4.csv,ENDIREH_DANO_PAREJA,Proporción de mujeres de 15 años y más que declararon haber experimentado al menos un incidente de violencia por parte de su actual o última pareja a lo largo de la relación por tipo de daño ocasionado a consecuencia de la violencia sufrida,consecuencias,pareja,pareja_actual_o_ultima,a_lo_largo_de_la_relacion,mujeres de 15 años y más,Chiapas,2021,29.32,porcentaje,2021-01-01
data4.csv,ENDIREH_DANO_PAREJA,Proporción de mujeres de 15 años y más que declararon haber experimentado al menos un incidente de violencia por parte de su actual o última pareja a lo largo de la relación por tipo de daño ocasionado a consecuencia de la violencia sufrida,consecuencias,pareja,pareja_actual_o_ultima,a_lo_largo_de_la_relacion,mujeres de 15 años y más,Chiapas,2021,49.42,porcentaje,2021-01-01
data4.csv,ENDIREH_DANO_PAREJA,Proporción de mujeres de 15 años y más que declararon haber experimentado al menos un incidente de violencia por parte de su actual o última pareja a lo largo de la relación por tipo de daño ocasionado a consecuencia de la violencia sufrida,consecuencias,pareja,pareja_actual_o_ultima,a_lo_largo_de_la_relacion,mujeres de 15 años y más,Chiapas,2021,26.86,porcentaje,2021-01-01
data4.csv,ENDIREH_DANO_PAREJA,Proporción de mujeres de 15 años y más que declararon haber experimentado al menos un incidente de violencia por parte de su actual o última pareja a lo largo de la relación por tipo de daño ocasionado a consecuencia de la violencia sufrida,consecuencias,pareja,pareja_actual_o_ultima,a_lo_largo_de_la_relacion,mujeres de 15 años y más,Chiapas,2021,19.18,porcentaje,2021-01-01
data4.csv,ENDIREH_DANO_PAREJA,Proporción de mujeres de 15 años y más que declararon haber experimentado al menos un incidente de violencia por parte de su actual o última pareja a lo largo de la relación por tipo de daño ocasionado a consecuencia de la violencia sufrida,consecuencias,pareja,pareja_actual_o_ultima,a_lo_largo_de_la_relacion,mujeres de 15 años y más,Chihuahua,2021,38.28,porcentaje,2021-01-01
data4.csv,ENDIREH_DANO_PAREJA,Proporción de mujeres de 15 años y más que declararon haber experimentado al menos un incidente de violencia por parte de su actual o última pareja a lo largo de la relación por tipo de daño ocasionado a consecuencia de la violencia sufrida,consecuencias,pareja,pareja_actual_o_ultima,a_lo_largo_de_la_relacion,mujeres de 15 años y más,Chihuahua,2021,43.3,porcentaje,2021-01-01
data4.csv,ENDIREH_DANO_PAREJA,Proporción de mujeres de 15 años y más que declararon haber experimentado al menos un incidente de violencia por parte de su actual o última pareja a lo largo de la relación por tipo de daño ocasionado a consecuencia de la violencia sufrida,consecuencias,pareja,pareja_actual_o_ultima,a_lo_largo_de_la_relacion,mujeres de 15 años y más,Chihuahua,2021,34.21,porcentaje,2021-01-01
data4.csv,ENDIREH_DANO_PAREJA,Proporción de mujeres de 15 años y más que declararon haber experimentado al menos un incidente de violencia por parte de su actual o última pareja a lo largo de la relación por tipo de daño ocasionado a consecuencia de la violencia sufrida,consecuencias,pareja,pareja_actual_o_ultima,a_lo_largo_de_la_relacion,mujeres de 15 años y más,Chihuahua,2021,18.96,porcentaje,2021-01-01
data4.csv,ENDIREH_DANO_PAREJA,Proporción de mujeres de 15 años y más que declararon haber experimentado al menos un incidente de violencia por parte de su actual o última pareja a lo largo de la relación por tipo de daño ocasionado a consecuencia de la violencia sufrida,consecuencias,pareja,pareja_actual_o_ultima,a_lo_largo_de_la_relacion,mujeres de 15 años y más,Ciudad de México,2021,45.05,porcentaje,2021-01-01
data4.csv,ENDIREH_DANO_PAREJA,Proporción de mujeres de 15 años y más que declararon haber experimentado al menos un incidente de violencia por parte de su actual o última pareja a lo largo de la relación por tipo de daño ocasionado a consecuencia de la violencia sufrida,consecuencias,pareja,pareja_actual_o_ultima,a_lo_largo_de_la_relacion,mujeres de 15 años y más,Ciudad de México,2021,42.95,porcentaje,2021-01-01
data4.csv,ENDIREH_DANO_PAREJA,Proporción de mujeres de 15 años y más que declararon haber experimentado al menos un incidente de violencia por parte de su actual o última pareja a lo largo de la relación por tipo de daño ocasionado a consecuencia de la violencia sufrida,consecuencias,pareja,pareja_actual_o_ultima,a_lo_largo_de_la_relacion,mujeres de 15 años y más,Ciudad de México,2021,36.63,porcentaje,2021-01-01
data4.csv,ENDIREH_DANO_PAREJA,Proporción de mujeres de 15 años y más que declararon haber experimentado al menos un incidente de violencia por parte de su actual o última pareja a lo largo de la relación por tipo de daño ocasionado a consecuencia de la violencia sufrida,consecuencias,pareja,pareja_actual_o_ultima,a_lo_largo_de_la_relacion,mujeres de 15 años y más,Ciudad de México,2021,18.76,porcentaje,2021-01-01
data4.csv,ENDIREH_DANO_PAREJA,Proporción de mujeres de 15 años y más que declararon haber experimentado al menos un incidente de violencia por parte de su actual o última pareja a lo largo de la relación por tipo de daño ocasionado a consecuencia de la violencia sufrida,consecuencias,pareja,pareja_actual_o_ultima,a_lo_largo_de_la_relacion,mujeres de 15 años y más,Durango,2021,43.63,porcentaje,2021-01-01
data4.csv,ENDIREH_DANO_PAREJA,Proporción de mujeres de 15 años y más que declararon haber experimentado al menos un incidente de violencia por parte de su actual o última pareja a lo largo de la relación por tipo de daño ocasionado a consecuencia de la violencia sufrida,consecuencias,pareja,pareja_actual_o_ultima,a_lo_largo_de_la_relacion,mujeres de 15 años y más,Durango,2021,49.78,porcentaje,2021-01-01
data4.csv,ENDIREH_DANO_PAREJA,Proporción de mujeres de 15 años y más que declararon haber experimentado al menos un incidente de violencia por parte de su actual o última pareja a lo largo de la relación por tipo de daño ocasionado a consecuencia de la violencia sufrida,consecuencias,pareja,pareja_actual_o_ultima,a_lo_largo_de_la_relacion,mujeres de 15 años y más,Durango,2021,30.17,porcentaje,2021-01-01
data4.csv,ENDIREH_DANO_PAREJA,Proporción de mujeres de 15 años y más que declararon haber experimentado al menos un incidente de violencia por parte de su actual o última pareja a lo largo de la relación por tipo de daño ocasionado a consecuencia de la violencia sufrida,consecuencias,pareja,pareja_actual_o_ultima,a_lo_largo_de_la_relacion,mujeres de 15 años y más,Durango,2021,17.88,porcentaje,2021-01-01
data4.csv,ENDIREH_DANO_PAREJA,Proporción de mujeres de 15 años y más que declararon haber experimentado al menos un incidente de violencia por parte de su actual o última pareja a lo largo de la relación por tipo de daño ocasionado a consecuencia de la violencia sufrida,consecuencias,pareja,pareja_actual_o_ultima,a_lo_largo_de_la_relacion,mujeres de 15 años y más,Guanajuato,2021,42.37,porcentaje,2021-01-01
data4.csv,ENDIREH_DANO_PAREJA,Proporción de mujeres de 15 años y más que declararon haber experimentado al menos un incidente de violencia por parte de su actual o última pareja a lo largo de la relación por tipo de daño ocasionado a consecuencia de la violencia sufrida,consecuencias,pareja,pareja_actual_o_ultima,a_lo_largo_de_la_relacion,mujeres de 15 años y más,Guanajuato,2021,39.99,porcentaje,2021-01-01
data4.csv,ENDIREH_DANO_PAREJA,Proporción de mujeres de 15 años y más que declararon haber experimentado al menos un incidente de violencia por parte de su actual o última pareja a lo largo de la relación por tipo de daño ocasionado a consecuencia de la violencia sufrida,consecuencias,pareja,pareja_actual_o_ultima,a_lo_largo_de_la_relacion,mujeres de 15 años y más,Guanajuato,2021,33.03,porcentaje,2021-01-01
data4.csv,ENDIREH_DANO_PAREJA,Proporción de mujeres de 15 años y más que declararon haber experimentado al menos un incidente de violencia por parte de su actual o última pareja a lo largo de la relación por tipo de daño ocasionado a consecuencia de la violencia sufrida,consecuencias,pareja,pareja_actual_o_ultima,a_lo_largo_de_la_relacion,mujeres de 15 años y más,Guanajuato,2021,24.06,porcentaje,2021-01-01
data4.csv,ENDIREH_DANO_PAREJA,Proporción de mujeres de 15 años y más que declararon haber experimentado al menos un incidente de violencia por parte de su actual o última pareja a lo largo de la relación por tipo de daño ocasionado a consecuencia de la violencia sufrida,consecuencias,pareja,pareja_actual_o_ultima,a_lo_largo_de_la_relacion,mujeres de 15 años y más,Guerrero,2021,49.69,porcentaje,2021-01-01
data4.csv,ENDIREH_DANO_PAREJA,Proporción de mujeres de 15 años y más que declararon haber experimentado al menos un incidente de violencia por parte de su actual o última pareja a lo largo de la relación por tipo de daño ocasionado a consecuencia de la violencia sufrida,consecuencias,pareja,pareja_actual_o_ultima,a_lo_largo_de_la_relacion,mujeres de 15 años y más,Guerrero,2021,45.95,porcentaje,2021-01-01
data4.csv,ENDIREH_DANO_PAREJA,Proporción de mujeres de 15 años y más que declararon haber experimentado al menos un incidente de violencia por parte de su actual o última pareja a lo largo de la relación por tipo de daño ocasionado a consecuencia de la violencia sufrida,consecuencias,pareja,pareja_actual_o_ultima,a_lo_largo_de_la_relacion,mujeres de 15 años y más,Guerrero,2021,32.22,porcentaje,2021-01-01
data4.csv,ENDIREH_DANO_PAREJA,Proporción de mujeres de 15 años y más que declararon haber experimentado al menos un incidente de violencia por parte de su actual o última pareja a lo largo de la relación por tipo de daño ocasionado a consecuencia de la violencia sufrida,consecuencias,pareja,pareja_actual_o_ultima,a_lo_largo_de_la_relacion,mujeres de 15 años y más,Guerrero,2021,18.7,porcentaje,2021-01-01
data4.csv,ENDIREH_DANO_PAREJA,Proporción de mujeres de 15 años y más que declararon haber experimentado al menos un incidente de violencia por parte de su actual o última pareja a lo largo de la relación por tipo de daño ocasionado a consecuencia de la violencia sufrida,consecuencias,pareja,pareja_actual_o_ultima,a_lo_largo_de_la_relacion,mujeres de 15 años y más,Hidalgo,2021,48.68,porcentaje,2021-01-01
data4.csv,ENDIREH_DANO_PAREJA,Proporción de mujeres de 15 años y más que declararon haber experimentado al menos un incidente de violencia por parte de su actual o última pareja a lo largo de la relación por tipo de daño ocasionado a consecuencia de la violencia sufrida,consecuencias,pareja,pareja_actual_o_ultima,a_lo_largo_de_la_relacion,mujeres de 15 años y más,Hidalgo,2021,41.01,porcentaje,2021-01-01
data4.csv,ENDIREH_DANO_PAREJA,Proporción de mujeres de 15 años y más que declararon haber experimentado al menos un incidente de violencia por parte de su actual o última pareja a lo largo de la relación por tipo de daño ocasionado a consecuencia de la violencia sufrida,consecuencias,pareja,pareja_actual_o_ultima,a_lo_largo_de_la_relacion,mujeres de 15 años y más,Hidalgo,2021,32.78,porcentaje,2021-01-01
data4.csv,ENDIREH_DANO_PAREJA,Proporción de mujeres de 15 años y más que declararon haber experimentado al menos un incidente de violencia por parte de su actual o última pareja a lo largo de la relación por tipo de daño ocasionado a consecuencia de la violencia sufrida,consecuencias,pareja,pareja_actual_o_ultima,a_lo_largo_de_la_relacion,mujeres de 15 años y más,Hidalgo,2021,24.12,porcentaje,2021-01-01
data4.csv,ENDIREH_DANO_PAREJA,Proporción de mujeres de 15 años y más que declararon haber experimentado al menos un incidente de violencia por parte de su actual o última pareja a lo largo de la relación por tipo de daño ocasionado a consecuencia de la violencia sufrida,consecuencias,pareja,pareja_actual_o_ultima,a_lo_largo_de_la_relacion,mujeres de 15 años y más,Jalisco,2021,43.12,porcentaje,2021-01-01
data4.csv,ENDIREH_DANO_PAREJA,Proporción de mujeres de 15 años y más que declararon haber experimentado al menos un incidente de violencia por parte de su actual o última pareja a lo largo de la relación por tipo de daño ocasionado a consecuencia de la violencia sufrida,consecuencias,pareja,pareja_actual_o_ultima,a_lo_largo_de_la_relacion,mujeres de 15 años y más,Jalisco,2021,41.17,porcentaje,2021-01-01
data4.csv,ENDIREH_DANO_PAREJA,Proporción de mujeres de 15 años y más que declararon haber experimentado al menos un incidente de violencia por parte de su actual o última pareja a lo largo de la relación por tipo de daño ocasionado a consecuencia de la violencia sufrida,consecuencias,pareja,pareja_actual_o_ultima,a_lo_largo_de_la_relacion,mujeres de 15 años y más,Jalisco,2021,38.62,porcentaje,2021-01-01
data4.csv,ENDIREH_DANO_PAREJA,Proporción de mujeres de 15 años y más que declararon haber experimentado al menos un incidente de violencia por parte de su actual o última pareja a lo largo de la relación por tipo de daño ocasionado a consecuencia de la violencia sufrida,consecuencias,pareja,pareja_actual_o_ultima,a_lo_largo_de_la_relacion,mujeres de 15 años y más,Jalisco,2021,18.36,porcentaje,2021-01-01
data4.csv,ENDIREH_DANO_PAREJA,Proporción de mujeres de 15 años y más que declararon haber experimentado al menos un incidente de violencia por parte de su actual o última pareja a lo largo de la relación por tipo de daño ocasionado a consecuencia de la violencia sufrida,consecuencias,pareja,pareja_actual_o_ultima,a_lo_largo_de_la_relacion,mujeres de 15 años y más,Estado de México,2021,44.56,porcentaje,2021-01-01
data4.csv,ENDIREH_DANO_PAREJA,Proporción de mujeres de 15 años y más que declararon haber experimentado al menos un incidente de violencia por parte de su actual o última pareja a lo largo de la relación por tipo de daño ocasionado a consecuencia de la violencia sufrida,consecuencias,pareja,pareja_actual_o_ultima,a_lo_largo_de_la_relacion,mujeres de 15 años y más,Estado de México,2021,45.52,porcentaje,2021-01-01
data4.csv,ENDIREH_DANO_PAREJA,Proporción de mujeres de 15 años y más que declararon haber experimentado al menos un incidente de violencia por parte de su actual o última pareja a lo largo de la relación por tipo de daño ocasionado a consecuencia de la violencia sufrida,consecuencias,pareja,pareja_actual_o_ultima,a_lo_largo_de_la_relacion,mujeres de 15 años y más,Estado de México,2021,30.47,porcentaje,2021-01-01
data4.csv,ENDIREH_DANO_PAREJA,Proporción de mujeres de 15 años y más que declararon haber experimentado al menos un incidente de violencia por parte de su actual o última pareja a lo largo de la relación por tipo de daño ocasionado a consecuencia de la violencia sufrida,consecuencias,pareja,pareja_actual_o_ultima,a_lo_largo_de_la_relacion,mujeres de 15 años y más,Estado de México,2021,21.35,porcentaje,2021-01-01
data4.csv,ENDIREH_DANO_PAREJA,Proporción de mujeres de 15 años y más que declararon haber experimentado al menos un incidente de violencia por parte de su actual o última pareja a lo largo de la relación por tipo de daño ocasionado a consecuencia de la violencia sufrida,consecuencias,pareja,pareja_actual_o_ultima,a_lo_largo_de_la_relacion,mujeres de 15 años y más,Michoacán de Ocampo,2021,45.15,porcentaje,2021-01-01
data4.csv,ENDIREH_DANO_PAREJA,Proporción de mujeres de 15 años y más que declararon haber experimentado al menos un incidente de violencia por parte de su actual o última pareja a lo largo de la relación por tipo de daño ocasionado a consecuencia de la violencia sufrida,consecuencias,pareja,pareja_actual_o_ultima,a_lo_largo_de_la_relacion,mujeres de 15 años y más,Michoacán de Ocampo,2021,44.48,porcentaje,2021-01-01
data4.csv,ENDIREH_DANO_PAREJA,Proporción de mujeres de 15 años y más que declararon haber experimentado al menos un incidente de violencia por parte de su actual o última pareja a lo largo de la relación por tipo de daño ocasionado a consecuencia de la violencia sufrida,consecuencias,pareja,pareja_actual_o_ultima,a_lo_largo_de_la_relacion,mujeres de 15 años y más,Michoacán de Ocampo,2021,32.32,porcentaje,2021-01-01
data4.csv,ENDIREH_DANO_PAREJA,Proporción de mujeres de 15 años y más que declararon haber experimentado al menos un incidente de violencia por parte de su actual o última pareja a lo largo de la relación por tipo de daño ocasionado a consecuencia de la violencia sufrida,consecuencias,pareja,pareja_actual_o_ultima,a_lo_largo_de_la_relacion,mujeres de 15 años y más,Michoacán de Ocampo,2021,20.71,porcentaje,2021-01-01
data4.csv,ENDIREH_DANO_PAREJA,Proporción de mujeres de 15 años y más que declararon haber experimentado al menos un incidente de violencia por parte de su actual o última pareja a lo largo de la relación por tipo de daño ocasionado a consecuencia de la violencia sufrida,consecuencias,pareja,pareja_actual_o_ultima,a_lo_largo_de_la_relacion,mujeres de 15 años y más,Morelos,2021,44.69,porcentaje,2021-01-01
data4.csv,ENDIREH_DANO_PAREJA,Proporción de mujeres de 15 años y más que declararon haber experimentado al menos un incidente de violencia por parte de su actual o última pareja a lo largo de la relación por tipo de daño ocasionado a consecuencia de la violencia sufrida,consecuencias,pareja,pareja_actual_o_ultima,a_lo_largo_de_la_relacion,mujeres de 15 años y más,Morelos,2021,42.52,porcentaje,2021-01-01
data4.csv,ENDIREH_DANO_PAREJA,Proporción de mujeres de 15 años y más que declararon haber experimentado al menos un incidente de violencia por parte de su actual o última pareja a lo largo de la relación por tipo de daño ocasionado a consecuencia de la violencia sufrida,consecuencias,pareja,pareja_actual_o_ultima,a_lo_largo_de_la_relacion,mujeres de 15 años y más,Morelos,2021,32.42,porcentaje,2021-01-01
data4.csv,ENDIREH_DANO_PAREJA,Proporción de mujeres de 15 años y más que declararon haber experimentado al menos un incidente de violencia por parte de su actual o última pareja a lo largo de la relación por tipo de daño ocasionado a consecuencia de la violencia sufrida,consecuencias,pareja,pareja_actual_o_ultima,a_lo_largo_de_la_relacion,mujeres de 15 años y más,Morelos,2021,21.75,porcentaje,2021-01-01
data4.csv,ENDIREH_DANO_PAREJA,Proporción de mujeres de 15 años y más que declararon haber experimentado al menos un incidente de violencia por parte de su actual o última pareja a lo largo de la relación por tipo de daño ocasionado a consecuencia de la violencia sufrida,consecuencias,pareja,pareja_actual_o_ultima,a_lo_largo_de_la_relacion,mujeres de 15 años y más,Nayarit,2021,42.33,porcentaje,2021-01-01
data4.csv,ENDIREH_DANO_PAREJA,Proporción de mujeres de 15 años y más que declararon haber experimentado al menos un incidente de violencia por parte de su actual o última pareja a lo largo de la relación por tipo de daño ocasionado a consecuencia de la violencia sufrida,consecuencias,pareja,pareja_actual_o_ultima,a_lo_largo_de_la_relacion,mujeres de 15 años y más,Nayarit,2021,47.68,porcentaje,2021-01-01
data4.csv,ENDIREH_DANO_PAREJA,Proporción de mujeres de 15 años y más que declararon haber experimentado al menos un incidente de violencia por parte de su actual o última pareja a lo largo de la relación por tipo de daño ocasionado a consecuencia de la violencia sufrida,consecuencias,pareja,pareja_actual_o_ultima,a_lo_largo_de_la_relacion,mujeres de 15 años y más,Nayarit,2021,30.89,porcentaje,2021-01-01
data4.csv,ENDIREH_DANO_PAREJA,Proporción de mujeres de 15 años y más que declararon haber experimentado al menos un incidente de violencia por parte de su actual o última pareja a lo largo de la relación por tipo de daño ocasionado a consecuencia de la violencia sufrida,consecuencias,pareja,pareja_actual_o_ultima,a_lo_largo_de_la_relacion,mujeres de 15 años y más,Nayarit,2021,15.89,porcentaje,2021-01-01
data4.csv,ENDIREH_DANO_PAREJA,Proporción de mujeres de 15 años y más que declararon haber experimentado al menos un incidente de violencia por parte de su actual o última pareja a lo largo de la relación por tipo de daño ocasionado a consecuencia de la violencia sufrida,consecuencias,pareja,pareja_actual_o_ultima,a_lo_largo_de_la_relacion,mujeres de 15 años y más,Nuevo León,2021,35.05,porcentaje,2021-01-01
data4.csv,ENDIREH_DANO_PAREJA,Proporción de mujeres de 15 años y más que declararon haber experimentado al menos un incidente de violencia por parte de su actual o última pareja a lo largo de la relación por tipo de daño ocasionado a consecuencia de la violencia sufrida,consecuencias,pareja,pareja_actual_o_ultima,a_lo_largo_de_la_relacion,mujeres de 15 años y más,Nuevo León,2021,54.88,porcentaje,2021-01-01
data4.csv,ENDIREH_DANO_PAREJA,Proporción de mujeres de 15 años y más que declararon haber experimentado al menos un incidente de violencia por parte de su actual o última pareja a lo largo de la relación por tipo de daño ocasionado a consecuencia de la violencia sufrida,consecuencias,pareja,pareja_actual_o_ultima,a_lo_largo_de_la_relacion,mujeres de 15 años y más,Nuevo León,2021,26.33,porcentaje,2021-01-01
data4.csv,ENDIREH_DANO_PAREJA,Proporción de mujeres de 15 años y más que declararon haber experimentado al menos un incidente de violencia por parte de su actual o última pareja a lo largo de la relación por tipo de daño ocasionado a consecuencia de la violencia sufrida,consecuencias,pareja,pareja_actual_o_ultima,a_lo_largo_de_la_relacion,mujeres de 15 años y más,Nuevo León,2021,15.34,porcentaje,2021-01-01
data4.csv,ENDIREH_DANO_PAREJA,Proporción de mujeres de 15 años y más que declararon haber experimentado al menos un incidente de violencia por parte de su actual o última pareja a lo largo de la relación por tipo de daño ocasionado a consecuencia de la violencia sufrida,consecuencias,pareja,pareja_actual_o_ultima,a_lo_largo_de_la_relacion,mujeres de 15 años y más,Oaxaca,2021,45.5,porcentaje,2021-01-01
data4.csv,ENDIREH_DANO_PAREJA,Proporción de mujeres de 15 años y más que declararon haber experimentado al menos un incidente de violencia por parte de su actual o última pareja a lo largo de la relación por tipo de daño ocasionado a consecuencia de la violencia sufrida,consecuencias,pareja,pareja_actual_o_ultima,a_lo_largo_de_la_relacion,mujeres de 15 años y más,Oaxaca,2021,44.63,porcentaje,2021-01-01
data4.csv,ENDIREH_DANO_PAREJA,Proporción de mujeres de 15 años y más que declararon haber experimentado al menos un incidente de violencia por parte de su actual o última pareja a lo largo de la relación por tipo de daño ocasionado a consecuencia de la violencia sufrida,consecuencias,pareja,pareja_actual_o_ultima,a_lo_largo_de_la_relacion,mujeres de 15 años y más,Oaxaca,2021,29.51,porcentaje,2021-01-01
data4.csv,ENDIREH_DANO_PAREJA,Proporción de mujeres de 15 años y más que declararon haber experimentado al menos un incidente de violencia por parte de su actual o última pareja a lo largo de la relación por tipo de daño ocasionado a consecuencia de la violencia sufrida,consecuencias,pareja,pareja_actual_o_ultima,a_lo_largo_de_la_relacion,mujeres de 15 años y más,Oaxaca,2021,22.79,porcentaje,2021-01-01
data4.csv,ENDIREH_DANO_PAREJA,Proporción de mujeres de 15 años y más que declararon haber experimentado al menos un incidente de violencia por parte de su actual o última pareja a lo largo de la relación por tipo de daño ocasionado a consecuencia de la violencia sufrida,consecuencias,pareja,pareja_actual_o_ultima,a_lo_largo_de_la_relacion,mujeres de 15 años y más,Puebla,2021,47.33,porcentaje,2021-01-01
data4.csv,ENDIREH_DANO_PAREJA,Proporción de mujeres de 15 años y más que declararon haber experimentado al menos un incidente de violencia por parte de su actual o última pareja a lo largo de la relación por tipo de daño ocasionado a consecuencia de la violencia sufrida,consecuencias,pareja,pareja_actual_o_ultima,a_lo_largo_de_la_relacion,mujeres de 15 años y más,Puebla,2021,43.29,porcentaje,2021-01-01
data4.csv,ENDIREH_DANO_PAREJA,Proporción de mujeres de 15 años y más que declararon haber experimentado al menos un incidente de violencia por parte de su actual o última pareja a lo largo de la relación por tipo de daño ocasionado a consecuencia de la violencia sufrida,consecuencias,pareja,pareja_actual_o_ultima,a_lo_largo_de_la_relacion,mujeres de 15 años y más,Puebla,2021,35.61,porcentaje,2021-01-01
data4.csv,ENDIREH_DANO_PAREJA,Proporción de mujeres de 15 años y más que declararon haber experimentado al menos un incidente de violencia por parte de su actual o última pareja a lo largo de la relación por tipo de daño ocasionado a consecuencia de la violencia sufrida,consecuencias,pareja,pareja_actual_o_ultima,a_lo_largo_de_la_relacion,mujeres de 15 años y más,Puebla,2021,19.35,porcentaje,2021-01-01
data4.csv,ENDIREH_DANO_PAREJA,Proporción de mujeres de 15 años y más que declararon haber experimentado al menos un incidente de violencia por parte de su actual o última pareja a lo largo de la relación por tipo de daño ocasionado a consecuencia de la violencia sufrida,consecuencias,pareja,pareja_actual_o_ultima,a_lo_largo_de_la_relacion,mujeres de 15 años y más,Querétaro,2021,46.22,porcentaje,2021-01-01
data4.csv,ENDIREH_DANO_PAREJA,Proporción de mujeres de 15 años y más que declararon haber experimentado al menos un incidente de violencia por parte de su actual o última pareja a lo largo de la relación por tipo de daño ocasionado a consecuencia de la violencia sufrida,consecuencias,pareja,pareja_actual_o_ultima,a_lo_largo_de_la_relacion,mujeres de 15 años y más,Querétaro,2021,39.78,porcentaje,2021-01-01
data4.csv,ENDIREH_DANO_PAREJA,Proporción de mujeres de 15 años y más que declararon haber experimentado al menos un incidente de violencia por parte de su actual o última pareja a lo largo de la relación por tipo de daño ocasionado a consecuencia de la violencia sufrida,consecuencias,pareja,pareja_actual_o_ultima,a_lo_largo_de_la_relacion,mujeres de 15 años y más,Querétaro,2021,34.97,porcentaje,2021-01-01
data4.csv,ENDIREH_DANO_PAREJA,Proporción de mujeres de 15 años y más que declararon haber experimentado al menos un incidente de violencia por parte de su actual o última pareja a lo largo de la relación por tipo de daño ocasionado a consecuencia de la violencia sufrida,consecuencias,pareja,pareja_actual_o_ultima,a_lo_largo_de_la_relacion,mujeres de 15 años y más,Querétaro,2021,22.48,porcentaje,2021-01-01
data4.csv,ENDIREH_DANO_PAREJA,Proporción de mujeres de 15 años y más que declararon haber experimentado al menos un incidente de violencia por parte de su actual o última pareja a lo largo de la relación por tipo de daño ocasionado a consecuencia de la violencia sufrida,consecuencias,pareja,pareja_actual_o_ultima,a_lo_largo_de_la_relacion,mujeres de 15 años y más,Quintana Roo,2021,39.49,porcentaje,2021-01-01
data4.csv,ENDIREH_DANO_PAREJA,Proporción de mujeres de 15 años y más que declararon haber experimentado al menos un incidente de violencia por parte de su actual o última pareja a lo largo de la relación por tipo de daño ocasionado a consecuencia de la violencia sufrida,consecuencias,pareja,pareja_actual_o_ultima,a_lo_largo_de_la_relacion,mujeres de 15 años y más,Quintana Roo,2021,48.73,porcentaje,2021-01-01
data4.csv,ENDIREH_DANO_PAREJA,Proporción de mujeres de 15 años y más que declararon haber experimentado al menos un incidente de violencia por parte de su actual o última pareja a lo largo de la relación por tipo de daño ocasionado a consecuencia de la violencia sufrida,consecuencias,pareja,pareja_actual_o_ultima,a_lo_largo_de_la_relacion,mujeres de 15 años y más,Quintana Roo,2021,28.43,porcentaje,2021-01-01
data4.csv,ENDIREH_DANO_PAREJA,Proporción de mujeres de 15 años y más que declararon haber experimentado al menos un incidente de violencia por parte de su actual o última pareja a lo largo de la relación por tipo de daño ocasionado a consecuencia de la violencia sufrida,consecuencias,pareja,pareja_actual_o_ultima,a_lo_largo_de_la_relacion,mujeres de 15 años y más,Quintana Roo,2021,20.45,porcentaje,2021-01-01
data4.csv,ENDIREH_DANO_PAREJA,Proporción de mujeres de 15 años y más que declararon haber experimentado al menos un incidente de violencia por parte de su actual o última pareja a lo largo de la relación por tipo de daño ocasionado a consecuencia de la violencia sufrida,consecuencias,pareja,pareja_actual_o_ultima,a_lo_largo_de_la_relacion,mujeres de 15 años y más,San Luis Potosí,2021,44.52,porcentaje,2021-01-01
data4.csv,ENDIREH_DANO_PAREJA,Proporción de mujeres de 15 años y más que declararon haber experimentado al menos un incidente de violencia por parte de su actual o última pareja a lo largo de la relación por tipo de daño ocasionado a consecuencia de la violencia sufrida,consecuencias,pareja,pareja_actual_o_ultima,a_lo_largo_de_la_relacion,mujeres de 15 años y más,San Luis Potosí,2021,43.27,porcentaje,2021-01-01
data4.csv,ENDIREH_DANO_PAREJA,Proporción de mujeres de 15 años y más que declararon haber experimentado al menos un incidente de violencia por parte de su actual o última pareja a lo largo de la relación por tipo de daño ocasionado a consecuencia de la violencia sufrida,consecuencias,pareja,pareja_actual_o_ultima,a_lo_largo_de_la_relacion,mujeres de 15 años y más,San Luis Potosí,2021,32.56,porcentaje,2021-01-01
data4.csv,ENDIREH_DANO_PAREJA,Proporción de mujeres de 15 años y más que declararon haber experimentado al menos un incidente de violencia por parte de su actual o última pareja a lo largo de la relación por tipo de daño ocasionado a consecuencia de la violencia sufrida,consecuencias,pareja,pareja_actual_o_ultima,a_lo_largo_de_la_relacion,mujeres de 15 años y más,San Luis Potosí,2021,21.19,porcentaje,2021-01-01
data4.csv,ENDIREH_DANO_PAREJA,Proporción de mujeres de 15 años y más que declararon haber experimentado al menos un incidente de violencia por parte de su actual o última pareja a lo largo de la relación por tipo de daño ocasionado a consecuencia de la violencia sufrida,consecuencias,pareja,pareja_actual_o_ultima,a_lo_largo_de_la_relacion,mujeres de 15 años y más,Sinaloa,2021,39.14,porcentaje,2021-01-01
data4.csv,ENDIREH_DANO_PAREJA,Proporción de mujeres de 15 años y más que declararon haber experimentado al menos un incidente de violencia por parte de su actual o última pareja a lo largo de la relación por tipo de daño ocasionado a consecuencia de la violencia sufrida,consecuencias,pareja,pareja_actual_o_ultima,a_lo_largo_de_la_relacion,mujeres de 15 años y más,Sinaloa,2021,54.37,porcentaje,2021-01-01
data4.csv,ENDIREH_DANO_PAREJA,Proporción de mujeres de 15 años y más que declararon haber experimentado al menos un incidente de violencia por parte de su actual o última pareja a lo largo de la relación por tipo de daño ocasionado a consecuencia de la violencia sufrida,consecuencias,pareja,pareja_actual_o_ultima,a_lo_largo_de_la_relacion,mujeres de 15 años y más,Sinaloa,2021,29.22,porcentaje,2021-01-01
data4.csv,ENDIREH_DANO_PAREJA,Proporción de mujeres de 15 años y más que declararon haber experimentado al menos un incidente de violencia por parte de su actual o última pareja a lo largo de la relación por tipo de daño ocasionado a consecuencia de la violencia sufrida,consecuencias,pareja,pareja_actual_o_ultima,a_lo_largo_de_la_relacion,mujeres de 15 años y más,Sinaloa,2021,13.83,porcentaje,2021-01-01
data4.csv,ENDIREH_DANO_PAREJA,Proporción de mujeres de 15 años y más que declararon haber experimentado al menos un incidente de violencia por parte de su actual o última pareja a lo largo de la relación por tipo de daño ocasionado a consecuencia de la violencia sufrida,consecuencias,pareja,pareja_actual_o_ultima,a_lo_largo_de_la_relacion,mujeres de 15 años y más,Sonora,2021,40.61,porcentaje,2021-01-01
data4.csv,ENDIREH_DANO_PAREJA,Proporción de mujeres de 15 años y más que declararon haber experimentado al menos un incidente de violencia por parte de su actual o última pareja a lo largo de la relación por tipo de daño ocasionado a consecuencia de la violencia sufrida,consecuencias,pareja,pareja_actual_o_ultima,a_lo_largo_de_la_relacion,mujeres de 15 años y más,Sonora,2021,47.17,porcentaje,2021-01-01
data4.csv,ENDIREH_DANO_PAREJA,Proporción de mujeres de 15 años y más que declararon haber experimentado al menos un incidente de violencia por parte de su actual o última pareja a lo largo de la relación por tipo de daño ocasionado a consecuencia de la violencia sufrida,consecuencias,pareja,pareja_actual_o_ultima,a_lo_largo_de_la_relacion,mujeres de 15 años y más,Sonora,2021,32.67,porcentaje,2021-01-01
data4.csv,ENDIREH_DANO_PAREJA,Proporción de mujeres de 15 años y más que declararon haber experimentado al menos un incidente de violencia por parte de su actual o última pareja a lo largo de la relación por tipo de daño ocasionado a consecuencia de la violencia sufrida,consecuencias,pareja,pareja_actual_o_ultima,a_lo_largo_de_la_relacion,mujeres de 15 años y más,Sonora,2021,17.02,porcentaje,2021-01-01
data4.csv,ENDIREH_DANO_PAREJA,Proporción de mujeres de 15 años y más que declararon haber experimentado al menos un incidente de violencia por parte de su actual o última pareja a lo largo de la relación por tipo de daño ocasionado a consecuencia de la violencia sufrida,consecuencias,pareja,pareja_actual_o_ultima,a_lo_largo_de_la_relacion,mujeres de 15 años y más,Tabasco,2021,45.67,porcentaje,2021-01-01
data4.csv,ENDIREH_DANO_PAREJA,Proporción de mujeres de 15 años y más que declararon haber experimentado al menos un incidente de violencia por parte de su actual o última pareja a lo largo de la relación por tipo de daño ocasionado a consecuencia de la violencia sufrida,consecuencias,pareja,pareja_actual_o_ultima,a_lo_largo_de_la_relacion,mujeres de 15 años y más,Tabasco,2021,51.91,porcentaje,2021-01-01
data4.csv,ENDIREH_DANO_PAREJA,Proporción de mujeres de 15 años y más que declararon haber experimentado al menos un incidente de violencia por parte de su actual o última pareja a lo largo de la relación por tipo de daño ocasionado a consecuencia de la violencia sufrida,consecuencias,pareja,pareja_actual_o_ultima,a_lo_largo_de_la_relacion,mujeres de 15 años y más,Tabasco,2021,24.17,porcentaje,2021-01-01
data4.csv,ENDIREH_DANO_PAREJA,Proporción de mujeres de 15 años y más que declararon haber experimentado al menos un incidente de violencia por parte de su actual o última pareja a lo largo de la relación por tipo de daño ocasionado a consecuencia de la violencia sufrida,consecuencias,pareja,pareja_actual_o_ultima,a_lo_largo_de_la_relacion,mujeres de 15 años y más,Tabasco,2021,21.44,porcentaje,2021-01-01
data4.csv,ENDIREH_DANO_PAREJA,Proporción de mujeres de 15 años y más que declararon haber experimentado al menos un incidente de violencia por parte de su actual o última pareja a lo largo de la relación por tipo de daño ocasionado a consecuencia de la violencia sufrida,consecuencias,pareja,pareja_actual_o_ultima,a_lo_largo_de_la_relacion,mujeres de 15 años y más,Tamaulipas,2021,34.92,porcentaje,2021-01-01
data4.csv,ENDIREH_DANO_PAREJA,Proporción de mujeres de 15 años y más que declararon haber experimentado al menos un incidente de violencia por parte de su actual o última pareja a lo largo de la relación por tipo de daño ocasionado a consecuencia de la violencia sufrida,consecuencias,pareja,pareja_actual_o_ultima,a_lo_largo_de_la_relacion,mujeres de 15 años y más,Tamaulipas,2021,48.66,porcentaje,2021-01-01
data4.csv,ENDIREH_DANO_PAREJA,Proporción de mujeres de 15 años y más que declararon haber experimentado al menos un incidente de violencia por parte de su actual o última pareja a lo largo de la relación por tipo de daño ocasionado a consecuencia de la violencia sufrida,consecuencias,pareja,pareja_actual_o_ultima,a_lo_largo_de_la_relacion,mujeres de 15 años y más,Tamaulipas,2021,30.93,porcentaje,2021-01-01
data4.csv,ENDIREH_DANO_PAREJA,Proporción de mujeres de 15 años y más que declararon haber experimentado al menos un incidente de violencia por parte de su actual o última pareja a lo largo de la relación por tipo de daño ocasionado a consecuencia de la violencia sufrida,consecuencias,pareja,pareja_actual_o_ultima,a_lo_largo_de_la_relacion,mujeres de 15 años y más,Tamaulipas,2021,17.8,porcentaje,2021-01-01
data4.csv,ENDIREH_DANO_PAREJA,Proporción de mujeres de 15 años y más que declararon haber experimentado al menos un incidente de violencia por parte de su actual o última pareja a lo largo de la relación por tipo de daño ocasionado a consecuencia de la violencia sufrida,consecuencias,pareja,pareja_actual_o_ultima,a_lo_largo_de_la_relacion,mujeres de 15 años y más,Tlaxcala,2021,44.19,porcentaje,2021-01-01
data4.csv,ENDIREH_DANO_PAREJA,Proporción de mujeres de 15 años y más que declararon haber experimentado al menos un incidente de violencia por parte de su actual o última pareja a lo largo de la relación por tipo de daño ocasionado a consecuencia de la violencia sufrida,consecuencias,pareja,pareja_actual_o_ultima,a_lo_largo_de_la_relacion,mujeres de 15 años y más,Tlaxcala,2021,45.16,porcentaje,2021-01-01
data4.csv,ENDIREH_DANO_PAREJA,Proporción de mujeres de 15 años y más que declararon haber experimentado al menos un incidente de violencia por parte de su actual o última pareja a lo largo de la relación por tipo de daño ocasionado a consecuencia de la violencia sufrida,consecuencias,pareja,pareja_actual_o_ultima,a_lo_largo_de_la_relacion,mujeres de 15 años y más,Tlaxcala,2021,28.0,porcentaje,2021-01-01
data4.csv,ENDIREH_DANO_PAREJA,Proporción de mujeres de 15 años y más que declararon haber experimentado al menos un incidente de violencia por parte de su actual o última pareja a lo largo de la relación por tipo de daño ocasionado a consecuencia de la violencia sufrida,consecuencias,pareja,pareja_actual_o_ultima,a_lo_largo_de_la_relacion,mujeres de 15 años y más,Tlaxcala,2021,24.93,porcentaje,2021-01-01
data4.csv,ENDIREH_DANO_PAREJA,Proporción de mujeres de 15 años y más que declararon haber experimentado al menos un incidente de violencia por parte de su actual o última pareja a lo largo de la relación por tipo de daño ocasionado a consecuencia de la violencia sufrida,consecuencias,pareja,pareja_actual_o_ultima,a_lo_largo_de_la_relacion,mujeres de 15 años y más,Veracruz,2021,44.12,porcentaje,2021-01-01
data4.csv,ENDIREH_DANO_PAREJA,Proporción de mujeres de 15 años y más que declararon haber experimentado al menos un incidente de violencia por parte de su actual o última pareja a lo largo de la relación por tipo de daño ocasionado a consecuencia de la violencia sufrida,consecuencias,pareja,pareja_actual_o_ultima,a_lo_largo_de_la_relacion,mujeres de 15 años y más,Veracruz,2021,43.02,porcentaje,2021-01-01
data4.csv,ENDIREH_DANO_PAREJA,Proporción de mujeres de 15 años y más que declararon haber experimentado al menos un incidente de violencia por parte de su actual o última pareja a lo largo de la relación por tipo de daño ocasionado a consecuencia de la violencia sufrida,consecuencias,pareja,pareja_actual_o_ultima,a_lo_largo_de_la_relacion,mujeres de 15 años y más,Veracruz,2021,32.09,porcentaje,2021-01-01
data4.csv,ENDIREH_DANO_PAREJA,Proporción de mujeres de 15 años y más que declararon haber experimentado al menos un incidente de violencia por parte de su actual o última pareja a lo largo de la relación por tipo de daño ocasionado a consecuencia de la violencia sufrida,consecuencias,pareja,pareja_actual_o_ultima,a_lo_largo_de_la_relacion,mujeres de 15 años y más,Veracruz,2021,22.18,porcentaje,2021-01-01
data4.csv,ENDIREH_DANO_PAREJA,Proporción de mujeres de 15 años y más que declararon haber experimentado al menos un incidente de violencia por parte de su actual o última pareja a lo largo de la relación por tipo de daño ocasionado a consecuencia de la violencia sufrida,consecuencias,pareja,pareja_actual_o_ultima,a_lo_largo_de_la_relacion,mujeres de 15 años y más,Yucatán,2021,46.95,porcentaje,2021-01-01
data4.csv,ENDIREH_DANO_PAREJA,Proporción de mujeres de 15 años y más que declararon haber experimentado al menos un incidente de violencia por parte de su actual o última pareja a lo largo de la relación por tipo de daño ocasionado a consecuencia de la violencia sufrida,consecuencias,pareja,pareja_actual_o_ultima,a_lo_largo_de_la_relacion,mujeres de 15 años y más,Yucatán,2021,48.72,porcentaje,2021-01-01
data4.csv,ENDIREH_DANO_PAREJA,Proporción de mujeres de 15 años y más que declararon haber experimentado al menos un incidente de violencia por parte de su actual o última pareja a lo largo de la relación por tipo de daño ocasionado a consecuencia de la violencia sufrida,consecuencias,pareja,pareja_actual_o_ultima,a_lo_largo_de_la_relacion,mujeres de 15 años y más,Yucatán,2021,29.95,porcentaje,2021-01-01
data4.csv,ENDIREH_DANO_PAREJA,Proporción de mujeres de 15 años y más que declararon haber experimentado al menos un incidente de violencia por parte de su actual o última pareja a lo largo de la relación por tipo de daño ocasionado a consecuencia de la violencia sufrida,consecuencias,pareja,pareja_actual_o_ultima,a_lo_largo_de_la_relacion,mujeres de 15 años y más,Yucatán,2021,18.89,porcentaje,2021-01-01
data4.csv,ENDIREH_DANO_PAREJA,Proporción de mujeres de 15 años y más que declararon haber experimentado al menos un incidente de violencia por parte de su actual o última pareja a lo largo de la relación por tipo de daño ocasionado a consecuencia de la violencia sufrida,consecuencias,pareja,pareja_actual_o_ultima,a_lo_largo_de_la_relacion,mujeres de 15 años y más,Zacatecas,2021,38.31,porcentaje,2021-01-01
data4.csv,ENDIREH_DANO_PAREJA,Proporción de mujeres de 15 años y más que declararon haber experimentado al menos un incidente de violencia por parte de su actual o última pareja a lo largo de la relación por tipo de daño ocasionado a consecuencia de la violencia sufrida,consecuencias,pareja,pareja_actual_o_ultima,a_lo_largo_de_la_relacion,mujeres de 15 años y más,Zacatecas,2021,43.69,porcentaje,2021-01-01
data4.csv,ENDIREH_DANO_PAREJA,Proporción de mujeres de 15 años y más que declararon haber experimentado al menos un incidente de violencia por parte de su actual o última pareja a lo largo de la relación por tipo de daño ocasionado a consecuencia de la violencia sufrida,consecuencias,pareja,pareja_actual_o_ultima,a_lo_largo_de_la_relacion,mujeres de 15 años y más,Zacatecas,2021,31.34,porcentaje,2021-01-01
data4.csv,ENDIREH_DANO_PAREJA,Proporción de mujeres de 15 años y más que declararon haber experimentado al menos un incidente de violencia por parte de su actual o última pareja a lo largo de la relación por tipo de daño ocasionado a consecuencia de la violencia sufrida,consecuencias,pareja,pareja_actual_o_ultima,a_lo_largo_de_la_relacion,mujeres de 15 años y más,Zacatecas,2021,20.89,porcentaje,2021-01-01
data5.csv,ENDIREH_FS_PAREJA_12M,Proporción de las mujeres de 15 años o más actualmente casadas o unidas que declararon haber experimentado al menos un incidente de violencia física y/o sexual por parte de su esposo o pareja en los últimos 12 meses,prevalencia,pareja,esposo_o_pareja,ultimos_12_meses,mujeres de 15 años o más actualmente casadas o unidas,Aguascalientes,2006,13.73,porcentaje,2006-01-01
data5.csv,ENDIREH_FS_PAREJA_12M,Proporción de las mujeres de 15 años o más actualmente casadas o unidas que declararon haber experimentado al menos un incidente de violencia física y/o sexual por parte de su esposo o pareja en los últimos 12 meses,prevalencia,pareja,esposo_o_pareja,ultimos_12_meses,mujeres de 15 años o más actualmente casadas o unidas,Baja California,2006,10.79,porcentaje,2006-01-01
data5.csv,ENDIREH_FS_PAREJA_12M,Proporción de las mujeres de 15 años o más actualmente casadas o unidas que declararon haber experimentado al menos un incidente de violencia física y/o sexual por parte de su esposo o pareja en los últimos 12 meses,prevalencia,pareja,esposo_o_pareja,ultimos_12_meses,mujeres de 15 años o más actualmente casadas o unidas,Baja California Sur,2006,10.53,porcentaje,2006-01-01
data5.csv,ENDIREH_FS_PAREJA_12M,Proporción de las mujeres de 15 años o más actualmente casadas o unidas que declararon haber experimentado al menos un incidente de violencia física y/o sexual por parte de su esposo o pareja en los últimos 12 meses,prevalencia,pareja,esposo_o_pareja,ultimos_12_meses,mujeres de 15 años o más actualmente casadas o unidas,Campeche,2006,10.98,porcentaje,2006-01-01
data5.csv,ENDIREH_FS_PAREJA_12M,Proporción de las mujeres de 15 años o más actualmente casadas o unidas que declararon haber experimentado al menos un incidente de violencia física y/o sexual por parte de su esposo o pareja en los últimos 12 meses,prevalencia,pareja,esposo_o_pareja,ultimos_12_meses,mujeres de 15 años o más actualmente casadas o unidas,Coahuila,2006,11.27,porcentaje,2006-01-01
data5.csv,ENDIREH_FS_PAREJA_12M,Proporción de las mujeres de 15 años o más actualmente casadas o unidas que declararon haber experimentado al menos un incidente de violencia física y/o sexual por parte de su esposo o pareja en los últimos 12 meses,prevalencia,pareja,esposo_o_pareja,ultimos_12_meses,mujeres de 15 años o más actualmente casadas o unidas,Colima,2006,15.39,porcentaje,2006-01-01
data5.csv,ENDIREH_FS_PAREJA_12M,Proporción de las mujeres de 15 años o más actualmente casadas o unidas que declararon haber experimentado al menos un incidente de violencia física y/o sexual por parte de su esposo o pareja en los últimos 12 meses,prevalencia,pareja,esposo_o_pareja,ultimos_12_meses,mujeres de 15 años o más actualmente casadas o unidas,Chiapas,2006,9.56,porcentaje,2006-01-01
data5.csv,ENDIREH_FS_PAREJA_12M,Proporción de las mujeres de 15 años o más actualmente casadas o unidas que declararon haber experimentado al menos un incidente de violencia física y/o sexual por parte de su esposo o pareja en los últimos 12 meses,prevalencia,pareja,esposo_o_pareja,ultimos_12_meses,mujeres de 15 años o más actualmente casadas o unidas,Chihuahua,2006,12.2,porcentaje,2006-01-01
data5.csv,ENDIREH_FS_PAREJA_12M,Proporción de las mujeres de 15 años o más actualmente casadas o unidas que declararon haber experimentado al menos un incidente de violencia física y/o sexual por parte de su esposo o pareja en los últimos 12 meses,prevalencia,pareja,esposo_o_pareja,ultimos_12_meses,mujeres de 15 años o más actualmente casadas o unidas,Ciudad de México,2006,14.26,porcentaje,2006-01-01
data5.csv,ENDIREH_FS_PAREJA_12M,Proporción de las mujeres de 15 años o más actualmente casadas o unidas que declararon haber experimentado al menos un incidente de violencia física y/o sexual por parte de su esposo o pareja en los últimos 12 meses,prevalencia,pareja,esposo_o_pareja,ultimos_12_meses,mujeres de 15 años o más actualmente casadas o unidas,Durango,2006,15.07,porcentaje,2006-01-01
data5.csv,ENDIREH_FS_PAREJA_12M,Proporción de las mujeres de 15 años o más actualmente casadas o unidas que declararon haber experimentado al menos un incidente de violencia física y/o sexual por parte de su esposo o pareja en los últimos 12 meses,prevalencia,pareja,esposo_o_pareja,ultimos_12_meses,mujeres de 15 años o más actualmente casadas o unidas,Guanajuato,2006,11.8,porcentaje,2006-01-01
data5.csv,ENDIREH_FS_PAREJA_12M,Proporción de las mujeres de 15 años o más actualmente casadas o unidas que declararon haber experimentado al menos un incidente de violencia física y/o sexual por parte de su esposo o pareja en los últimos 12 meses,prevalencia,pareja,esposo_o_pareja,ultimos_12_meses,mujeres de 15 años o más actualmente casadas o unidas,Guerrero,2006,15.24,porcentaje,2006-01-01
data5.csv,ENDIREH_FS_PAREJA_12M,Proporción de las mujeres de 15 años o más actualmente casadas o unidas que declararon haber experimentado al menos un incidente de violencia física y/o sexual por parte de su esposo o pareja en los últimos 12 meses,prevalencia,pareja,esposo_o_pareja,ultimos_12_meses,mujeres de 15 años o más actualmente casadas o unidas,Hidalgo,2006,12.64,porcentaje,2006-01-01
data5.csv,ENDIREH_FS_PAREJA_12M,Proporción de las mujeres de 15 años o más actualmente casadas o unidas que declararon haber experimentado al menos un incidente de violencia física y/o sexual por parte de su esposo o pareja en los últimos 12 meses,prevalencia,pareja,esposo_o_pareja,ultimos_12_meses,mujeres de 15 años o más actualmente casadas o unidas,Jalisco,2006,13.93,porcentaje,2006-01-01
data5.csv,ENDIREH_FS_PAREJA_12M,Proporción de las mujeres de 15 años o más actualmente casadas o unidas que declararon haber experimentado al menos un incidente de violencia física y/o sexual por parte de su esposo o pareja en los últimos 12 meses,prevalencia,pareja,esposo_o_pareja,ultimos_12_meses,mujeres de 15 años o más actualmente casadas o unidas,Estado de México,2006,16.65,porcentaje,2006-01-01
data5.csv,ENDIREH_FS_PAREJA_12M,Proporción de las mujeres de 15 años o más actualmente casadas o unidas que declararon haber experimentado al menos un incidente de violencia física y/o sexual por parte de su esposo o pareja en los últimos 12 meses,prevalencia,pareja,esposo_o_pareja,ultimos_12_meses,mujeres de 15 años o más actualmente casadas o unidas,Michoacán de Ocampo,2006,13.77,porcentaje,2006-01-01
data5.csv,ENDIREH_FS_PAREJA_12M,Proporción de las mujeres de 15 años o más actualmente casadas o unidas que declararon haber experimentado al menos un incidente de violencia física y/o sexual por parte de su esposo o pareja en los últimos 12 meses,prevalencia,pareja,esposo_o_pareja,ultimos_12_meses,mujeres de 15 años o más actualmente casadas o unidas,Morelos,2006,13.03,porcentaje,2006-01-01
data5.csv,ENDIREH_FS_PAREJA_12M,Proporción de las mujeres de 15 años o más actualmente casadas o unidas que declararon haber experimentado al menos un incidente de violencia física y/o sexual por parte de su esposo o pareja en los últimos 12 meses,prevalencia,pareja,esposo_o_pareja,ultimos_12_meses,mujeres de 15 años o más actualmente casadas o unidas,Nayarit,2006,13.59,porcentaje,2006-01-01
data5.csv,ENDIREH_FS_PAREJA_12M,Proporción de las mujeres de 15 años o más actualmente casadas o unidas que declararon haber experimentado al menos un incidente de violencia física y/o sexual por parte de su esposo o pareja en los últimos 12 meses,prevalencia,pareja,esposo_o_pareja,ultimos_12_meses,mujeres de 15 años o más actualmente casadas o unidas,Nuevo León,2006,9.8,porcentaje,2006-01-01
data5.csv,ENDIREH_FS_PAREJA_12M,Proporción de las mujeres de 15 años o más actualmente casadas o unidas que declararon haber experimentado al menos un incidente de violencia física y/o sexual por parte de su esposo o pareja en los últimos 12 meses,prevalencia,pareja,esposo_o_pareja,ultimos_12_meses,mujeres de 15 años o más actualmente casadas o unidas,Oaxaca,2006,15.36,porcentaje,2006-01-01
data5.csv,ENDIREH_FS_PAREJA_12M,Proporción de las mujeres de 15 años o más actualmente casadas o unidas que declararon haber experimentado al menos un incidente de violencia física y/o sexual por parte de su esposo o pareja en los últimos 12 meses,prevalencia,pareja,esposo_o_pareja,ultimos_12_meses,mujeres de 15 años o más actualmente casadas o unidas,Puebla,2006,14.34,porcentaje,2006-01-01
data5.csv,ENDIREH_FS_PAREJA_12M,Proporción de las mujeres de 15 años o más actualmente casadas o unidas que declararon haber experimentado al menos un incidente de violencia física y/o sexual por parte de su esposo o pareja en los últimos 12 meses,prevalencia,pareja,esposo_o_pareja,ultimos_12_meses,mujeres de 15 años o más actualmente casadas o unidas,Querétaro,2006,11.7,porcentaje,2006-01-01
data5.csv,ENDIREH_FS_PAREJA_12M,Proporción de las mujeres de 15 años o más actualmente casadas o unidas que declararon haber experimentado al menos un incidente de violencia física y/o sexual por parte de su esposo o pareja en los últimos 12 meses,prevalencia,pareja,esposo_o_pareja,ultimos_12_meses,mujeres de 15 años o más actualmente casadas o unidas,Quintana Roo,2006,13.16,porcentaje,2006-01-01
data5.csv,ENDIREH_FS_PAREJA_12M,Proporción de las mujeres de 15 años o más actualmente casadas o unidas que declararon haber experimentado al menos un incidente de violencia física y/o sexual por parte de su esposo o pareja en los últimos 12 meses,prevalencia,pareja,esposo_o_pareja,ultimos_12_meses,mujeres de 15 años o más actualmente casadas o unidas,San Luis Potosí,2006,11.37,porcentaje,2006-01-01
data5.csv,ENDIREH_FS_PAREJA_12M,Proporción de las mujeres de 15 años o más actualmente casadas o unidas que declararon haber experimentado al menos un incidente de violencia física y/o sexual por parte de su esposo o pareja en los últimos 12 meses,prevalencia,pareja,esposo_o_pareja,ultimos_12_meses,mujeres de 15 años o más actualmente casadas o unidas,Sinaloa,2006,11.61,porcentaje,2006-01-01
data5.csv,ENDIREH_FS_PAREJA_12M,Proporción de las mujeres de 15 años o más actualmente casadas o unidas que declararon haber experimentado al menos un incidente de violencia física y/o sexual por parte de su esposo o pareja en los últimos 12 meses,prevalencia,pareja,esposo_o_pareja,ultimos_12_meses,mujeres de 15 años o más actualmente casadas o unidas,Sonora,2006,11.75,porcentaje,2006-01-01
data5.csv,ENDIREH_FS_PAREJA_12M,Proporción de las mujeres de 15 años o más actualmente casadas o unidas que declararon haber experimentado al menos un incidente de violencia física y/o sexual por parte de su esposo o pareja en los últimos 12 meses,prevalencia,pareja,esposo_o_pareja,ultimos_12_meses,mujeres de 15 años o más actualmente casadas o unidas,Tabasco,2006,16.98,porcentaje,2006-01-01
data5.csv,ENDIREH_FS_PAREJA_12M,Proporción de las mujeres de 15 años o más actualmente casadas o unidas que declararon haber experimentado al menos un incidente de violencia física y/o sexual por parte de su esposo o pareja en los últimos 12 meses,prevalencia,pareja,esposo_o_pareja,ultimos_12_meses,mujeres de 15 años o más actualmente casadas o unidas,Tamaulipas,2006,10.45,porcentaje,2006-01-01
data5.csv,ENDIREH_FS_PAREJA_12M,Proporción de las mujeres de 15 años o más actualmente casadas o unidas que declararon haber experimentado al menos un incidente de violencia física y/o sexual por parte de su esposo o pareja en los últimos 12 meses,prevalencia,pareja,esposo_o_pareja,ultimos_12_meses,mujeres de 15 años o más actualmente casadas o unidas,Tlaxcala,2006,12.4,porcentaje,2006-01-01
data5.csv,ENDIREH_FS_PAREJA_12M,Proporción de las mujeres de 15 años o más actualmente casadas o unidas que declararon haber experimentado al menos un incidente de violencia física y/o sexual por parte de su esposo o pareja en los últimos 12 meses,prevalencia,pareja,esposo_o_pareja,ultimos_12_meses,mujeres de 15 años o más actualmente casadas o unidas,Veracruz,2006,13.07,porcentaje,2006-01-01
data5.csv,ENDIREH_FS_PAREJA_12M,Proporción de las mujeres de 15 años o más actualmente casadas o unidas que declararon haber experimentado al menos un incidente de violencia física y/o sexual por parte de su esposo o pareja en los últimos 12 meses,prevalencia,pareja,esposo_o_pareja,ultimos_12_meses,mujeres de 15 años o más actualmente casadas o unidas,Yucatán,2006,11.8,porcentaje,2006-01-01
data5.csv,ENDIREH_FS_PAREJA_12M,Proporción de las mujeres de 15 años o más actualmente casadas o unidas que declararon haber experimentado al menos un incidente de violencia física y/o sexual por parte de su esposo o pareja en los últimos 12 meses,prevalencia,pareja,esposo_o_pareja,ultimos_12_meses,mujeres de 15 años o más actualmente casadas o unidas,Zacatecas,2006,14.42,porcentaje,2006-01-01
data5.csv,ENDIREH_FS_PAREJA_12M,Proporción de las mujeres de 15 años o más actualmente casadas o unidas que declararon haber experimentado al menos un incidente de violencia física y/o sexual por parte de su esposo o pareja en los últimos 12 meses,prevalencia,pareja,esposo_o_pareja,ultimos_12_meses,mujeres de 15 años o más actualmente casadas o unidas,Aguascalientes,2011,7.76,porcentaje,2011-01-01
data5.csv,ENDIREH_FS_PAREJA_12M,Proporción de las mujeres de 15 años o más actualmente casadas o unidas que declararon haber experimentado al menos un incidente de violencia física y/o sexual por parte de su esposo o pareja en los últimos 12 meses,prevalencia,pareja,esposo_o_pareja,ultimos_12_meses,mujeres de 15 años o más actualmente casadas o unidas,Baja California,2011,5.4,porcentaje,2011-01-01
data5.csv,ENDIREH_FS_PAREJA_12M,Proporción de las mujeres de 15 años o más actualmente casadas o unidas que declararon haber experimentado al menos un incidente de violencia física y/o sexual por parte de su esposo o pareja en los últimos 12 meses,prevalencia,pareja,esposo_o_pareja,ultimos_12_meses,mujeres de 15 años o más actualmente casadas o unidas,Baja California Sur,2011,5.68,porcentaje,2011-01-01
data5.csv,ENDIREH_FS_PAREJA_12M,Proporción de las mujeres de 15 años o más actualmente casadas o unidas que declararon haber experimentado al menos un incidente de violencia física y/o sexual por parte de su esposo o pareja en los últimos 12 meses,prevalencia,pareja,esposo_o_pareja,ultimos_12_meses,mujeres de 15 años o más actualmente casadas o unidas,Campeche,2011,7.6,porcentaje,2011-01-01
data5.csv,ENDIREH_FS_PAREJA_12M,Proporción de las mujeres de 15 años o más actualmente casadas o unidas que declararon haber experimentado al menos un incidente de violencia física y/o sexual por parte de su esposo o pareja en los últimos 12 meses,prevalencia,pareja,esposo_o_pareja,ultimos_12_meses,mujeres de 15 años o más actualmente casadas o unidas,Coahuila,2011,6.79,porcentaje,2011-01-01
data5.csv,ENDIREH_FS_PAREJA_12M,Proporción de las mujeres de 15 años o más actualmente casadas o unidas que declararon haber experimentado al menos un incidente de violencia física y/o sexual por parte de su esposo o pareja en los últimos 12 meses,prevalencia,pareja,esposo_o_pareja,ultimos_12_meses,mujeres de 15 años o más actualmente casadas o unidas,Colima,2011,8.52,porcentaje,2011-01-01
data5.csv,ENDIREH_FS_PAREJA_12M,Proporción de las mujeres de 15 años o más actualmente casadas o unidas que declararon haber experimentado al menos un incidente de violencia física y/o sexual por parte de su esposo o pareja en los últimos 12 meses,prevalencia,pareja,esposo_o_pareja,ultimos_12_meses,mujeres de 15 años o más actualmente casadas o unidas,Chiapas,2011,5.8,porcentaje,2011-01-01
data5.csv,ENDIREH_FS_PAREJA_12M,Proporción de las mujeres de 15 años o más actualmente casadas o unidas que declararon haber experimentado al menos un incidente de violencia física y/o sexual por parte de su esposo o pareja en los últimos 12 meses,prevalencia,pareja,esposo_o_pareja,ultimos_12_meses,mujeres de 15 años o más actualmente casadas o unidas,Chihuahua,2011,8.6,porcentaje,2011-01-01
data5.csv,ENDIREH_FS_PAREJA_12M,Proporción de las mujeres de 15 años o más actualmente casadas o unidas que declararon haber experimentado al menos un incidente de violencia física y/o sexual por parte de su esposo o pareja en los últimos 12 meses,prevalencia,pareja,esposo_o_pareja,ultimos_12_meses,mujeres de 15 años o más actualmente casadas o unidas,Ciudad de México,2011,7.0,porcentaje,2011-01-01
data5.csv,ENDIREH_FS_PAREJA_12M,Proporción de las mujeres de 15 años o más actualmente casadas o unidas que declararon haber experimentado al menos un incidente de violencia física y/o sexual por parte de su esposo o pareja en los últimos 12 meses,prevalencia,pareja,esposo_o_pareja,ultimos_12_meses,mujeres de 15 años o más actualmente casadas o unidas,Durango,2011,8.71,porcentaje,2011-01-01
data5.csv,ENDIREH_FS_PAREJA_12M,Proporción de las mujeres de 15 años o más actualmente casadas o unidas que declararon haber experimentado al menos un incidente de violencia física y/o sexual por parte de su esposo o pareja en los últimos 12 meses,prevalencia,pareja,esposo_o_pareja,ultimos_12_meses,mujeres de 15 años o más actualmente casadas o unidas,Guanajuato,2011,8.75,porcentaje,2011-01-01
data5.csv,ENDIREH_FS_PAREJA_12M,Proporción de las mujeres de 15 años o más actualmente casadas o unidas que declararon haber experimentado al menos un incidente de violencia física y/o sexual por parte de su esposo o pareja en los últimos 12 meses,prevalencia,pareja,esposo_o_pareja,ultimos_12_meses,mujeres de 15 años o más actualmente casadas o unidas,Guerrero,2011,8.98,porcentaje,2011-01-01
data5.csv,ENDIREH_FS_PAREJA_12M,Proporción de las mujeres de 15 años o más actualmente casadas o unidas que declararon haber experimentado al menos un incidente de violencia física y/o sexual por parte de su esposo o pareja en los últimos 12 meses,prevalencia,pareja,esposo_o_pareja,ultimos_12_meses,mujeres de 15 años o más actualmente casadas o unidas,Hidalgo,2011,8.39,porcentaje,2011-01-01
data5.csv,ENDIREH_FS_PAREJA_12M,Proporción de las mujeres de 15 años o más actualmente casadas o unidas que declararon haber experimentado al menos un incidente de violencia física y/o sexual por parte de su esposo o pareja en los últimos 12 meses,prevalencia,pareja,esposo_o_pareja,ultimos_12_meses,mujeres de 15 años o más actualmente casadas o unidas,Jalisco,2011,7.59,porcentaje,2011-01-01
data5.csv,ENDIREH_FS_PAREJA_12M,Proporción de las mujeres de 15 años o más actualmente casadas o unidas que declararon haber experimentado al menos un incidente de violencia física y/o sexual por parte de su esposo o pareja en los últimos 12 meses,prevalencia,pareja,esposo_o_pareja,ultimos_12_meses,mujeres de 15 años o más actualmente casadas o unidas,Estado de México,2011,9.15,porcentaje,2011-01-01
data5.csv,ENDIREH_FS_PAREJA_12M,Proporción de las mujeres de 15 años o más actualmente casadas o unidas que declararon haber experimentado al menos un incidente de violencia física y/o sexual por parte de su esposo o pareja en los últimos 12 meses,prevalencia,pareja,esposo_o_pareja,ultimos_12_meses,mujeres de 15 años o más actualmente casadas o unidas,Michoacán de Ocampo,2011,9.91,porcentaje,2011-01-01
data5.csv,ENDIREH_FS_PAREJA_12M,Proporción de las mujeres de 15 años o más actualmente casadas o unidas que declararon haber experimentado al menos un incidente de violencia física y/o sexual por parte de su esposo o pareja en los últimos 12 meses,prevalencia,pareja,esposo_o_pareja,ultimos_12_meses,mujeres de 15 años o más actualmente casadas o unidas,Morelos,2011,8.2,porcentaje,2011-01-01
data5.csv,ENDIREH_FS_PAREJA_12M,Proporción de las mujeres de 15 años o más actualmente casadas o unidas que declararon haber experimentado al menos un incidente de violencia física y/o sexual por parte de su esposo o pareja en los últimos 12 meses,prevalencia,pareja,esposo_o_pareja,ultimos_12_meses,mujeres de 15 años o más actualmente casadas o unidas,Nayarit,2011,9.2,porcentaje,2011-01-01
data5.csv,ENDIREH_FS_PAREJA_12M,Proporción de las mujeres de 15 años o más actualmente casadas o unidas que declararon haber experimentado al menos un incidente de violencia física y/o sexual por parte de su esposo o pareja en los últimos 12 meses,prevalencia,pareja,esposo_o_pareja,ultimos_12_meses,mujeres de 15 años o más actualmente casadas o unidas,Nuevo León,2011,6.21,porcentaje,2011-01-01
data5.csv,ENDIREH_FS_PAREJA_12M,Proporción de las mujeres de 15 años o más actualmente casadas o unidas que declararon haber experimentado al menos un incidente de violencia física y/o sexual por parte de su esposo o pareja en los últimos 12 meses,prevalencia,pareja,esposo_o_pareja,ultimos_12_meses,mujeres de 15 años o más actualmente casadas o unidas,Oaxaca,2011,8.33,porcentaje,2011-01-01
data5.csv,ENDIREH_FS_PAREJA_12M,Proporción de las mujeres de 15 años o más actualmente casadas o unidas que declararon haber experimentado al menos un incidente de violencia física y/o sexual por parte de su esposo o pareja en los últimos 12 meses,prevalencia,pareja,esposo_o_pareja,ultimos_12_meses,mujeres de 15 años o más actualmente casadas o unidas,Puebla,2011,9.92,porcentaje,2011-01-01
data5.csv,ENDIREH_FS_PAREJA_12M,Proporción de las mujeres de 15 años o más actualmente casadas o unidas que declararon haber experimentado al menos un incidente de violencia física y/o sexual por parte de su esposo o pareja en los últimos 12 meses,prevalencia,pareja,esposo_o_pareja,ultimos_12_meses,mujeres de 15 años o más actualmente casadas o unidas,Querétaro,2011,6.77,porcentaje,2011-01-01
data5.csv,ENDIREH_FS_PAREJA_12M,Proporción de las mujeres de 15 años o más actualmente casadas o unidas que declararon haber experimentado al menos un incidente de violencia física y/o sexual por parte de su esposo o pareja en los últimos 12 meses,prevalencia,pareja,esposo_o_pareja,ultimos_12_meses,mujeres de 15 años o más actualmente casadas o unidas,Quintana Roo,2011,7.24,porcentaje,2011-01-01
data5.csv,ENDIREH_FS_PAREJA_12M,Proporción de las mujeres de 15 años o más actualmente casadas o unidas que declararon haber experimentado al menos un incidente de violencia física y/o sexual por parte de su esposo o pareja en los últimos 12 meses,prevalencia,pareja,esposo_o_pareja,ultimos_12_meses,mujeres de 15 años o más actualmente casadas o unidas,San Luis Potosí,2011,9.14,porcentaje,2011-01-01
data5.csv,ENDIREH_FS_PAREJA_12M,Proporción de las mujeres de 15 años o más actualmente casadas o unidas que declararon haber experimentado al menos un incidente de violencia física y/o sexual por parte de su esposo o pareja en los últimos 12 meses,prevalencia,pareja,esposo_o_pareja,ultimos_12_meses,mujeres de 15 años o más actualmente casadas o unidas,Sinaloa,2011,5.53,porcentaje,2011-01-01
data5.csv,ENDIREH_FS_PAREJA_12M,Proporción de las mujeres de 15 años o más actualmente casadas o unidas que declararon haber experimentado al menos un incidente de violencia física y/o sexual por parte de su esposo o pareja en los últimos 12 meses,prevalencia,pareja,esposo_o_pareja,ultimos_12_meses,mujeres de 15 años o más actualmente casadas o unidas,Sonora,2011,5.99,porcentaje,2011-01-01
data5.csv,ENDIREH_FS_PAREJA_12M,Proporción de las mujeres de 15 años o más actualmente casadas o unidas que declararon haber experimentado al menos un incidente de violencia física y/o sexual por parte de su esposo o pareja en los últimos 12 meses,prevalencia,pareja,esposo_o_pareja,ultimos_12_meses,mujeres de 15 años o más actualmente casadas o unidas,Tabasco,2011,5.76,porcentaje,2011-01-01
data5.csv,ENDIREH_FS_PAREJA_12M,Proporción de las mujeres de 15 años o más actualmente casadas o unidas que declararon haber experimentado al menos un incidente de violencia física y/o sexual por parte de su esposo o pareja en los últimos 12 meses,prevalencia,pareja,esposo_o_pareja,ultimos_12_meses,mujeres de 15 años o más actualmente casadas o unidas,Tamaulipas,2011,5.84,porcentaje,2011-01-01
data5.csv,ENDIREH_FS_PAREJA_12M,Proporción de las mujeres de 15 años o más actualmente casadas o unidas que declararon haber experimentado al menos un incidente de violencia física y/o sexual por parte de su esposo o pareja en los últimos 12 meses,prevalencia,pareja,esposo_o_pareja,ultimos_12_meses,mujeres de 15 años o más actualmente casadas o unidas,Tlaxcala,2011,7.88,porcentaje,2011-01-01
data5.csv,ENDIREH_FS_PAREJA_12M,Proporción de las mujeres de 15 años o más actualmente casadas o unidas que declararon haber experimentado al menos un incidente de violencia física y/o sexual por parte de su esposo o pareja en los últimos 12 meses,prevalencia,pareja,esposo_o_pareja,ultimos_12_meses,mujeres de 15 años o más actualmente casadas o unidas,Veracruz,2011,7.76,porcentaje,2011-01-01
data5.csv,ENDIREH_FS_PAREJA_12M,Proporción de las mujeres de 15 años o más actualmente casadas o unidas que declararon haber experimentado al menos un incidente de violencia física y/o sexual por parte de su esposo o pareja en los últimos 12 meses,prevalencia,pareja,esposo_o_pareja,ultimos_12_meses,mujeres de 15 años o más actualmente casadas o unidas,Yucatán,2011,7.04,porcentaje,2011-01-01
data5.csv,ENDIREH_FS_PAREJA_12M,Proporción de las mujeres de 15 años o más actualmente casadas o unidas que declararon haber experimentado al menos un incidente de violencia física y/o sexual por parte de su esposo o pareja en los últimos 12 meses,prevalencia,pareja,esposo_o_pareja,ultimos_12_meses,mujeres de 15 años o más actualmente casadas o unidas,Zacatecas,2011,8.97,porcentaje,2011-01-01
data5.csv,ENDIREH_FS_PAREJA_12M,Proporción de las mujeres de 15 años o más actualmente casadas o unidas que declararon haber experimentado al menos un incidente de violencia física y/o sexual por parte de su esposo o pareja en los últimos 12 meses,prevalencia,pareja,esposo_o_pareja,ultimos_12_meses,mujeres de 15 años o más actualmente casadas o unidas,Aguascalientes,2016,9.48,porcentaje,2016-01-01
data5.csv,ENDIREH_FS_PAREJA_12M,Proporción de las mujeres de 15 años o más actualmente casadas o unidas que declararon haber experimentado al menos un incidente de violencia física y/o sexual por parte de su esposo o pareja en los últimos 12 meses,prevalencia,pareja,esposo_o_pareja,ultimos_12_meses,mujeres de 15 años o más actualmente casadas o unidas,Baja California,2016,5.28,porcentaje,2016-01-01
data5.csv,ENDIREH_FS_PAREJA_12M,Proporción de las mujeres de 15 años o más actualmente casadas o unidas que declararon haber experimentado al menos un incidente de violencia física y/o sexual por parte de su esposo o pareja en los últimos 12 meses,prevalencia,pareja,esposo_o_pareja,ultimos_12_meses,mujeres de 15 años o más actualmente casadas o unidas,Baja California Sur,2016,6.12,porcentaje,2016-01-01
data5.csv,ENDIREH_FS_PAREJA_12M,Proporción de las mujeres de 15 años o más actualmente casadas o unidas que declararon haber experimentado al menos un incidente de violencia física y/o sexual por parte de su esposo o pareja en los últimos 12 meses,prevalencia,pareja,esposo_o_pareja,ultimos_12_meses,mujeres de 15 años o más actualmente casadas o unidas,Campeche,2016,7.21,porcentaje,2016-01-01
data5.csv,ENDIREH_FS_PAREJA_12M,Proporción de las mujeres de 15 años o más actualmente casadas o unidas que declararon haber experimentado al menos un incidente de violencia física y/o sexual por parte de su esposo o pareja en los últimos 12 meses,prevalencia,pareja,esposo_o_pareja,ultimos_12_meses,mujeres de 15 años o más actualmente casadas o unidas,Coahuila,2016,7.66,porcentaje,2016-01-01
data5.csv,ENDIREH_FS_PAREJA_12M,Proporción de las mujeres de 15 años o más actualmente casadas o unidas que declararon haber experimentado al menos un incidente de violencia física y/o sexual por parte de su esposo o pareja en los últimos 12 meses,prevalencia,pareja,esposo_o_pareja,ultimos_12_meses,mujeres de 15 años o más actualmente casadas o unidas,Colima,2016,9.36,porcentaje,2016-01-01
data5.csv,ENDIREH_FS_PAREJA_12M,Proporción de las mujeres de 15 años o más actualmente casadas o unidas que declararon haber experimentado al menos un incidente de violencia física y/o sexual por parte de su esposo o pareja en los últimos 12 meses,prevalencia,pareja,esposo_o_pareja,ultimos_12_meses,mujeres de 15 años o más actualmente casadas o unidas,Chiapas,2016,6.66,porcentaje,2016-01-01
data5.csv,ENDIREH_FS_PAREJA_12M,Proporción de las mujeres de 15 años o más actualmente casadas o unidas que declararon haber experimentado al menos un incidente de violencia física y/o sexual por parte de su esposo o pareja en los últimos 12 meses,prevalencia,pareja,esposo_o_pareja,ultimos_12_meses,mujeres de 15 años o más actualmente casadas o unidas,Chihuahua,2016,7.85,porcentaje,2016-01-01
data5.csv,ENDIREH_FS_PAREJA_12M,Proporción de las mujeres de 15 años o más actualmente casadas o unidas que declararon haber experimentado al menos un incidente de violencia física y/o sexual por parte de su esposo o pareja en los últimos 12 meses,prevalencia,pareja,esposo_o_pareja,ultimos_12_meses,mujeres de 15 años o más actualmente casadas o unidas,Ciudad de México,2016,10.8,porcentaje,2016-01-01
data5.csv,ENDIREH_FS_PAREJA_12M,Proporción de las mujeres de 15 años o más actualmente casadas o unidas que declararon haber experimentado al menos un incidente de violencia física y/o sexual por parte de su esposo o pareja en los últimos 12 meses,prevalencia,pareja,esposo_o_pareja,ultimos_12_meses,mujeres de 15 años o más actualmente casadas o unidas,Durango,2016,9.04,porcentaje,2016-01-01
data5.csv,ENDIREH_FS_PAREJA_12M,Proporción de las mujeres de 15 años o más actualmente casadas o unidas que declararon haber experimentado al menos un incidente de violencia física y/o sexual por parte de su esposo o pareja en los últimos 12 meses,prevalencia,pareja,esposo_o_pareja,ultimos_12_meses,mujeres de 15 años o más actualmente casadas o unidas,Guanajuato,2016,8.51,porcentaje,2016-01-01
data5.csv,ENDIREH_FS_PAREJA_12M,Proporción de las mujeres de 15 años o más actualmente casadas o unidas que declararon haber experimentado al menos un incidente de violencia física y/o sexual por parte de su esposo o pareja en los últimos 12 meses,prevalencia,pareja,esposo_o_pareja,ultimos_12_meses,mujeres de 15 años o más actualmente casadas o unidas,Guerrero,2016,9.34,porcentaje,2016-01-01
data5.csv,ENDIREH_FS_PAREJA_12M,Proporción de las mujeres de 15 años o más actualmente casadas o unidas que declararon haber experimentado al menos un incidente de violencia física y/o sexual por parte de su esposo o pareja en los últimos 12 meses,prevalencia,pareja,esposo_o_pareja,ultimos_12_meses,mujeres de 15 años o más actualmente casadas o unidas,Hidalgo,2016,10.96,porcentaje,2016-01-01
data5.csv,ENDIREH_FS_PAREJA_12M,Proporción de las mujeres de 15 años o más actualmente casadas o unidas que declararon haber experimentado al menos un incidente de violencia física y/o sexual por parte de su esposo o pareja en los últimos 12 meses,prevalencia,pareja,esposo_o_pareja,ultimos_12_meses,mujeres de 15 años o más actualmente casadas o unidas,Jalisco,2016,10.92,porcentaje,2016-01-01
data5.csv,ENDIREH_FS_PAREJA_12M,Proporción de las mujeres de 15 años o más actualmente casadas o unidas que declararon haber experimentado al menos un incidente de violencia física y/o sexual por parte de su esposo o pareja en los últimos 12 meses,prevalencia,pareja,esposo_o_pareja,ultimos_12_meses,mujeres de 15 años o más actualmente casadas o unidas,Estado de México,2016,11.75,porcentaje,2016-01-01
data5.csv,ENDIREH_FS_PAREJA_12M,Proporción de las mujeres de 15 años o más actualmente casadas o unidas que declararon haber experimentado al menos un incidente de violencia física y/o sexual por parte de su esposo o pareja en los últimos 12 meses,prevalencia,pareja,esposo_o_pareja,ultimos_12_meses,mujeres de 15 años o más actualmente casadas o unidas,Michoacán de Ocampo,2016,9.18,porcentaje,2016-01-01
data5.csv,ENDIREH_FS_PAREJA_12M,Proporción de las mujeres de 15 años o más actualmente casadas o unidas que declararon haber experimentado al menos un incidente de violencia física y/o sexual por parte de su esposo o pareja en los últimos 12 meses,prevalencia,pareja,esposo_o_pareja,ultimos_12_meses,mujeres de 15 años o más actualmente casadas o unidas,Morelos,2016,10.47,porcentaje,2016-01-01
data5.csv,ENDIREH_FS_PAREJA_12M,Proporción de las mujeres de 15 años o más actualmente casadas o unidas que declararon haber experimentado al menos un incidente de violencia física y/o sexual por parte de su esposo o pareja en los últimos 12 meses,prevalencia,pareja,esposo_o_pareja,ultimos_12_meses,mujeres de 15 años o más actualmente casadas o unidas,Nayarit,2016,8.86,porcentaje,2016-01-01
data5.csv,ENDIREH_FS_PAREJA_12M,Proporción de las mujeres de 15 años o más actualmente casadas o unidas que declararon haber experimentado al menos un incidente de violencia física y/o sexual por parte de su esposo o pareja en los últimos 12 meses,prevalencia,pareja,esposo_o_pareja,ultimos_12_meses,mujeres de 15 años o más actualmente casadas o unidas,Nuevo León,2016,5.21,porcentaje,2016-01-01
data5.csv,ENDIREH_FS_PAREJA_12M,Proporción de las mujeres de 15 años o más actualmente casadas o unidas que declararon haber experimentado al menos un incidente de violencia física y/o sexual por parte de su esposo o pareja en los últimos 12 meses,prevalencia,pareja,esposo_o_pareja,ultimos_12_meses,mujeres de 15 años o más actualmente casadas o unidas,Oaxaca,2016,10.4,porcentaje,2016-01-01
data5.csv,ENDIREH_FS_PAREJA_12M,Proporción de las mujeres de 15 años o más actualmente casadas o unidas que declararon haber experimentado al menos un incidente de violencia física y/o sexual por parte de su esposo o pareja en los últimos 12 meses,prevalencia,pareja,esposo_o_pareja,ultimos_12_meses,mujeres de 15 años o más actualmente casadas o unidas,Puebla,2016,9.82,porcentaje,2016-01-01
data5.csv,ENDIREH_FS_PAREJA_12M,Proporción de las mujeres de 15 años o más actualmente casadas o unidas que declararon haber experimentado al menos un incidente de violencia física y/o sexual por parte de su esposo o pareja en los últimos 12 meses,prevalencia,pareja,esposo_o_pareja,ultimos_12_meses,mujeres de 15 años o más actualmente casadas o unidas,Querétaro,2016,8.32,porcentaje,2016-01-01
data5.csv,ENDIREH_FS_PAREJA_12M,Proporción de las mujeres de 15 años o más actualmente casadas o unidas que declararon haber experimentado al menos un incidente de violencia física y/o sexual por parte de su esposo o pareja en los últimos 12 meses,prevalencia,pareja,esposo_o_pareja,ultimos_12_meses,mujeres de 15 años o más actualmente casadas o unidas,Quintana Roo,2016,7.74,porcentaje,2016-01-01
data5.csv,ENDIREH_FS_PAREJA_12M,Proporción de las mujeres de 15 años o más actualmente casadas o unidas que declararon haber experimentado al menos un incidente de violencia física y/o sexual por parte de su esposo o pareja en los últimos 12 meses,prevalencia,pareja,esposo_o_pareja,ultimos_12_meses,mujeres de 15 años o más actualmente casadas o unidas,San Luis Potosí,2016,8.99,porcentaje,2016-01-01
data5.csv,ENDIREH_FS_PAREJA_12M,Proporción de las mujeres de 15 años o más actualmente casadas o unidas que declararon haber experimentado al menos un incidente de violencia física y/o sexual por parte de su esposo o pareja en los últimos 12 meses,prevalencia,pareja,esposo_o_pareja,ultimos_12_meses,mujeres de 15 años o más actualmente casadas o unidas,Sinaloa,2016,7.2,porcentaje,2016-01-01
data5.csv,ENDIREH_FS_PAREJA_12M,Proporción de las mujeres de 15 años o más actualmente casadas o unidas que declararon haber experimentado al menos un incidente de violencia física y/o sexual por parte de su esposo o pareja en los últimos 12 meses,prevalencia,pareja,esposo_o_pareja,ultimos_12_meses,mujeres de 15 años o más actualmente casadas o unidas,Sonora,2016,6.2,porcentaje,2016-01-01
data5.csv,ENDIREH_FS_PAREJA_12M,Proporción de las mujeres de 15 años o más actualmente casadas o unidas que declararon haber experimentado al menos un incidente de violencia física y/o sexual por parte de su esposo o pareja en los últimos 12 meses,prevalencia,pareja,esposo_o_pareja,ultimos_12_meses,mujeres de 15 años o más actualmente casadas o unidas,Tabasco,2016,9.42,porcentaje,2016-01-01
data5.csv,ENDIREH_FS_PAREJA_12M,Proporción de las mujeres de 15 años o más actualmente casadas o unidas que declararon haber experimentado al menos un incidente de violencia física y/o sexual por parte de su esposo o pareja en los últimos 12 meses,prevalencia,pareja,esposo_o_pareja,ultimos_12_meses,mujeres de 15 años o más actualmente casadas o unidas,Tamaulipas,2016,6.57,porcentaje,2016-01-01
data5.csv,ENDIREH_FS_PAREJA_12M,Proporción de las mujeres de 15 años o más actualmente casadas o unidas que declararon haber experimentado al menos un incidente de violencia física y/o sexual por parte de su esposo o pareja en los últimos 12 meses,prevalencia,pareja,esposo_o_pareja,ultimos_12_meses,mujeres de 15 años o más actualmente casadas o unidas,Tlaxcala,2016,8.99,porcentaje,2016-01-01
data5.csv,ENDIREH_FS_PAREJA_12M,Proporción de las mujeres de 15 años o más actualmente casadas o unidas que declararon haber experimentado al menos un incidente de violencia física y/o sexual por parte de su esposo o pareja en los últimos 12 meses,prevalencia,pareja,esposo_o_pareja,ultimos_12_meses,mujeres de 15 años o más actualmente casadas o unidas,Veracruz,2016,9.38,porcentaje,2016-01-01
data5.csv,ENDIREH_FS_PAREJA_12M,Proporción de las mujeres de 15 años o más actualmente casadas o unidas que declararon haber experimentado al menos un incidente de violencia física y/o sexual por parte de su esposo o pareja en los últimos 12 meses,prevalencia,pareja,esposo_o_pareja,ultimos_12_meses,mujeres de 15 años o más actualmente casadas o unidas,Yucatán,2016,8.41,porcentaje,2016-01-01
data5.csv,ENDIREH_FS_PAREJA_12M,Proporción de las mujeres de 15 años o más actualmente casadas o unidas que declararon haber experimentado al menos un incidente de violencia física y/o sexual por parte de su esposo o pareja en los últimos 12 meses,prevalencia,pareja,esposo_o_pareja,ultimos_12_meses,mujeres de 15 años o más actualmente casadas o unidas,Zacatecas,2016,8.41,porcentaje,2016-01-01
data5.csv,ENDIREH_FS_PAREJA_12M,Proporción de las mujeres de 15 años o más actualmente casadas o unidas que declararon haber experimentado al menos un incidente de violencia física y/o sexual por parte de su esposo o pareja en los últimos 12 meses,prevalencia,pareja,esposo_o_pareja,ultimos_12_meses,mujeres de 15 años o más actualmente casadas o unidas,Aguascalientes,2021,7.61,porcentaje,2021-01-01
data5.csv,ENDIREH_FS_PAREJA_12M,Proporción de las mujeres de 15 años o más actualmente casadas o unidas que declararon haber experimentado al menos un incidente de violencia física y/o sexual por parte de su esposo o pareja en los últimos 12 meses,prevalencia,pareja,esposo_o_pareja,ultimos_12_meses,mujeres de 15 años o más actualmente casadas o unidas,Baja California,2021,4.22,porcentaje,2021-01-01
data5.csv,ENDIREH_FS_PAREJA_12M,Proporción de las mujeres de 15 años o más actualmente casadas o unidas que declararon haber experimentado al menos un incidente de violencia física y/o sexual por parte de su esposo o pareja en los últimos 12 meses,prevalencia,pareja,esposo_o_pareja,ultimos_12_meses,mujeres de 15 años o más actualmente casadas o unidas,Baja California Sur,2021,5.15,porcentaje,2021-01-01
data5.csv,ENDIREH_FS_PAREJA_12M,Proporción de las mujeres de 15 años o más actualmente casadas o unidas que declararon haber experimentado al menos un incidente de violencia física y/o sexual por parte de su esposo o pareja en los últimos 12 meses,prevalencia,pareja,esposo_o_pareja,ultimos_12_meses,mujeres de 15 años o más actualmente casadas o unidas,Campeche,2021,7.77,porcentaje,2021-01-01
data5.csv,ENDIREH_FS_PAREJA_12M,Proporción de las mujeres de 15 años o más actualmente casadas o unidas que declararon haber experimentado al menos un incidente de violencia física y/o sexual por parte de su esposo o pareja en los últimos 12 meses,prevalencia,pareja,esposo_o_pareja,ultimos_12_meses,mujeres de 15 años o más actualmente casadas o unidas,Coahuila,2021,8.25,porcentaje,2021-01-01
data5.csv,ENDIREH_FS_PAREJA_12M,Proporción de las mujeres de 15 años o más actualmente casadas o unidas que declararon haber experimentado al menos un incidente de violencia física y/o sexual por parte de su esposo o pareja en los últimos 12 meses,prevalencia,pareja,esposo_o_pareja,ultimos_12_meses,mujeres de 15 años o más actualmente casadas o unidas,Colima,2021,8.33,porcentaje,2021-01-01
data5.csv,ENDIREH_FS_PAREJA_12M,Proporción de las mujeres de 15 años o más actualmente casadas o unidas que declararon haber experimentado al menos un incidente de violencia física y/o sexual por parte de su esposo o pareja en los últimos 12 meses,prevalencia,pareja,esposo_o_pareja,ultimos_12_meses,mujeres de 15 años o más actualmente casadas o unidas,Chiapas,2021,4.78,porcentaje,2021-01-01
data5.csv,ENDIREH_FS_PAREJA_12M,Proporción de las mujeres de 15 años o más actualmente casadas o unidas que declararon haber experimentado al menos un incidente de violencia física y/o sexual por parte de su esposo o pareja en los últimos 12 meses,prevalencia,pareja,esposo_o_pareja,ultimos_12_meses,mujeres de 15 años o más actualmente casadas o unidas,Chihuahua,2021,5.8,porcentaje,2021-01-01
data5.csv,ENDIREH_FS_PAREJA_12M,Proporción de las mujeres de 15 años o más actualmente casadas o unidas que declararon haber experimentado al menos un incidente de violencia física y/o sexual por parte de su esposo o pareja en los últimos 12 meses,prevalencia,pareja,esposo_o_pareja,ultimos_12_meses,mujeres de 15 años o más actualmente casadas o unidas,Ciudad de México,2021,5.94,porcentaje,2021-01-01
data5.csv,ENDIREH_FS_PAREJA_12M,Proporción de las mujeres de 15 años o más actualmente casadas o unidas que declararon haber experimentado al menos un incidente de violencia física y/o sexual por parte de su esposo o pareja en los últimos 12 meses,prevalencia,pareja,esposo_o_pareja,ultimos_12_meses,mujeres de 15 años o más actualmente casadas o unidas,Durango,2021,6.97,porcentaje,2021-01-01
data5.csv,ENDIREH_FS_PAREJA_12M,Proporción de las mujeres de 15 años o más actualmente casadas o unidas que declararon haber experimentado al menos un incidente de violencia física y/o sexual por parte de su esposo o pareja en los últimos 12 meses,prevalencia,pareja,esposo_o_pareja,ultimos_12_meses,mujeres de 15 años o más actualmente casadas o unidas,Guanajuato,2021,8.41,porcentaje,2021-01-01
data5.csv,ENDIREH_FS_PAREJA_12M,Proporción de las mujeres de 15 años o más actualmente casadas o unidas que declararon haber experimentado al menos un incidente de violencia física y/o sexual por parte de su esposo o pareja en los últimos 12 meses,prevalencia,pareja,esposo_o_pareja,ultimos_12_meses,mujeres de 15 años o más actualmente casadas o unidas,Guerrero,2021,11.05,porcentaje,2021-01-01
data5.csv,ENDIREH_FS_PAREJA_12M,Proporción de las mujeres de 15 años o más actualmente casadas o unidas que declararon haber experimentado al menos un incidente de violencia física y/o sexual por parte de su esposo o pareja en los últimos 12 meses,prevalencia,pareja,esposo_o_pareja,ultimos_12_meses,mujeres de 15 años o más actualmente casadas o unidas,Hidalgo,2021,7.49,porcentaje,2021-01-01
data5.csv,ENDIREH_FS_PAREJA_12M,Proporción de las mujeres de 15 años o más actualmente casadas o unidas que declararon haber experimentado al menos un incidente de violencia física y/o sexual por parte de su esposo o pareja en los últimos 12 meses,prevalencia,pareja,esposo_o_pareja,ultimos_12_meses,mujeres de 15 años o más actualmente casadas o unidas,Jalisco,2021,7.84,porcentaje,2021-01-01
data5.csv,ENDIREH_FS_PAREJA_12M,Proporción de las mujeres de 15 años o más actualmente casadas o unidas que declararon haber experimentado al menos un incidente de violencia física y/o sexual por parte de su esposo o pareja en los últimos 12 meses,prevalencia,pareja,esposo_o_pareja,ultimos_12_meses,mujeres de 15 años o más actualmente casadas o unidas,Estado de México,2021,8.23,porcentaje,2021-01-01
data5.csv,ENDIREH_FS_PAREJA_12M,Proporción de las mujeres de 15 años o más actualmente casadas o unidas que declararon haber experimentado al menos un incidente de violencia física y/o sexual por parte de su esposo o pareja en los últimos 12 meses,prevalencia,pareja,esposo_o_pareja,ultimos_12_meses,mujeres de 15 años o más actualmente casadas o unidas,Michoacán de Ocampo,2021,8.07,porcentaje,2021-01-01
data5.csv,ENDIREH_FS_PAREJA_12M,Proporción de las mujeres de 15 años o más actualmente casadas o unidas que declararon haber experimentado al menos un incidente de violencia física y/o sexual por parte de su esposo o pareja en los últimos 12 meses,prevalencia,pareja,esposo_o_pareja,ultimos_12_meses,mujeres de 15 años o más actualmente casadas o unidas,Morelos,2021,8.92,porcentaje,2021-01-01
data5.csv,ENDIREH_FS_PAREJA_12M,Proporción de las mujeres de 15 años o más actualmente casadas o unidas que declararon haber experimentado al menos un incidente de violencia física y/o sexual por parte de su esposo o pareja en los últimos 12 meses,prevalencia,pareja,esposo_o_pareja,ultimos_12_meses,mujeres de 15 años o más actualmente casadas o unidas,Nayarit,2021,8.08,porcentaje,2021-01-01
data5.csv,ENDIREH_FS_PAREJA_12M,Proporción de las mujeres de 15 años o más actualmente casadas o unidas que declararon haber experimentado al menos un incidente de violencia física y/o sexual por parte de su esposo o pareja en los últimos 12 meses,prevalencia,pareja,esposo_o_pareja,ultimos_12_meses,mujeres de 15 años o más actualmente casadas o unidas,Nuevo León,2021,5.46,porcentaje,2021-01-01
data5.csv,ENDIREH_FS_PAREJA_12M,Proporción de las mujeres de 15 años o más actualmente casadas o unidas que declararon haber experimentado al menos un incidente de violencia física y/o sexual por parte de su esposo o pareja en los últimos 12 meses,prevalencia,pareja,esposo_o_pareja,ultimos_12_meses,mujeres de 15 años o más actualmente casadas o unidas,Oaxaca,2021,9.31,porcentaje,2021-01-01
data5.csv,ENDIREH_FS_PAREJA_12M,Proporción de las mujeres de 15 años o más actualmente casadas o unidas que declararon haber experimentado al menos un incidente de violencia física y/o sexual por parte de su esposo o pareja en los últimos 12 meses,prevalencia,pareja,esposo_o_pareja,ultimos_12_meses,mujeres de 15 años o más actualmente casadas o unidas,Puebla,2021,9.13,porcentaje,2021-01-01
data5.csv,ENDIREH_FS_PAREJA_12M,Proporción de las mujeres de 15 años o más actualmente casadas o unidas que declararon haber experimentado al menos un incidente de violencia física y/o sexual por parte de su esposo o pareja en los últimos 12 meses,prevalencia,pareja,esposo_o_pareja,ultimos_12_meses,mujeres de 15 años o más actualmente casadas o unidas,Querétaro,2021,10.47,porcentaje,2021-01-01
data5.csv,ENDIREH_FS_PAREJA_12M,Proporción de las mujeres de 15 años o más actualmente casadas o unidas que declararon haber experimentado al menos un incidente de violencia física y/o sexual por parte de su esposo o pareja en los últimos 12 meses,prevalencia,pareja,esposo_o_pareja,ultimos_12_meses,mujeres de 15 años o más actualmente casadas o unidas,Quintana Roo,2021,6.41,porcentaje,2021-01-01
data5.csv,ENDIREH_FS_PAREJA_12M,Proporción de las mujeres de 15 años o más actualmente casadas o unidas que declararon haber experimentado al menos un incidente de violencia física y/o sexual por parte de su esposo o pareja en los últimos 12 meses,prevalencia,pareja,esposo_o_pareja,ultimos_12_meses,mujeres de 15 años o más actualmente casadas o unidas,San Luis Potosí,2021,8.4,porcentaje,2021-01-01
data5.csv,ENDIREH_FS_PAREJA_12M,Proporción de las mujeres de 15 años o más actualmente casadas o unidas que declararon haber experimentado al menos un incidente de violencia física y/o sexual por parte de su esposo o pareja en los últimos 12 meses,prevalencia,pareja,esposo_o_pareja,ultimos_12_meses,mujeres de 15 años o más actualmente casadas o unidas,Sinaloa,2021,4.89,porcentaje,2021-01-01
data5.csv,ENDIREH_FS_PAREJA_12M,Proporción de las mujeres de 15 años o más actualmente casadas o unidas que declararon haber experimentado al menos un incidente de violencia física y/o sexual por parte de su esposo o pareja en los últimos 12 meses,prevalencia,pareja,esposo_o_pareja,ultimos_12_meses,mujeres de 15 años o más actualmente casadas o unidas,Sonora,2021,7.02,porcentaje,2021-01-01
data5.csv,ENDIREH_FS_PAREJA_12M,Proporción de las mujeres de 15 años o más actualmente casadas o unidas que declararon haber experimentado al menos un incidente de violencia física y/o sexual por parte de su esposo o pareja en los últimos 12 meses,prevalencia,pareja,esposo_o_pareja,ultimos_12_meses,mujeres de 15 años o más actualmente casadas o unidas,Tabasco,2021,8.59,porcentaje,2021-01-01
data5.csv,ENDIREH_FS_PAREJA_12M,Proporción de las mujeres de 15 años o más actualmente casadas o unidas que declararon haber experimentado al menos un incidente de violencia física y/o sexual por parte de su esposo o pareja en los últimos 12 meses,prevalencia,pareja,esposo_o_pareja,ultimos_12_meses,mujeres de 15 años o más actualmente casadas o unidas,Tamaulipas,2021,5.85,porcentaje,2021-01-01
data5.csv,ENDIREH_FS_PAREJA_12M,Proporción de las mujeres de 15 años o más actualmente casadas o unidas que declararon haber experimentado al menos un incidente de violencia física y/o sexual por parte de su esposo o pareja en los últimos 12 meses,prevalencia,pareja,esposo_o_pareja,ultimos_12_meses,mujeres de 15 años o más actualmente casadas o unidas,Tlaxcala,2021,8.81,porcentaje,2021-01-01
data5.csv,ENDIREH_FS_PAREJA_12M,Proporción de las mujeres de 15 años o más actualmente casadas o unidas que declararon haber experimentado al menos un incidente de violencia física y/o sexual por parte de su esposo o pareja en los últimos 12 meses,prevalencia,pareja,esposo_o_pareja,ultimos_12_meses,mujeres de 15 años o más actualmente casadas o unidas,Veracruz,2021,8.63,porcentaje,2021-01-01
data5.csv,ENDIREH_FS_PAREJA_12M,Proporción de las mujeres de 15 años o más actualmente casadas o unidas que declararon haber experimentado al menos un incidente de violencia física y/o sexual por parte de su esposo o pareja en los últimos 12 meses,prevalencia,pareja,esposo_o_pareja,ultimos_12_meses,mujeres de 15 años o más actualmente casadas o unidas,Yucatán,2021,7.07,porcentaje,2021-01-01
data5.csv,ENDIREH_FS_PAREJA_12M,Proporción de las mujeres de 15 años o más actualmente casadas o unidas que declararon haber experimentado al menos un incidente de violencia física y/o sexual por parte de su esposo o pareja en los últimos 12 meses,prevalencia,pareja,esposo_o_pareja,ultimos_12_meses,mujeres de 15 años o más actualmente casadas o unidas,Zacatecas,2021,6.06,porcentaje,2021-01-01
data6.csv,ENDIREH_CUALQUIER_TIPO_CUALQUIER_AGRESOR,"Proporción de mujeres de 15 años y más que han sufrido al menos un incidente de violencia de cualquier tipo física, sexual, emocional, económica o patrimonial, por cualquier agresor",prevalencia_general,general,cualquier_agresor,alguna_vez,mujeres de 15 años y más,Aguascalientes,2006,70.47,porcentaje,2006-01-01
data6.csv,ENDIREH_CUALQUIER_TIPO_CUALQUIER_AGRESOR,"Proporción de mujeres de 15 años y más que han sufrido al menos un incidente de violencia de cualquier tipo física, sexual, emocional, económica o patrimonial, por cualquier agresor",prevalencia_general,general,cualquier_agresor,alguna_vez,mujeres de 15 años y más,Baja California,2006,61.76,porcentaje,2006-01-01
data6.csv,ENDIREH_CUALQUIER_TIPO_CUALQUIER_AGRESOR,"Proporción de mujeres de 15 años y más que han sufrido al menos un incidente de violencia de cualquier tipo física, sexual, emocional, económica o patrimonial, por cualquier agresor",prevalencia_general,general,cualquier_agresor,alguna_vez,mujeres de 15 años y más,Baja California Sur,2006,59.36,porcentaje,2006-01-01
data6.csv,ENDIREH_CUALQUIER_TIPO_CUALQUIER_AGRESOR,"Proporción de mujeres de 15 años y más que han sufrido al menos un incidente de violencia de cualquier tipo física, sexual, emocional, económica o patrimonial, por cualquier agresor",prevalencia_general,general,cualquier_agresor,alguna_vez,mujeres de 15 años y más,Campeche,2006,59.45,porcentaje,2006-01-01
data6.csv,ENDIREH_CUALQUIER_TIPO_CUALQUIER_AGRESOR,"Proporción de mujeres de 15 años y más que han sufrido al menos un incidente de violencia de cualquier tipo física, sexual, emocional, económica o patrimonial, por cualquier agresor",prevalencia_general,general,cualquier_agresor,alguna_vez,mujeres de 15 años y más,Coahuila,2006,59.21,porcentaje,2006-01-01
data6.csv,ENDIREH_CUALQUIER_TIPO_CUALQUIER_AGRESOR,"Proporción de mujeres de 15 años y más que han sufrido al menos un incidente de violencia de cualquier tipo física, sexual, emocional, económica o patrimonial, por cualquier agresor",prevalencia_general,general,cualquier_agresor,alguna_vez,mujeres de 15 años y más,Colima,2006,74.09,porcentaje,2006-01-01
data6.csv,ENDIREH_CUALQUIER_TIPO_CUALQUIER_AGRESOR,"Proporción de mujeres de 15 años y más que han sufrido al menos un incidente de violencia de cualquier tipo física, sexual, emocional, económica o patrimonial, por cualquier agresor",prevalencia_general,general,cualquier_agresor,alguna_vez,mujeres de 15 años y más,Chiapas,2006,48.55,porcentaje,2006-01-01
data6.csv,ENDIREH_CUALQUIER_TIPO_CUALQUIER_AGRESOR,"Proporción de mujeres de 15 años y más que han sufrido al menos un incidente de violencia de cualquier tipo física, sexual, emocional, económica o patrimonial, por cualquier agresor",prevalencia_general,general,cualquier_agresor,alguna_vez,mujeres de 15 años y más,Chihuahua,2006,68.4,porcentaje,2006-01-01
data6.csv,ENDIREH_CUALQUIER_TIPO_CUALQUIER_AGRESOR,"Proporción de mujeres de 15 años y más que han sufrido al menos un incidente de violencia de cualquier tipo física, sexual, emocional, económica o patrimonial, por cualquier agresor",prevalencia_general,general,cualquier_agresor,alguna_vez,mujeres de 15 años y más,Ciudad de México,2006,76.78,porcentaje,2006-01-01
data6.csv,ENDIREH_CUALQUIER_TIPO_CUALQUIER_AGRESOR,"Proporción de mujeres de 15 años y más que han sufrido al menos un incidente de violencia de cualquier tipo física, sexual, emocional, económica o patrimonial, por cualquier agresor",prevalencia_general,general,cualquier_agresor,alguna_vez,mujeres de 15 años y más,Durango,2006,69.99,porcentaje,2006-01-01
data6.csv,ENDIREH_CUALQUIER_TIPO_CUALQUIER_AGRESOR,"Proporción de mujeres de 15 años y más que han sufrido al menos un incidente de violencia de cualquier tipo física, sexual, emocional, económica o patrimonial, por cualquier agresor",prevalencia_general,general,cualquier_agresor,alguna_vez,mujeres de 15 años y más,Guanajuato,2006,58.79,porcentaje,2006-01-01
data6.csv,ENDIREH_CUALQUIER_TIPO_CUALQUIER_AGRESOR,"Proporción de mujeres de 15 años y más que han sufrido al menos un incidente de violencia de cualquier tipo física, sexual, emocional, económica o patrimonial, por cualquier agresor",prevalencia_general,general,cualquier_agresor,alguna_vez,mujeres de 15 años y más,Guerrero,2006,61.55,porcentaje,2006-01-01
data6.csv,ENDIREH_CUALQUIER_TIPO_CUALQUIER_AGRESOR,"Proporción de mujeres de 15 años y más que han sufrido al menos un incidente de violencia de cualquier tipo física, sexual, emocional, económica o patrimonial, por cualquier agresor",prevalencia_general,general,cualquier_agresor,alguna_vez,mujeres de 15 años y más,Hidalgo,2006,58.26,porcentaje,2006-01-01
data6.csv,ENDIREH_CUALQUIER_TIPO_CUALQUIER_AGRESOR,"Proporción de mujeres de 15 años y más que han sufrido al menos un incidente de violencia de cualquier tipo física, sexual, emocional, económica o patrimonial, por cualquier agresor",prevalencia_general,general,cualquier_agresor,alguna_vez,mujeres de 15 años y más,Jalisco,2006,78.29,porcentaje,2006-01-01
data6.csv,ENDIREH_CUALQUIER_TIPO_CUALQUIER_AGRESOR,"Proporción de mujeres de 15 años y más que han sufrido al menos un incidente de violencia de cualquier tipo física, sexual, emocional, económica o patrimonial, por cualquier agresor",prevalencia_general,general,cualquier_agresor,alguna_vez,mujeres de 15 años y más,Estado de México,2006,78.04,porcentaje,2006-01-01
data6.csv,ENDIREH_CUALQUIER_TIPO_CUALQUIER_AGRESOR,"Proporción de mujeres de 15 años y más que han sufrido al menos un incidente de violencia de cualquier tipo física, sexual, emocional, económica o patrimonial, por cualquier agresor",prevalencia_general,general,cualquier_agresor,alguna_vez,mujeres de 15 años y más,Michoacán de Ocampo,2006,63.34,porcentaje,2006-01-01
data6.csv,ENDIREH_CUALQUIER_TIPO_CUALQUIER_AGRESOR,"Proporción de mujeres de 15 años y más que han sufrido al menos un incidente de violencia de cualquier tipo física, sexual, emocional, económica o patrimonial, por cualquier agresor",prevalencia_general,general,cualquier_agresor,alguna_vez,mujeres de 15 años y más,Morelos,2006,69.27,porcentaje,2006-01-01
data6.csv,ENDIREH_CUALQUIER_TIPO_CUALQUIER_AGRESOR,"Proporción de mujeres de 15 años y más que han sufrido al menos un incidente de violencia de cualquier tipo física, sexual, emocional, económica o patrimonial, por cualquier agresor",prevalencia_general,general,cualquier_agresor,alguna_vez,mujeres de 15 años y más,Nayarit,2006,63.73,porcentaje,2006-01-01
data6.csv,ENDIREH_CUALQUIER_TIPO_CUALQUIER_AGRESOR,"Proporción de mujeres de 15 años y más que han sufrido al menos un incidente de violencia de cualquier tipo física, sexual, emocional, económica o patrimonial, por cualquier agresor",prevalencia_general,general,cualquier_agresor,alguna_vez,mujeres de 15 años y más,Nuevo León,2006,63.42,porcentaje,2006-01-01
data6.csv,ENDIREH_CUALQUIER_TIPO_CUALQUIER_AGRESOR,"Proporción de mujeres de 15 años y más que han sufrido al menos un incidente de violencia de cualquier tipo física, sexual, emocional, económica o patrimonial, por cualquier agresor",prevalencia_general,general,cualquier_agresor,alguna_vez,mujeres de 15 años y más,Oaxaca,2006,61.18,porcentaje,2006-01-01
data6.csv,ENDIREH_CUALQUIER_TIPO_CUALQUIER_AGRESOR,"Proporción de mujeres de 15 años y más que han sufrido al menos un incidente de violencia de cualquier tipo física, sexual, emocional, económica o patrimonial, por cualquier agresor",prevalencia_general,general,cualquier_agresor,alguna_vez,mujeres de 15 años y más,Puebla,2006,69.85,porcentaje,2006-01-01
data6.csv,ENDIREH_CUALQUIER_TIPO_CUALQUIER_AGRESOR,"Proporción de mujeres de 15 años y más que han sufrido al menos un incidente de violencia de cualquier tipo física, sexual, emocional, económica o patrimonial, por cualquier agresor",prevalencia_general,general,cualquier_agresor,alguna_vez,mujeres de 15 años y más,Querétaro,2006,66.04,porcentaje,2006-01-01
data6.csv,ENDIREH_CUALQUIER_TIPO_CUALQUIER_AGRESOR,"Proporción de mujeres de 15 años y más que han sufrido al menos un incidente de violencia de cualquier tipo física, sexual, emocional, económica o patrimonial, por cualquier agresor",prevalencia_general,general,cualquier_agresor,alguna_vez,mujeres de 15 años y más,Quintana Roo,2006,66.59,porcentaje,2006-01-01
data6.csv,ENDIREH_CUALQUIER_TIPO_CUALQUIER_AGRESOR,"Proporción de mujeres de 15 años y más que han sufrido al menos un incidente de violencia de cualquier tipo física, sexual, emocional, económica o patrimonial, por cualquier agresor",prevalencia_general,general,cualquier_agresor,alguna_vez,mujeres de 15 años y más,San Luis Potosí,2006,60.61,porcentaje,2006-01-01
data6.csv,ENDIREH_CUALQUIER_TIPO_CUALQUIER_AGRESOR,"Proporción de mujeres de 15 años y más que han sufrido al menos un incidente de violencia de cualquier tipo física, sexual, emocional, económica o patrimonial, por cualquier agresor",prevalencia_general,general,cualquier_agresor,alguna_vez,mujeres de 15 años y más,Sinaloa,2006,61.81,porcentaje,2006-01-01
data6.csv,ENDIREH_CUALQUIER_TIPO_CUALQUIER_AGRESOR,"Proporción de mujeres de 15 años y más que han sufrido al menos un incidente de violencia de cualquier tipo física, sexual, emocional, económica o patrimonial, por cualquier agresor",prevalencia_general,general,cualquier_agresor,alguna_vez,mujeres de 15 años y más,Sonora,2006,68.79,porcentaje,2006-01-01
data6.csv,ENDIREH_CUALQUIER_TIPO_CUALQUIER_AGRESOR,"Proporción de mujeres de 15 años y más que han sufrido al menos un incidente de violencia de cualquier tipo física, sexual, emocional, económica o patrimonial, por cualquier agresor",prevalencia_general,general,cualquier_agresor,alguna_vez,mujeres de 15 años y más,Tabasco,2006,66.22,porcentaje,2006-01-01
data6.csv,ENDIREH_CUALQUIER_TIPO_CUALQUIER_AGRESOR,"Proporción de mujeres de 15 años y más que han sufrido al menos un incidente de violencia de cualquier tipo física, sexual, emocional, económica o patrimonial, por cualquier agresor",prevalencia_general,general,cualquier_agresor,alguna_vez,mujeres de 15 años y más,Tamaulipas,2006,62.95,porcentaje,2006-01-01
data6.csv,ENDIREH_CUALQUIER_TIPO_CUALQUIER_AGRESOR,"Proporción de mujeres de 15 años y más que han sufrido al menos un incidente de violencia de cualquier tipo física, sexual, emocional, económica o patrimonial, por cualquier agresor",prevalencia_general,general,cualquier_agresor,alguna_vez,mujeres de 15 años y más,Tlaxcala,2006,59.29,porcentaje,2006-01-01
data6.csv,ENDIREH_CUALQUIER_TIPO_CUALQUIER_AGRESOR,"Proporción de mujeres de 15 años y más que han sufrido al menos un incidente de violencia de cualquier tipo física, sexual, emocional, económica o patrimonial, por cualquier agresor",prevalencia_general,general,cualquier_agresor,alguna_vez,mujeres de 15 años y más,Veracruz,2006,61.89,porcentaje,2006-01-01
data6.csv,ENDIREH_CUALQUIER_TIPO_CUALQUIER_AGRESOR,"Proporción de mujeres de 15 años y más que han sufrido al menos un incidente de violencia de cualquier tipo física, sexual, emocional, económica o patrimonial, por cualquier agresor",prevalencia_general,general,cualquier_agresor,alguna_vez,mujeres de 15 años y más,Yucatán,2006,60.04,porcentaje,2006-01-01
data6.csv,ENDIREH_CUALQUIER_TIPO_CUALQUIER_AGRESOR,"Proporción de mujeres de 15 años y más que han sufrido al menos un incidente de violencia de cualquier tipo física, sexual, emocional, económica o patrimonial, por cualquier agresor",prevalencia_general,general,cualquier_agresor,alguna_vez,mujeres de 15 años y más,Zacatecas,2006,57.38,porcentaje,2006-01-01
data6.csv,ENDIREH_CUALQUIER_TIPO_CUALQUIER_AGRESOR,"Proporción de mujeres de 15 años y más que han sufrido al menos un incidente de violencia de cualquier tipo física, sexual, emocional, económica o patrimonial, por cualquier agresor",prevalencia_general,general,cualquier_agresor,alguna_vez,mujeres de 15 años y más,Aguascalientes,2011,63.12,porcentaje,2011-01-01
data6.csv,ENDIREH_CUALQUIER_TIPO_CUALQUIER_AGRESOR,"Proporción de mujeres de 15 años y más que han sufrido al menos un incidente de violencia de cualquier tipo física, sexual, emocional, económica o patrimonial, por cualquier agresor",prevalencia_general,general,cualquier_agresor,alguna_vez,mujeres de 15 años y más,Baja California,2011,66.22,porcentaje,2011-01-01
data6.csv,ENDIREH_CUALQUIER_TIPO_CUALQUIER_AGRESOR,"Proporción de mujeres de 15 años y más que han sufrido al menos un incidente de violencia de cualquier tipo física, sexual, emocional, económica o patrimonial, por cualquier agresor",prevalencia_general,general,cualquier_agresor,alguna_vez,mujeres de 15 años y más,Baja California Sur,2011,55.92,porcentaje,2011-01-01
data6.csv,ENDIREH_CUALQUIER_TIPO_CUALQUIER_AGRESOR,"Proporción de mujeres de 15 años y más que han sufrido al menos un incidente de violencia de cualquier tipo física, sexual, emocional, económica o patrimonial, por cualquier agresor",prevalencia_general,general,cualquier_agresor,alguna_vez,mujeres de 15 años y más,Campeche,2011,59.06,porcentaje,2011-01-01
data6.csv,ENDIREH_CUALQUIER_TIPO_CUALQUIER_AGRESOR,"Proporción de mujeres de 15 años y más que han sufrido al menos un incidente de violencia de cualquier tipo física, sexual, emocional, económica o patrimonial, por cualquier agresor",prevalencia_general,general,cualquier_agresor,alguna_vez,mujeres de 15 años y más,Coahuila,2011,58.6,porcentaje,2011-01-01
data6.csv,ENDIREH_CUALQUIER_TIPO_CUALQUIER_AGRESOR,"Proporción de mujeres de 15 años y más que han sufrido al menos un incidente de violencia de cualquier tipo física, sexual, emocional, económica o patrimonial, por cualquier agresor",prevalencia_general,general,cualquier_agresor,alguna_vez,mujeres de 15 años y más,Colima,2011,64.82,porcentaje,2011-01-01
data6.csv,ENDIREH_CUALQUIER_TIPO_CUALQUIER_AGRESOR,"Proporción de mujeres de 15 años y más que han sufrido al menos un incidente de violencia de cualquier tipo física, sexual, emocional, económica o patrimonial, por cualquier agresor",prevalencia_general,general,cualquier_agresor,alguna_vez,mujeres de 15 años y más,Chiapas,2011,43.53,porcentaje,2011-01-01
data6.csv,ENDIREH_CUALQUIER_TIPO_CUALQUIER_AGRESOR,"Proporción de mujeres de 15 años y más que han sufrido al menos un incidente de violencia de cualquier tipo física, sexual, emocional, económica o patrimonial, por cualquier agresor",prevalencia_general,general,cualquier_agresor,alguna_vez,mujeres de 15 años y más,Chihuahua,2011,68.76,porcentaje,2011-01-01
data6.csv,ENDIREH_CUALQUIER_TIPO_CUALQUIER_AGRESOR,"Proporción de mujeres de 15 años y más que han sufrido al menos un incidente de violencia de cualquier tipo física, sexual, emocional, económica o patrimonial, por cualquier agresor",prevalencia_general,general,cualquier_agresor,alguna_vez,mujeres de 15 años y más,Ciudad de México,2011,72.15,porcentaje,2011-01-01
data6.csv,ENDIREH_CUALQUIER_TIPO_CUALQUIER_AGRESOR,"Proporción de mujeres de 15 años y más que han sufrido al menos un incidente de violencia de cualquier tipo física, sexual, emocional, económica o patrimonial, por cualquier agresor",prevalencia_general,general,cualquier_agresor,alguna_vez,mujeres de 15 años y más,Durango,2011,55.78,porcentaje,2011-01-01
data6.csv,ENDIREH_CUALQUIER_TIPO_CUALQUIER_AGRESOR,"Proporción de mujeres de 15 años y más que han sufrido al menos un incidente de violencia de cualquier tipo física, sexual, emocional, económica o patrimonial, por cualquier agresor",prevalencia_general,general,cualquier_agresor,alguna_vez,mujeres de 15 años y más,Guanajuato,2011,56.24,porcentaje,2011-01-01
data6.csv,ENDIREH_CUALQUIER_TIPO_CUALQUIER_AGRESOR,"Proporción de mujeres de 15 años y más que han sufrido al menos un incidente de violencia de cualquier tipo física, sexual, emocional, económica o patrimonial, por cualquier agresor",prevalencia_general,general,cualquier_agresor,alguna_vez,mujeres de 15 años y más,Guerrero,2011,54.05,porcentaje,2011-01-01
data6.csv,ENDIREH_CUALQUIER_TIPO_CUALQUIER_AGRESOR,"Proporción de mujeres de 15 años y más que han sufrido al menos un incidente de violencia de cualquier tipo física, sexual, emocional, económica o patrimonial, por cualquier agresor",prevalencia_general,general,cualquier_agresor,alguna_vez,mujeres de 15 años y más,Hidalgo,2011,54.78,porcentaje,2011-01-01
data6.csv,ENDIREH_CUALQUIER_TIPO_CUALQUIER_AGRESOR,"Proporción de mujeres de 15 años y más que han sufrido al menos un incidente de violencia de cualquier tipo física, sexual, emocional, económica o patrimonial, por cualquier agresor",prevalencia_general,general,cualquier_agresor,alguna_vez,mujeres de 15 años y más,Jalisco,2011,64.49,porcentaje,2011-01-01
data6.csv,ENDIREH_CUALQUIER_TIPO_CUALQUIER_AGRESOR,"Proporción de mujeres de 15 años y más que han sufrido al menos un incidente de violencia de cualquier tipo física, sexual, emocional, económica o patrimonial, por cualquier agresor",prevalencia_general,general,cualquier_agresor,alguna_vez,mujeres de 15 años y más,Estado de México,2011,73.42,porcentaje,2011-01-01
data6.csv,ENDIREH_CUALQUIER_TIPO_CUALQUIER_AGRESOR,"Proporción de mujeres de 15 años y más que han sufrido al menos un incidente de violencia de cualquier tipo física, sexual, emocional, económica o patrimonial, por cualquier agresor",prevalencia_general,general,cualquier_agresor,alguna_vez,mujeres de 15 años y más,Michoacán de Ocampo,2011,59.64,porcentaje,2011-01-01
data6.csv,ENDIREH_CUALQUIER_TIPO_CUALQUIER_AGRESOR,"Proporción de mujeres de 15 años y más que han sufrido al menos un incidente de violencia de cualquier tipo física, sexual, emocional, económica o patrimonial, por cualquier agresor",prevalencia_general,general,cualquier_agresor,alguna_vez,mujeres de 15 años y más,Morelos,2011,63.61,porcentaje,2011-01-01
data6.csv,ENDIREH_CUALQUIER_TIPO_CUALQUIER_AGRESOR,"Proporción de mujeres de 15 años y más que han sufrido al menos un incidente de violencia de cualquier tipo física, sexual, emocional, económica o patrimonial, por cualquier agresor",prevalencia_general,general,cualquier_agresor,alguna_vez,mujeres de 15 años y más,Nayarit,2011,67.36,porcentaje,2011-01-01
data6.csv,ENDIREH_CUALQUIER_TIPO_CUALQUIER_AGRESOR,"Proporción de mujeres de 15 años y más que han sufrido al menos un incidente de violencia de cualquier tipo física, sexual, emocional, económica o patrimonial, por cualquier agresor",prevalencia_general,general,cualquier_agresor,alguna_vez,mujeres de 15 años y más,Nuevo León,2011,62.39,porcentaje,2011-01-01
data6.csv,ENDIREH_CUALQUIER_TIPO_CUALQUIER_AGRESOR,"Proporción de mujeres de 15 años y más que han sufrido al menos un incidente de violencia de cualquier tipo física, sexual, emocional, económica o patrimonial, por cualquier agresor",prevalencia_general,general,cualquier_agresor,alguna_vez,mujeres de 15 años y más,Oaxaca,2011,55.65,porcentaje,2011-01-01
data6.csv,ENDIREH_CUALQUIER_TIPO_CUALQUIER_AGRESOR,"Proporción de mujeres de 15 años y más que han sufrido al menos un incidente de violencia de cualquier tipo física, sexual, emocional, económica o patrimonial, por cualquier agresor",prevalencia_general,general,cualquier_agresor,alguna_vez,mujeres de 15 años y más,Puebla,2011,62.83,porcentaje,2011-01-01
data6.csv,ENDIREH_CUALQUIER_TIPO_CUALQUIER_AGRESOR,"Proporción de mujeres de 15 años y más que han sufrido al menos un incidente de violencia de cualquier tipo física, sexual, emocional, económica o patrimonial, por cualquier agresor",prevalencia_general,general,cualquier_agresor,alguna_vez,mujeres de 15 años y más,Querétaro,2011,60.43,porcentaje,2011-01-01
data6.csv,ENDIREH_CUALQUIER_TIPO_CUALQUIER_AGRESOR,"Proporción de mujeres de 15 años y más que han sufrido al menos un incidente de violencia de cualquier tipo física, sexual, emocional, económica o patrimonial, por cualquier agresor",prevalencia_general,general,cualquier_agresor,alguna_vez,mujeres de 15 años y más,Quintana Roo,2011,63.56,porcentaje,2011-01-01
data6.csv,ENDIREH_CUALQUIER_TIPO_CUALQUIER_AGRESOR,"Proporción de mujeres de 15 años y más que han sufrido al menos un incidente de violencia de cualquier tipo física, sexual, emocional, económica o patrimonial, por cualquier agresor",prevalencia_general,general,cualquier_agresor,alguna_vez,mujeres de 15 años y más,San Luis Potosí,2011,59.57,porcentaje,2011-01-01
data6.csv,ENDIREH_CUALQUIER_TIPO_CUALQUIER_AGRESOR,"Proporción de mujeres de 15 años y más que han sufrido al menos un incidente de violencia de cualquier tipo física, sexual, emocional, económica o patrimonial, por cualquier agresor",prevalencia_general,general,cualquier_agresor,alguna_vez,mujeres de 15 años y más,Sinaloa,2011,56.52,porcentaje,2011-01-01
data6.csv,ENDIREH_CUALQUIER_TIPO_CUALQUIER_AGRESOR,"Proporción de mujeres de 15 años y más que han sufrido al menos un incidente de violencia de cualquier tipo física, sexual, emocional, económica o patrimonial, por cualquier agresor",prevalencia_general,general,cualquier_agresor,alguna_vez,mujeres de 15 años y más,Sonora,2011,68.1,porcentaje,2011-01-01
data6.csv,ENDIREH_CUALQUIER_TIPO_CUALQUIER_AGRESOR,"Proporción de mujeres de 15 años y más que han sufrido al menos un incidente de violencia de cualquier tipo física, sexual, emocional, económica o patrimonial, por cualquier agresor",prevalencia_general,general,cualquier_agresor,alguna_vez,mujeres de 15 años y más,Tabasco,2011,55.66,porcentaje,2011-01-01
data6.csv,ENDIREH_CUALQUIER_TIPO_CUALQUIER_AGRESOR,"Proporción de mujeres de 15 años y más que han sufrido al menos un incidente de violencia de cualquier tipo física, sexual, emocional, económica o patrimonial, por cualquier agresor",prevalencia_general,general,cualquier_agresor,alguna_vez,mujeres de 15 años y más,Tamaulipas,2011,56.95,porcentaje,2011-01-01
data6.csv,ENDIREH_CUALQUIER_TIPO_CUALQUIER_AGRESOR,"Proporción de mujeres de 15 años y más que han sufrido al menos un incidente de violencia de cualquier tipo física, sexual, emocional, económica o patrimonial, por cualquier agresor",prevalencia_general,general,cualquier_agresor,alguna_vez,mujeres de 15 años y más,Tlaxcala,2011,61.92,porcentaje,2011-01-01
data6.csv,ENDIREH_CUALQUIER_TIPO_CUALQUIER_AGRESOR,"Proporción de mujeres de 15 años y más que han sufrido al menos un incidente de violencia de cualquier tipo física, sexual, emocional, económica o patrimonial, por cualquier agresor",prevalencia_general,general,cualquier_agresor,alguna_vez,mujeres de 15 años y más,Veracruz,2011,62.01,porcentaje,2011-01-01
data6.csv,ENDIREH_CUALQUIER_TIPO_CUALQUIER_AGRESOR,"Proporción de mujeres de 15 años y más que han sufrido al menos un incidente de violencia de cualquier tipo física, sexual, emocional, económica o patrimonial, por cualquier agresor",prevalencia_general,general,cualquier_agresor,alguna_vez,mujeres de 15 años y más,Yucatán,2011,61.49,porcentaje,2011-01-01
data6.csv,ENDIREH_CUALQUIER_TIPO_CUALQUIER_AGRESOR,"Proporción de mujeres de 15 años y más que han sufrido al menos un incidente de violencia de cualquier tipo física, sexual, emocional, económica o patrimonial, por cualquier agresor",prevalencia_general,general,cualquier_agresor,alguna_vez,mujeres de 15 años y más,Zacatecas,2011,57.9,porcentaje,2011-01-01
data6.csv,ENDIREH_CUALQUIER_TIPO_CUALQUIER_AGRESOR,"Proporción de mujeres de 15 años y más que han sufrido al menos un incidente de violencia de cualquier tipo física, sexual, emocional, económica o patrimonial, por cualquier agresor",prevalencia_general,general,cualquier_agresor,alguna_vez,mujeres de 15 años y más,Aguascalientes,2016,73.28,porcentaje,2016-01-01
data6.csv,ENDIREH_CUALQUIER_TIPO_CUALQUIER_AGRESOR,"Proporción de mujeres de 15 años y más que han sufrido al menos un incidente de violencia de cualquier tipo física, sexual, emocional, económica o patrimonial, por cualquier agresor",prevalencia_general,general,cualquier_agresor,alguna_vez,mujeres de 15 años y más,Baja California,2016,66.18,porcentaje,2016-01-01
data6.csv,ENDIREH_CUALQUIER_TIPO_CUALQUIER_AGRESOR,"Proporción de mujeres de 15 años y más que han sufrido al menos un incidente de violencia de cualquier tipo física, sexual, emocional, económica o patrimonial, por cualquier agresor",prevalencia_general,general,cualquier_agresor,alguna_vez,mujeres de 15 años y más,Baja California Sur,2016,55.38,porcentaje,2016-01-01
data6.csv,ENDIREH_CUALQUIER_TIPO_CUALQUIER_AGRESOR,"Proporción de mujeres de 15 años y más que han sufrido al menos un incidente de violencia de cualquier tipo física, sexual, emocional, económica o patrimonial, por cualquier agresor",prevalencia_general,general,cualquier_agresor,alguna_vez,mujeres de 15 años y más,Campeche,2016,53.55,porcentaje,2016-01-01
data6.csv,ENDIREH_CUALQUIER_TIPO_CUALQUIER_AGRESOR,"Proporción de mujeres de 15 años y más que han sufrido al menos un incidente de violencia de cualquier tipo física, sexual, emocional, económica o patrimonial, por cualquier agresor",prevalencia_general,general,cualquier_agresor,alguna_vez,mujeres de 15 años y más,Coahuila,2016,66.32,porcentaje,2016-01-01
data6.csv,ENDIREH_CUALQUIER_TIPO_CUALQUIER_AGRESOR,"Proporción de mujeres de 15 años y más que han sufrido al menos un incidente de violencia de cualquier tipo física, sexual, emocional, económica o patrimonial, por cualquier agresor",prevalencia_general,general,cualquier_agresor,alguna_vez,mujeres de 15 años y más,Colima,2016,62.05,porcentaje,2016-01-01
data6.csv,ENDIREH_CUALQUIER_TIPO_CUALQUIER_AGRESOR,"Proporción de mujeres de 15 años y más que han sufrido al menos un incidente de violencia de cualquier tipo física, sexual, emocional, económica o patrimonial, por cualquier agresor",prevalencia_general,general,cualquier_agresor,alguna_vez,mujeres de 15 años y más,Chiapas,2016,52.4,porcentaje,2016-01-01
data6.csv,ENDIREH_CUALQUIER_TIPO_CUALQUIER_AGRESOR,"Proporción de mujeres de 15 años y más que han sufrido al menos un incidente de violencia de cualquier tipo física, sexual, emocional, económica o patrimonial, por cualquier agresor",prevalencia_general,general,cualquier_agresor,alguna_vez,mujeres de 15 años y más,Chihuahua,2016,68.82,porcentaje,2016-01-01
data6.csv,ENDIREH_CUALQUIER_TIPO_CUALQUIER_AGRESOR,"Proporción de mujeres de 15 años y más que han sufrido al menos un incidente de violencia de cualquier tipo física, sexual, emocional, económica o patrimonial, por cualquier agresor",prevalencia_general,general,cualquier_agresor,alguna_vez,mujeres de 15 años y más,Ciudad de México,2016,79.84,porcentaje,2016-01-01
data6.csv,ENDIREH_CUALQUIER_TIPO_CUALQUIER_AGRESOR,"Proporción de mujeres de 15 años y más que han sufrido al menos un incidente de violencia de cualquier tipo física, sexual, emocional, económica o patrimonial, por cualquier agresor",prevalencia_general,general,cualquier_agresor,alguna_vez,mujeres de 15 años y más,Durango,2016,66.62,porcentaje,2016-01-01
data6.csv,ENDIREH_CUALQUIER_TIPO_CUALQUIER_AGRESOR,"Proporción de mujeres de 15 años y más que han sufrido al menos un incidente de violencia de cualquier tipo física, sexual, emocional, económica o patrimonial, por cualquier agresor",prevalencia_general,general,cualquier_agresor,alguna_vez,mujeres de 15 años y más,Guanajuato,2016,63.22,porcentaje,2016-01-01
data6.csv,ENDIREH_CUALQUIER_TIPO_CUALQUIER_AGRESOR,"Proporción de mujeres de 15 años y más que han sufrido al menos un incidente de violencia de cualquier tipo física, sexual, emocional, económica o patrimonial, por cualquier agresor",prevalencia_general,general,cualquier_agresor,alguna_vez,mujeres de 15 años y más,Guerrero,2016,57.51,porcentaje,2016-01-01
data6.csv,ENDIREH_CUALQUIER_TIPO_CUALQUIER_AGRESOR,"Proporción de mujeres de 15 años y más que han sufrido al menos un incidente de violencia de cualquier tipo física, sexual, emocional, económica o patrimonial, por cualquier agresor",prevalencia_general,general,cualquier_agresor,alguna_vez,mujeres de 15 años y más,Hidalgo,2016,63.51,porcentaje,2016-01-01
data6.csv,ENDIREH_CUALQUIER_TIPO_CUALQUIER_AGRESOR,"Proporción de mujeres de 15 años y más que han sufrido al menos un incidente de violencia de cualquier tipo física, sexual, emocional, económica o patrimonial, por cualquier agresor",prevalencia_general,general,cualquier_agresor,alguna_vez,mujeres de 15 años y más,Jalisco,2016,74.13,porcentaje,2016-01-01
data6.csv,ENDIREH_CUALQUIER_TIPO_CUALQUIER_AGRESOR,"Proporción de mujeres de 15 años y más que han sufrido al menos un incidente de violencia de cualquier tipo física, sexual, emocional, económica o patrimonial, por cualquier agresor",prevalencia_general,general,cualquier_agresor,alguna_vez,mujeres de 15 años y más,Estado de México,2016,75.34,porcentaje,2016-01-01
data6.csv,ENDIREH_CUALQUIER_TIPO_CUALQUIER_AGRESOR,"Proporción de mujeres de 15 años y más que han sufrido al menos un incidente de violencia de cualquier tipo física, sexual, emocional, económica o patrimonial, por cualquier agresor",prevalencia_general,general,cualquier_agresor,alguna_vez,mujeres de 15 años y más,Michoacán de Ocampo,2016,65.46,porcentaje,2016-01-01
data6.csv,ENDIREH_CUALQUIER_TIPO_CUALQUIER_AGRESOR,"Proporción de mujeres de 15 años y más que han sufrido al menos un incidente de violencia de cualquier tipo física, sexual, emocional, económica o patrimonial, por cualquier agresor",prevalencia_general,general,cualquier_agresor,alguna_vez,mujeres de 15 años y más,Morelos,2016,64.9,porcentaje,2016-01-01
data6.csv,ENDIREH_CUALQUIER_TIPO_CUALQUIER_AGRESOR,"Proporción de mujeres de 15 años y más que han sufrido al menos un incidente de violencia de cualquier tipo física, sexual, emocional, económica o patrimonial, por cualquier agresor",prevalencia_general,general,cualquier_agresor,alguna_vez,mujeres de 15 años y más,Nayarit,2016,58.13,porcentaje,2016-01-01
data6.csv,ENDIREH_CUALQUIER_TIPO_CUALQUIER_AGRESOR,"Proporción de mujeres de 15 años y más que han sufrido al menos un incidente de violencia de cualquier tipo física, sexual, emocional, económica o patrimonial, por cualquier agresor",prevalencia_general,general,cualquier_agresor,alguna_vez,mujeres de 15 años y más,Nuevo León,2016,59.26,porcentaje,2016-01-01
data6.csv,ENDIREH_CUALQUIER_TIPO_CUALQUIER_AGRESOR,"Proporción de mujeres de 15 años y más que han sufrido al menos un incidente de violencia de cualquier tipo física, sexual, emocional, económica o patrimonial, por cualquier agresor",prevalencia_general,general,cualquier_agresor,alguna_vez,mujeres de 15 años y más,Oaxaca,2016,63.75,porcentaje,2016-01-01
data6.csv,ENDIREH_CUALQUIER_TIPO_CUALQUIER_AGRESOR,"Proporción de mujeres de 15 años y más que han sufrido al menos un incidente de violencia de cualquier tipo física, sexual, emocional, económica o patrimonial, por cualquier agresor",prevalencia_general,general,cualquier_agresor,alguna_vez,mujeres de 15 años y más,Puebla,2016,64.28,porcentaje,2016-01-01
data6.csv,ENDIREH_CUALQUIER_TIPO_CUALQUIER_AGRESOR,"Proporción de mujeres de 15 años y más que han sufrido al menos un incidente de violencia de cualquier tipo física, sexual, emocional, económica o patrimonial, por cualquier agresor",prevalencia_general,general,cualquier_agresor,alguna_vez,mujeres de 15 años y más,Querétaro,2016,71.15,porcentaje,2016-01-01
data6.csv,ENDIREH_CUALQUIER_TIPO_CUALQUIER_AGRESOR,"Proporción de mujeres de 15 años y más que han sufrido al menos un incidente de violencia de cualquier tipo física, sexual, emocional, económica o patrimonial, por cualquier agresor",prevalencia_general,general,cualquier_agresor,alguna_vez,mujeres de 15 años y más,Quintana Roo,2016,64.66,porcentaje,2016-01-01
data6.csv,ENDIREH_CUALQUIER_TIPO_CUALQUIER_AGRESOR,"Proporción de mujeres de 15 años y más que han sufrido al menos un incidente de violencia de cualquier tipo física, sexual, emocional, económica o patrimonial, por cualquier agresor",prevalencia_general,general,cualquier_agresor,alguna_vez,mujeres de 15 años y más,San Luis Potosí,2016,56.75,porcentaje,2016-01-01
data6.csv,ENDIREH_CUALQUIER_TIPO_CUALQUIER_AGRESOR,"Proporción de mujeres de 15 años y más que han sufrido al menos un incidente de violencia de cualquier tipo física, sexual, emocional, económica o patrimonial, por cualquier agresor",prevalencia_general,general,cualquier_agresor,alguna_vez,mujeres de 15 años y más,Sinaloa,2016,59.15,porcentaje,2016-01-01
data6.csv,ENDIREH_CUALQUIER_TIPO_CUALQUIER_AGRESOR,"Proporción de mujeres de 15 años y más que han sufrido al menos un incidente de violencia de cualquier tipo física, sexual, emocional, económica o patrimonial, por cualquier agresor",prevalencia_general,general,cualquier_agresor,alguna_vez,mujeres de 15 años y más,Sonora,2016,61.13,porcentaje,2016-01-01
data6.csv,ENDIREH_CUALQUIER_TIPO_CUALQUIER_AGRESOR,"Proporción de mujeres de 15 años y más que han sufrido al menos un incidente de violencia de cualquier tipo física, sexual, emocional, económica o patrimonial, por cualquier agresor",prevalencia_general,general,cualquier_agresor,alguna_vez,mujeres de 15 años y más,Tabasco,2016,55.76,porcentaje,2016-01-01
data6.csv,ENDIREH_CUALQUIER_TIPO_CUALQUIER_AGRESOR,"Proporción de mujeres de 15 años y más que han sufrido al menos un incidente de violencia de cualquier tipo física, sexual, emocional, económica o patrimonial, por cualquier agresor",prevalencia_general,general,cualquier_agresor,alguna_vez,mujeres de 15 años y más,Tamaulipas,2016,57.79,porcentaje,2016-01-01
data6.csv,ENDIREH_CUALQUIER_TIPO_CUALQUIER_AGRESOR,"Proporción de mujeres de 15 años y más que han sufrido al menos un incidente de violencia de cualquier tipo física, sexual, emocional, económica o patrimonial, por cualquier agresor",prevalencia_general,general,cualquier_agresor,alguna_vez,mujeres de 15 años y más,Tlaxcala,2016,61.22,porcentaje,2016-01-01
data6.csv,ENDIREH_CUALQUIER_TIPO_CUALQUIER_AGRESOR,"Proporción de mujeres de 15 años y más que han sufrido al menos un incidente de violencia de cualquier tipo física, sexual, emocional, económica o patrimonial, por cualquier agresor",prevalencia_general,general,cualquier_agresor,alguna_vez,mujeres de 15 años y más,Veracruz,2016,60.95,porcentaje,2016-01-01
data6.csv,ENDIREH_CUALQUIER_TIPO_CUALQUIER_AGRESOR,"Proporción de mujeres de 15 años y más que han sufrido al menos un incidente de violencia de cualquier tipo física, sexual, emocional, económica o patrimonial, por cualquier agresor",prevalencia_general,general,cualquier_agresor,alguna_vez,mujeres de 15 años y más,Yucatán,2016,66.83,porcentaje,2016-01-01
data6.csv,ENDIREH_CUALQUIER_TIPO_CUALQUIER_AGRESOR,"Proporción de mujeres de 15 años y más que han sufrido al menos un incidente de violencia de cualquier tipo física, sexual, emocional, económica o patrimonial, por cualquier agresor",prevalencia_general,general,cualquier_agresor,alguna_vez,mujeres de 15 años y más,Zacatecas,2016,59.05,porcentaje,2016-01-01
data6.csv,ENDIREH_CUALQUIER_TIPO_CUALQUIER_AGRESOR,"Proporción de mujeres de 15 años y más que han sufrido al menos un incidente de violencia de cualquier tipo física, sexual, emocional, económica o patrimonial, por cualquier agresor",prevalencia_general,general,cualquier_agresor,alguna_vez,mujeres de 15 años y más,Aguascalientes,2021,72.82,porcentaje,2021-01-01
data6.csv,ENDIREH_CUALQUIER_TIPO_CUALQUIER_AGRESOR,"Proporción de mujeres de 15 años y más que han sufrido al menos un incidente de violencia de cualquier tipo física, sexual, emocional, económica o patrimonial, por cualquier agresor",prevalencia_general,general,cualquier_agresor,alguna_vez,mujeres de 15 años y más,Baja California,2021,69.18,porcentaje,2021-01-01
data6.csv,ENDIREH_CUALQUIER_TIPO_CUALQUIER_AGRESOR,"Proporción de mujeres de 15 años y más que han sufrido al menos un incidente de violencia de cualquier tipo física, sexual, emocional, económica o patrimonial, por cualquier agresor",prevalencia_general,general,cualquier_agresor,alguna_vez,mujeres de 15 años y más,Baja California Sur,2021,63.28,porcentaje,2021-01-01
data6.csv,ENDIREH_CUALQUIER_TIPO_CUALQUIER_AGRESOR,"Proporción de mujeres de 15 años y más que han sufrido al menos un incidente de violencia de cualquier tipo física, sexual, emocional, económica o patrimonial, por cualquier agresor",prevalencia_general,general,cualquier_agresor,alguna_vez,mujeres de 15 años y más,Campeche,2021,66.99,porcentaje,2021-01-01
data6.csv,ENDIREH_CUALQUIER_TIPO_CUALQUIER_AGRESOR,"Proporción de mujeres de 15 años y más que han sufrido al menos un incidente de violencia de cualquier tipo física, sexual, emocional, económica o patrimonial, por cualquier agresor",prevalencia_general,general,cualquier_agresor,alguna_vez,mujeres de 15 años y más,Coahuila,2021,72.27,porcentaje,2021-01-01
data6.csv,ENDIREH_CUALQUIER_TIPO_CUALQUIER_AGRESOR,"Proporción de mujeres de 15 años y más que han sufrido al menos un incidente de violencia de cualquier tipo física, sexual, emocional, económica o patrimonial, por cualquier agresor",prevalencia_general,general,cualquier_agresor,alguna_vez,mujeres de 15 años y más,Colima,2021,73.85,porcentaje,2021-01-01
data6.csv,ENDIREH_CUALQUIER_TIPO_CUALQUIER_AGRESOR,"Proporción de mujeres de 15 años y más que han sufrido al menos un incidente de violencia de cualquier tipo física, sexual, emocional, económica o patrimonial, por cualquier agresor",prevalencia_general,general,cualquier_agresor,alguna_vez,mujeres de 15 años y más,Chiapas,2021,48.72,porcentaje,2021-01-01
data6.csv,ENDIREH_CUALQUIER_TIPO_CUALQUIER_AGRESOR,"Proporción de mujeres de 15 años y más que han sufrido al menos un incidente de violencia de cualquier tipo física, sexual, emocional, económica o patrimonial, por cualquier agresor",prevalencia_general,general,cualquier_agresor,alguna_vez,mujeres de 15 años y más,Chihuahua,2021,70.96,porcentaje,2021-01-01
data6.csv,ENDIREH_CUALQUIER_TIPO_CUALQUIER_AGRESOR,"Proporción de mujeres de 15 años y más que han sufrido al menos un incidente de violencia de cualquier tipo física, sexual, emocional, económica o patrimonial, por cualquier agresor",prevalencia_general,general,cualquier_agresor,alguna_vez,mujeres de 15 años y más,Ciudad de México,2021,76.23,porcentaje,2021-01-01
data6.csv,ENDIREH_CUALQUIER_TIPO_CUALQUIER_AGRESOR,"Proporción de mujeres de 15 años y más que han sufrido al menos un incidente de violencia de cualquier tipo física, sexual, emocional, económica o patrimonial, por cualquier agresor",prevalencia_general,general,cualquier_agresor,alguna_vez,mujeres de 15 años y más,Durango,2021,69.15,porcentaje,2021-01-01
data6.csv,ENDIREH_CUALQUIER_TIPO_CUALQUIER_AGRESOR,"Proporción de mujeres de 15 años y más que han sufrido al menos un incidente de violencia de cualquier tipo física, sexual, emocional, económica o patrimonial, por cualquier agresor",prevalencia_general,general,cualquier_agresor,alguna_vez,mujeres de 15 años y más,Guanajuato,2021,68.11,porcentaje,2021-01-01
data6.csv,ENDIREH_CUALQUIER_TIPO_CUALQUIER_AGRESOR,"Proporción de mujeres de 15 años y más que han sufrido al menos un incidente de violencia de cualquier tipo física, sexual, emocional, económica o patrimonial, por cualquier agresor",prevalencia_general,general,cualquier_agresor,alguna_vez,mujeres de 15 años y más,Guerrero,2021,68.76,porcentaje,2021-01-01
data6.csv,ENDIREH_CUALQUIER_TIPO_CUALQUIER_AGRESOR,"Proporción de mujeres de 15 años y más que han sufrido al menos un incidente de violencia de cualquier tipo física, sexual, emocional, económica o patrimonial, por cualquier agresor",prevalencia_general,general,cualquier_agresor,alguna_vez,mujeres de 15 años y más,Hidalgo,2021,70.64,porcentaje,2021-01-01
data6.csv,ENDIREH_CUALQUIER_TIPO_CUALQUIER_AGRESOR,"Proporción de mujeres de 15 años y más que han sufrido al menos un incidente de violencia de cualquier tipo física, sexual, emocional, económica o patrimonial, por cualquier agresor",prevalencia_general,general,cualquier_agresor,alguna_vez,mujeres de 15 años y más,Jalisco,2021,71.86,porcentaje,2021-01-01
data6.csv,ENDIREH_CUALQUIER_TIPO_CUALQUIER_AGRESOR,"Proporción de mujeres de 15 años y más que han sufrido al menos un incidente de violencia de cualquier tipo física, sexual, emocional, económica o patrimonial, por cualquier agresor",prevalencia_general,general,cualquier_agresor,alguna_vez,mujeres de 15 años y más,Estado de México,2021,78.74,porcentaje,2021-01-01
data6.csv,ENDIREH_CUALQUIER_TIPO_CUALQUIER_AGRESOR,"Proporción de mujeres de 15 años y más que han sufrido al menos un incidente de violencia de cualquier tipo física, sexual, emocional, económica o patrimonial, por cualquier agresor",prevalencia_general,general,cualquier_agresor,alguna_vez,mujeres de 15 años y más,Michoacán de Ocampo,2021,64.92,porcentaje,2021-01-01
data6.csv,ENDIREH_CUALQUIER_TIPO_CUALQUIER_AGRESOR,"Proporción de mujeres de 15 años y más que han sufrido al menos un incidente de violencia de cualquier tipo física, sexual, emocional, económica o patrimonial, por cualquier agresor",prevalencia_general,general,cualquier_agresor,alguna_vez,mujeres de 15 años y más,Morelos,2021,69.56,porcentaje,2021-01-01
data6.csv,ENDIREH_CUALQUIER_TIPO_CUALQUIER_AGRESOR,"Proporción de mujeres de 15 años y más que han sufrido al menos un incidente de violencia de cualquier tipo física, sexual, emocional, económica o patrimonial, por cualquier agresor",prevalencia_general,general,cualquier_agresor,alguna_vez,mujeres de 15 años y más,Nayarit,2021,68.23,porcentaje,2021-01-01
data6.csv,ENDIREH_CUALQUIER_TIPO_CUALQUIER_AGRESOR,"Proporción de mujeres de 15 años y más que han sufrido al menos un incidente de violencia de cualquier tipo física, sexual, emocional, económica o patrimonial, por cualquier agresor",prevalencia_general,general,cualquier_agresor,alguna_vez,mujeres de 15 años y más,Nuevo León,2021,68.12,porcentaje,2021-01-01
data6.csv,ENDIREH_CUALQUIER_TIPO_CUALQUIER_AGRESOR,"Proporción de mujeres de 15 años y más que han sufrido al menos un incidente de violencia de cualquier tipo física, sexual, emocional, económica o patrimonial, por cualquier agresor",prevalencia_general,general,cualquier_agresor,alguna_vez,mujeres de 15 años y más,Oaxaca,2021,67.05,porcentaje,2021-01-01
data6.csv,ENDIREH_CUALQUIER_TIPO_CUALQUIER_AGRESOR,"Proporción de mujeres de 15 años y más que han sufrido al menos un incidente de violencia de cualquier tipo física, sexual, emocional, económica o patrimonial, por cualquier agresor",prevalencia_general,general,cualquier_agresor,alguna_vez,mujeres de 15 años y más,Puebla,2021,70.78,porcentaje,2021-01-01
data6.csv,ENDIREH_CUALQUIER_TIPO_CUALQUIER_AGRESOR,"Proporción de mujeres de 15 años y más que han sufrido al menos un incidente de violencia de cualquier tipo física, sexual, emocional, económica o patrimonial, por cualquier agresor",prevalencia_general,general,cualquier_agresor,alguna_vez,mujeres de 15 años y más,Querétaro,2021,75.24,porcentaje,2021-01-01
data6.csv,ENDIREH_CUALQUIER_TIPO_CUALQUIER_AGRESOR,"Proporción de mujeres de 15 años y más que han sufrido al menos un incidente de violencia de cualquier tipo física, sexual, emocional, económica o patrimonial, por cualquier agresor",prevalencia_general,general,cualquier_agresor,alguna_vez,mujeres de 15 años y más,Quintana Roo,2021,70.45,porcentaje,2021-01-01
data6.csv,ENDIREH_CUALQUIER_TIPO_CUALQUIER_AGRESOR,"Proporción de mujeres de 15 años y más que han sufrido al menos un incidente de violencia de cualquier tipo física, sexual, emocional, económica o patrimonial, por cualquier agresor",prevalencia_general,general,cualquier_agresor,alguna_vez,mujeres de 15 años y más,San Luis Potosí,2021,68.56,porcentaje,2021-01-01
data6.csv,ENDIREH_CUALQUIER_TIPO_CUALQUIER_AGRESOR,"Proporción de mujeres de 15 años y más que han sufrido al menos un incidente de violencia de cualquier tipo física, sexual, emocional, económica o patrimonial, por cualquier agresor",prevalencia_general,general,cualquier_agresor,alguna_vez,mujeres de 15 años y más,Sinaloa,2021,66.21,porcentaje,2021-01-01
data6.csv,ENDIREH_CUALQUIER_TIPO_CUALQUIER_AGRESOR,"Proporción de mujeres de 15 años y más que han sufrido al menos un incidente de violencia de cualquier tipo física, sexual, emocional, económica o patrimonial, por cualquier agresor",prevalencia_general,general,cualquier_agresor,alguna_vez,mujeres de 15 años y más,Sonora,2021,71.63,porcentaje,2021-01-01
data6.csv,ENDIREH_CUALQUIER_TIPO_CUALQUIER_AGRESOR,"Proporción de mujeres de 15 años y más que han sufrido al menos un incidente de violencia de cualquier tipo física, sexual, emocional, económica o patrimonial, por cualquier agresor",prevalencia_general,general,cualquier_agresor,alguna_vez,mujeres de 15 años y más,Tabasco,2021,68.65,porcentaje,2021-01-01
data6.csv,ENDIREH_CUALQUIER_TIPO_CUALQUIER_AGRESOR,"Proporción de mujeres de 15 años y más que han sufrido al menos un incidente de violencia de cualquier tipo física, sexual, emocional, económica o patrimonial, por cualquier agresor",prevalencia_general,general,cualquier_agresor,alguna_vez,mujeres de 15 años y más,Tamaulipas,2021,61.69,porcentaje,2021-01-01
data6.csv,ENDIREH_CUALQUIER_TIPO_CUALQUIER_AGRESOR,"Proporción de mujeres de 15 años y más que han sufrido al menos un incidente de violencia de cualquier tipo física, sexual, emocional, económica o patrimonial, por cualquier agresor",prevalencia_general,general,cualquier_agresor,alguna_vez,mujeres de 15 años y más,Tlaxcala,2021,68.62,porcentaje,2021-01-01
data6.csv,ENDIREH_CUALQUIER_TIPO_CUALQUIER_AGRESOR,"Proporción de mujeres de 15 años y más que han sufrido al menos un incidente de violencia de cualquier tipo física, sexual, emocional, económica o patrimonial, por cualquier agresor",prevalencia_general,general,cualquier_agresor,alguna_vez,mujeres de 15 años y más,Veracruz,2021,68.2,porcentaje,2021-01-01
data6.csv,ENDIREH_CUALQUIER_TIPO_CUALQUIER_AGRESOR,"Proporción de mujeres de 15 años y más que han sufrido al menos un incidente de violencia de cualquier tipo física, sexual, emocional, económica o patrimonial, por cualquier agresor",prevalencia_general,general,cualquier_agresor,alguna_vez,mujeres de 15 años y más,Yucatán,2021,71.44,porcentaje,2021-01-01
data6.csv,ENDIREH_CUALQUIER_TIPO_CUALQUIER_AGRESOR,"Proporción de mujeres de 15 años y más que han sufrido al menos un incidente de violencia de cualquier tipo física, sexual, emocional, económica o patrimonial, por cualquier agresor",prevalencia_general,general,cualquier_agresor,alguna_vez,mujeres de 15 años y más,Zacatecas,2021,59.31,porcentaje,2021-01-01
data7.csv,ENDIREH_FS_PAREJA_EXPAREJA,Proporción de las mujeres de 15 años y más que declararon haber experimentado al menos un incidente de violencia física y/o sexual por parte de su pareja o expareja,prevalencia,pareja_expareja,pareja_o_expareja,alguna_vez,mujeres de 15 años y más,Aguascalientes,2006,20.61,porcentaje,2006-01-01
data7.csv,ENDIREH_FS_PAREJA_EXPAREJA,Proporción de las mujeres de 15 años y más que declararon haber experimentado al menos un incidente de violencia física y/o sexual por parte de su pareja o expareja,prevalencia,pareja_expareja,pareja_o_expareja,alguna_vez,mujeres de 15 años y más,Baja California,2006,16.99,porcentaje,2006-01-01
data7.csv,ENDIREH_FS_PAREJA_EXPAREJA,Proporción de las mujeres de 15 años y más que declararon haber experimentado al menos un incidente de violencia física y/o sexual por parte de su pareja o expareja,prevalencia,pareja_expareja,pareja_o_expareja,alguna_vez,mujeres de 15 años y más,Baja California Sur,2006,16.92,porcentaje,2006-01-01
data7.csv,ENDIREH_FS_PAREJA_EXPAREJA,Proporción de las mujeres de 15 años y más que declararon haber experimentado al menos un incidente de violencia física y/o sexual por parte de su pareja o expareja,prevalencia,pareja_expareja,pareja_o_expareja,alguna_vez,mujeres de 15 años y más,Campeche,2006,19.11,porcentaje,2006-01-01
data7.csv,ENDIREH_FS_PAREJA_EXPAREJA,Proporción de las mujeres de 15 años y más que declararon haber experimentado al menos un incidente de violencia física y/o sexual por parte de su pareja o expareja,prevalencia,pareja_expareja,pareja_o_expareja,alguna_vez,mujeres de 15 años y más,Coahuila,2006,17.56,porcentaje,2006-01-01
data7.csv,ENDIREH_FS_PAREJA_EXPAREJA,Proporción de las mujeres de 15 años y más que declararon haber experimentado al menos un incidente de violencia física y/o sexual por parte de su pareja o expareja,prevalencia,pareja_expareja,pareja_o_expareja,alguna_vez,mujeres de 15 años y más,Colima,2006,23.38,porcentaje,2006-01-01
data7.csv,ENDIREH_FS_PAREJA_EXPAREJA,Proporción de las mujeres de 15 años y más que declararon haber experimentado al menos un incidente de violencia física y/o sexual por parte de su pareja o expareja,prevalencia,pareja_expareja,pareja_o_expareja,alguna_vez,mujeres de 15 años y más,Chiapas,2006,15.79,porcentaje,2006-01-01
data7.csv,ENDIREH_FS_PAREJA_EXPAREJA,Proporción de las mujeres de 15 años y más que declararon haber experimentado al menos un incidente de violencia física y/o sexual por parte de su pareja o expareja,prevalencia,pareja_expareja,pareja_o_expareja,alguna_vez,mujeres de 15 años y más,Chihuahua,2006,20.4,porcentaje,2006-01-01
data7.csv,ENDIREH_FS_PAREJA_EXPAREJA,Proporción de las mujeres de 15 años y más que declararon haber experimentado al menos un incidente de violencia física y/o sexual por parte de su pareja o expareja,prevalencia,pareja_expareja,pareja_o_expareja,alguna_vez,mujeres de 15 años y más,Ciudad de México,2006,22.32,porcentaje,2006-01-01
data7.csv,ENDIREH_FS_PAREJA_EXPAREJA,Proporción de las mujeres de 15 años y más que declararon haber experimentado al menos un incidente de violencia física y/o sexual por parte de su pareja o expareja,prevalencia,pareja_expareja,pareja_o_expareja,alguna_vez,mujeres de 15 años y más,Durango,2006,22.76,porcentaje,2006-01-01
data7.csv,ENDIREH_FS_PAREJA_EXPAREJA,Proporción de las mujeres de 15 años y más que declararon haber experimentado al menos un incidente de violencia física y/o sexual por parte de su pareja o expareja,prevalencia,pareja_expareja,pareja_o_expareja,alguna_vez,mujeres de 15 años y más,Guanajuato,2006,18.36,porcentaje,2006-01-01
data7.csv,ENDIREH_FS_PAREJA_EXPAREJA,Proporción de las mujeres de 15 años y más que declararon haber experimentado al menos un incidente de violencia física y/o sexual por parte de su pareja o expareja,prevalencia,pareja_expareja,pareja_o_expareja,alguna_vez,mujeres de 15 años y más,Guerrero,2006,25.45,porcentaje,2006-01-01
data7.csv,ENDIREH_FS_PAREJA_EXPAREJA,Proporción de las mujeres de 15 años y más que declararon haber experimentado al menos un incidente de violencia física y/o sexual por parte de su pareja o expareja,prevalencia,pareja_expareja,pareja_o_expareja,alguna_vez,mujeres de 15 años y más,Hidalgo,2006,21.46,porcentaje,2006-01-01
data7.csv,ENDIREH_FS_PAREJA_EXPAREJA,Proporción de las mujeres de 15 años y más que declararon haber experimentado al menos un incidente de violencia física y/o sexual por parte de su pareja o expareja,prevalencia,pareja_expareja,pareja_o_expareja,alguna_vez,mujeres de 15 años y más,Jalisco,2006,24.03,porcentaje,2006-01-01
data7.csv,ENDIREH_FS_PAREJA_EXPAREJA,Proporción de las mujeres de 15 años y más que declararon haber experimentado al menos un incidente de violencia física y/o sexual por parte de su pareja o expareja,prevalencia,pareja_expareja,pareja_o_expareja,alguna_vez,mujeres de 15 años y más,Estado de México,2006,27.59,porcentaje,2006-01-01
data7.csv,ENDIREH_FS_PAREJA_EXPAREJA,Proporción de las mujeres de 15 años y más que declararon haber experimentado al menos un incidente de violencia física y/o sexual por parte de su pareja o expareja,prevalencia,pareja_expareja,pareja_o_expareja,alguna_vez,mujeres de 15 años y más,Michoacán de Ocampo,2006,21.24,porcentaje,2006-01-01
data7.csv,ENDIREH_FS_PAREJA_EXPAREJA,Proporción de las mujeres de 15 años y más que declararon haber experimentado al menos un incidente de violencia física y/o sexual por parte de su pareja o expareja,prevalencia,pareja_expareja,pareja_o_expareja,alguna_vez,mujeres de 15 años y más,Morelos,2006,23.59,porcentaje,2006-01-01
data7.csv,ENDIREH_FS_PAREJA_EXPAREJA,Proporción de las mujeres de 15 años y más que declararon haber experimentado al menos un incidente de violencia física y/o sexual por parte de su pareja o expareja,prevalencia,pareja_expareja,pareja_o_expareja,alguna_vez,mujeres de 15 años y más,Nayarit,2006,20.21,porcentaje,2006-01-01
data7.csv,ENDIREH_FS_PAREJA_EXPAREJA,Proporción de las mujeres de 15 años y más que declararon haber experimentado al menos un incidente de violencia física y/o sexual por parte de su pareja o expareja,prevalencia,pareja_expareja,pareja_o_expareja,alguna_vez,mujeres de 15 años y más,Nuevo León,2006,15.71,porcentaje,2006-01-01
data7.csv,ENDIREH_FS_PAREJA_EXPAREJA,Proporción de las mujeres de 15 años y más que declararon haber experimentado al menos un incidente de violencia física y/o sexual por parte de su pareja o expareja,prevalencia,pareja_expareja,pareja_o_expareja,alguna_vez,mujeres de 15 años y más,Oaxaca,2006,24.99,porcentaje,2006-01-01
data7.csv,ENDIREH_FS_PAREJA_EXPAREJA,Proporción de las mujeres de 15 años y más que declararon haber experimentado al menos un incidente de violencia física y/o sexual por parte de su pareja o expareja,prevalencia,pareja_expareja,pareja_o_expareja,alguna_vez,mujeres de 15 años y más,Puebla,2006,25.27,porcentaje,2006-01-01
data7.csv,ENDIREH_FS_PAREJA_EXPAREJA,Proporción de las mujeres de 15 años y más que declararon haber experimentado al menos un incidente de violencia física y/o sexual por parte de su pareja o expareja,prevalencia,pareja_expareja,pareja_o_expareja,alguna_vez,mujeres de 15 años y más,Querétaro,2006,18.96,porcentaje,2006-01-01
data7.csv,ENDIREH_FS_PAREJA_EXPAREJA,Proporción de las mujeres de 15 años y más que declararon haber experimentado al menos un incidente de violencia física y/o sexual por parte de su pareja o expareja,prevalencia,pareja_expareja,pareja_o_expareja,alguna_vez,mujeres de 15 años y más,Quintana Roo,2006,23.27,porcentaje,2006-01-01
data7.csv,ENDIREH_FS_PAREJA_EXPAREJA,Proporción de las mujeres de 15 años y más que declararon haber experimentado al menos un incidente de violencia física y/o sexual por parte de su pareja o expareja,prevalencia,pareja_expareja,pareja_o_expareja,alguna_vez,mujeres de 15 años y más,San Luis Potosí,2006,19.11,porcentaje,2006-01-01
data7.csv,ENDIREH_FS_PAREJA_EXPAREJA,Proporción de las mujeres de 15 años y más que declararon haber experimentado al menos un incidente de violencia física y/o sexual por parte de su pareja o expareja,prevalencia,pareja_expareja,pareja_o_expareja,alguna_vez,mujeres de 15 años y más,Sinaloa,2006,17.09,porcentaje,2006-01-01
data7.csv,ENDIREH_FS_PAREJA_EXPAREJA,Proporción de las mujeres de 15 años y más que declararon haber experimentado al menos un incidente de violencia física y/o sexual por parte de su pareja o expareja,prevalencia,pareja_expareja,pareja_o_expareja,alguna_vez,mujeres de 15 años y más,Sonora,2006,17.56,porcentaje,2006-01-01
data7.csv,ENDIREH_FS_PAREJA_EXPAREJA,Proporción de las mujeres de 15 años y más que declararon haber experimentado al menos un incidente de violencia física y/o sexual por parte de su pareja o expareja,prevalencia,pareja_expareja,pareja_o_expareja,alguna_vez,mujeres de 15 años y más,Tabasco,2006,28.24,porcentaje,2006-01-01
data7.csv,ENDIREH_FS_PAREJA_EXPAREJA,Proporción de las mujeres de 15 años y más que declararon haber experimentado al menos un incidente de violencia física y/o sexual por parte de su pareja o expareja,prevalencia,pareja_expareja,pareja_o_expareja,alguna_vez,mujeres de 15 años y más,Tamaulipas,2006,15.33,porcentaje,2006-01-01
data7.csv,ENDIREH_FS_PAREJA_EXPAREJA,Proporción de las mujeres de 15 años y más que declararon haber experimentado al menos un incidente de violencia física y/o sexual por parte de su pareja o expareja,prevalencia,pareja_expareja,pareja_o_expareja,alguna_vez,mujeres de 15 años y más,Tlaxcala,2006,21.57,porcentaje,2006-01-01
data7.csv,ENDIREH_FS_PAREJA_EXPAREJA,Proporción de las mujeres de 15 años y más que declararon haber experimentado al menos un incidente de violencia física y/o sexual por parte de su pareja o expareja,prevalencia,pareja_expareja,pareja_o_expareja,alguna_vez,mujeres de 15 años y más,Veracruz,2006,21.55,porcentaje,2006-01-01
data7.csv,ENDIREH_FS_PAREJA_EXPAREJA,Proporción de las mujeres de 15 años y más que declararon haber experimentado al menos un incidente de violencia física y/o sexual por parte de su pareja o expareja,prevalencia,pareja_expareja,pareja_o_expareja,alguna_vez,mujeres de 15 años y más,Yucatán,2006,20.35,porcentaje,2006-01-01
data7.csv,ENDIREH_FS_PAREJA_EXPAREJA,Proporción de las mujeres de 15 años y más que declararon haber experimentado al menos un incidente de violencia física y/o sexual por parte de su pareja o expareja,prevalencia,pareja_expareja,pareja_o_expareja,alguna_vez,mujeres de 15 años y más,Zacatecas,2006,20.11,porcentaje,2006-01-01
data7.csv,ENDIREH_FS_PAREJA_EXPAREJA,Proporción de las mujeres de 15 años y más que declararon haber experimentado al menos un incidente de violencia física y/o sexual por parte de su pareja o expareja,prevalencia,pareja_expareja,pareja_o_expareja,alguna_vez,mujeres de 15 años y más,Aguascalientes,2011,15.48,porcentaje,2011-01-01
data7.csv,ENDIREH_FS_PAREJA_EXPAREJA,Proporción de las mujeres de 15 años y más que declararon haber experimentado al menos un incidente de violencia física y/o sexual por parte de su pareja o expareja,prevalencia,pareja_expareja,pareja_o_expareja,alguna_vez,mujeres de 15 años y más,Baja California,2011,13.07,porcentaje,2011-01-01
data7.csv,ENDIREH_FS_PAREJA_EXPAREJA,Proporción de las mujeres de 15 años y más que declararon haber experimentado al menos un incidente de violencia física y/o sexual por parte de su pareja o expareja,prevalencia,pareja_expareja,pareja_o_expareja,alguna_vez,mujeres de 15 años y más,Baja California Sur,2011,14.18,porcentaje,2011-01-01
data7.csv,ENDIREH_FS_PAREJA_EXPAREJA,Proporción de las mujeres de 15 años y más que declararon haber experimentado al menos un incidente de violencia física y/o sexual por parte de su pareja o expareja,prevalencia,pareja_expareja,pareja_o_expareja,alguna_vez,mujeres de 15 años y más,Campeche,2011,17.85,porcentaje,2011-01-01
data7.csv,ENDIREH_FS_PAREJA_EXPAREJA,Proporción de las mujeres de 15 años y más que declararon haber experimentado al menos un incidente de violencia física y/o sexual por parte de su pareja o expareja,prevalencia,pareja_expareja,pareja_o_expareja,alguna_vez,mujeres de 15 años y más,Coahuila,2011,13.26,porcentaje,2011-01-01
data7.csv,ENDIREH_FS_PAREJA_EXPAREJA,Proporción de las mujeres de 15 años y más que declararon haber experimentado al menos un incidente de violencia física y/o sexual por parte de su pareja o expareja,prevalencia,pareja_expareja,pareja_o_expareja,alguna_vez,mujeres de 15 años y más,Colima,2011,18.83,porcentaje,2011-01-01
data7.csv,ENDIREH_FS_PAREJA_EXPAREJA,Proporción de las mujeres de 15 años y más que declararon haber experimentado al menos un incidente de violencia física y/o sexual por parte de su pareja o expareja,prevalencia,pareja_expareja,pareja_o_expareja,alguna_vez,mujeres de 15 años y más,Chiapas,2011,12.73,porcentaje,2011-01-01
data7.csv,ENDIREH_FS_PAREJA_EXPAREJA,Proporción de las mujeres de 15 años y más que declararon haber experimentado al menos un incidente de violencia física y/o sexual por parte de su pareja o expareja,prevalencia,pareja_expareja,pareja_o_expareja,alguna_vez,mujeres de 15 años y más,Chihuahua,2011,16.77,porcentaje,2011-01-01
data7.csv,ENDIREH_FS_PAREJA_EXPAREJA,Proporción de las mujeres de 15 años y más que declararon haber experimentado al menos un incidente de violencia física y/o sexual por parte de su pareja o expareja,prevalencia,pareja_expareja,pareja_o_expareja,alguna_vez,mujeres de 15 años y más,Ciudad de México,2011,15.83,porcentaje,2011-01-01
data7.csv,ENDIREH_FS_PAREJA_EXPAREJA,Proporción de las mujeres de 15 años y más que declararon haber experimentado al menos un incidente de violencia física y/o sexual por parte de su pareja o expareja,prevalencia,pareja_expareja,pareja_o_expareja,alguna_vez,mujeres de 15 años y más,Durango,2011,16.21,porcentaje,2011-01-01
data7.csv,ENDIREH_FS_PAREJA_EXPAREJA,Proporción de las mujeres de 15 años y más que declararon haber experimentado al menos un incidente de violencia física y/o sexual por parte de su pareja o expareja,prevalencia,pareja_expareja,pareja_o_expareja,alguna_vez,mujeres de 15 años y más,Guanajuato,2011,16.35,porcentaje,2011-01-01
data7.csv,ENDIREH_FS_PAREJA_EXPAREJA,Proporción de las mujeres de 15 años y más que declararon haber experimentado al menos un incidente de violencia física y/o sexual por parte de su pareja o expareja,prevalencia,pareja_expareja,pareja_o_expareja,alguna_vez,mujeres de 15 años y más,Guerrero,2011,17.48,porcentaje,2011-01-01
data7.csv,ENDIREH_FS_PAREJA_EXPAREJA,Proporción de las mujeres de 15 años y más que declararon haber experimentado al menos un incidente de violencia física y/o sexual por parte de su pareja o expareja,prevalencia,pareja_expareja,pareja_o_expareja,alguna_vez,mujeres de 15 años y más,Hidalgo,2011,16.97,porcentaje,2011-01-01
data7.csv,ENDIREH_FS_PAREJA_EXPAREJA,Proporción de las mujeres de 15 años y más que declararon haber experimentado al menos un incidente de violencia física y/o sexual por parte de su pareja o expareja,prevalencia,pareja_expareja,pareja_o_expareja,alguna_vez,mujeres de 15 años y más,Jalisco,2011,15.08,porcentaje,2011-01-01
data7.csv,ENDIREH_FS_PAREJA_EXPAREJA,Proporción de las mujeres de 15 años y más que declararon haber experimentado al menos un incidente de violencia física y/o sexual por parte de su pareja o expareja,prevalencia,pareja_expareja,pareja_o_expareja,alguna_vez,mujeres de 15 años y más,Estado de México,2011,18.73,porcentaje,2011-01-01
data7.csv,ENDIREH_FS_PAREJA_EXPAREJA,Proporción de las mujeres de 15 años y más que declararon haber experimentado al menos un incidente de violencia física y/o sexual por parte de su pareja o expareja,prevalencia,pareja_expareja,pareja_o_expareja,alguna_vez,mujeres de 15 años y más,Michoacán de Ocampo,2011,17.41,porcentaje,2011-01-01
data7.csv,ENDIREH_FS_PAREJA_EXPAREJA,Proporción de las mujeres de 15 años y más que declararon haber experimentado al menos un incidente de violencia física y/o sexual por parte de su pareja o expareja,prevalencia,pareja_expareja,pareja_o_expareja,alguna_vez,mujeres de 15 años y más,Morelos,2011,17.59,porcentaje,2011-01-01
data7.csv,ENDIREH_FS_PAREJA_EXPAREJA,Proporción de las mujeres de 15 años y más que declararon haber experimentado al menos un incidente de violencia física y/o sexual por parte de su pareja o expareja,prevalencia,pareja_expareja,pareja_o_expareja,alguna_vez,mujeres de 15 años y más,Nayarit,2011,17.44,porcentaje,2011-01-01
data7.csv,ENDIREH_FS_PAREJA_EXPAREJA,Proporción de las mujeres de 15 años y más que declararon haber experimentado al menos un incidente de violencia física y/o sexual por parte de su pareja o expareja,prevalencia,pareja_expareja,pareja_o_expareja,alguna_vez,mujeres de 15 años y más,Nuevo León,2011,13.5,porcentaje,2011-01-01
data7.csv,ENDIREH_FS_PAREJA_EXPAREJA,Proporción de las mujeres de 15 años y más que declararon haber experimentado al menos un incidente de violencia física y/o sexual por parte de su pareja o expareja,prevalencia,pareja_expareja,pareja_o_expareja,alguna_vez,mujeres de 15 años y más,Oaxaca,2011,17.46,porcentaje,2011-01-01
data7.csv,ENDIREH_FS_PAREJA_EXPAREJA,Proporción de las mujeres de 15 años y más que declararon haber experimentado al menos un incidente de violencia física y/o sexual por parte de su pareja o expareja,prevalencia,pareja_expareja,pareja_o_expareja,alguna_vez,mujeres de 15 años y más,Puebla,2011,17.9,porcentaje,2011-01-01
data7.csv,ENDIREH_FS_PAREJA_EXPAREJA,Proporción de las mujeres de 15 años y más que declararon haber experimentado al menos un incidente de violencia física y/o sexual por parte de su pareja o expareja,prevalencia,pareja_expareja,pareja_o_expareja,alguna_vez,mujeres de 15 años y más,Querétaro,2011,15.62,porcentaje,2011-01-01
data7.csv,ENDIREH_FS_PAREJA_EXPAREJA,Proporción de las mujeres de 15 años y más que declararon haber experimentado al menos un incidente de violencia física y/o sexual por parte de su pareja o expareja,prevalencia,pareja_expareja,pareja_o_expareja,alguna_vez,mujeres de 15 años y más,Quintana Roo,2011,16.3,porcentaje,2011-01-01
data7.csv,ENDIREH_FS_PAREJA_EXPAREJA,Proporción de las mujeres de 15 años y más que declararon haber experimentado al menos un incidente de violencia física y/o sexual por parte de su pareja o expareja,prevalencia,pareja_expareja,pareja_o_expareja,alguna_vez,mujeres de 15 años y más,San Luis Potosí,2011,18.33,porcentaje,2011-01-01
data7.csv,ENDIREH_FS_PAREJA_EXPAREJA,Proporción de las mujeres de 15 años y más que declararon haber experimentado al menos un incidente de violencia física y/o sexual por parte de su pareja o expareja,prevalencia,pareja_expareja,pareja_o_expareja,alguna_vez,mujeres de 15 años y más,Sinaloa,2011,12.03,porcentaje,2011-01-01
data7.csv,ENDIREH_FS_PAREJA_EXPAREJA,Proporción de las mujeres de 15 años y más que declararon haber experimentado al menos un incidente de violencia física y/o sexual por parte de su pareja o expareja,prevalencia,pareja_expareja,pareja_o_expareja,alguna_vez,mujeres de 15 años y más,Sonora,2011,13.55,porcentaje,2011-01-01
data7.csv,ENDIREH_FS_PAREJA_EXPAREJA,Proporción de las mujeres de 15 años y más que declararon haber experimentado al menos un incidente de violencia física y/o sexual por parte de su pareja o expareja,prevalencia,pareja_expareja,pareja_o_expareja,alguna_vez,mujeres de 15 años y más,Tabasco,2011,15.18,porcentaje,2011-01-01
data7.csv,ENDIREH_FS_PAREJA_EXPAREJA,Proporción de las mujeres de 15 años y más que declararon haber experimentado al menos un incidente de violencia física y/o sexual por parte de su pareja o expareja,prevalencia,pareja_expareja,pareja_o_expareja,alguna_vez,mujeres de 15 años y más,Tamaulipas,2011,13.7,porcentaje,2011-01-01
data7.csv,ENDIREH_FS_PAREJA_EXPAREJA,Proporción de las mujeres de 15 años y más que declararon haber experimentado al menos un incidente de violencia física y/o sexual por parte de su pareja o expareja,prevalencia,pareja_expareja,pareja_o_expareja,alguna_vez,mujeres de 15 años y más,Tlaxcala,2011,16.91,porcentaje,2011-01-01
data7.csv,ENDIREH_FS_PAREJA_EXPAREJA,Proporción de las mujeres de 15 años y más que declararon haber experimentado al menos un incidente de violencia física y/o sexual por parte de su pareja o expareja,prevalencia,pareja_expareja,pareja_o_expareja,alguna_vez,mujeres de 15 años y más,Veracruz,2011,17.92,porcentaje,2011-01-01
data7.csv,ENDIREH_FS_PAREJA_EXPAREJA,Proporción de las mujeres de 15 años y más que declararon haber experimentado al menos un incidente de violencia física y/o sexual por parte de su pareja o expareja,prevalencia,pareja_expareja,pareja_o_expareja,alguna_vez,mujeres de 15 años y más,Yucatán,2011,16.18,porcentaje,2011-01-01
data7.csv,ENDIREH_FS_PAREJA_EXPAREJA,Proporción de las mujeres de 15 años y más que declararon haber experimentado al menos un incidente de violencia física y/o sexual por parte de su pareja o expareja,prevalencia,pareja_expareja,pareja_o_expareja,alguna_vez,mujeres de 15 años y más,Zacatecas,2011,17.47,porcentaje,2011-01-01
data7.csv,ENDIREH_FS_PAREJA_EXPAREJA,Proporción de las mujeres de 15 años y más que declararon haber experimentado al menos un incidente de violencia física y/o sexual por parte de su pareja o expareja,prevalencia,pareja_expareja,pareja_o_expareja,alguna_vez,mujeres de 15 años y más,Aguascalientes,2016,19.92,porcentaje,2016-01-01
data7.csv,ENDIREH_FS_PAREJA_EXPAREJA,Proporción de las mujeres de 15 años y más que declararon haber experimentado al menos un incidente de violencia física y/o sexual por parte de su pareja o expareja,prevalencia,pareja_expareja,pareja_o_expareja,alguna_vez,mujeres de 15 años y más,Baja California,2016,14.43,porcentaje,2016-01-01
data7.csv,ENDIREH_FS_PAREJA_EXPAREJA,Proporción de las mujeres de 15 años y más que declararon haber experimentado al menos un incidente de violencia física y/o sexual por parte de su pareja o expareja,prevalencia,pareja_expareja,pareja_o_expareja,alguna_vez,mujeres de 15 años y más,Baja California Sur,2016,14.05,porcentaje,2016-01-01
data7.csv,ENDIREH_FS_PAREJA_EXPAREJA,Proporción de las mujeres de 15 años y más que declararon haber experimentado al menos un incidente de violencia física y/o sexual por parte de su pareja o expareja,prevalencia,pareja_expareja,pareja_o_expareja,alguna_vez,mujeres de 15 años y más,Campeche,2016,16.68,porcentaje,2016-01-01
data7.csv,ENDIREH_FS_PAREJA_EXPAREJA,Proporción de las mujeres de 15 años y más que declararon haber experimentado al menos un incidente de violencia física y/o sexual por parte de su pareja o expareja,prevalencia,pareja_expareja,pareja_o_expareja,alguna_vez,mujeres de 15 años y más,Coahuila,2016,18.32,porcentaje,2016-01-01
data7.csv,ENDIREH_FS_PAREJA_EXPAREJA,Proporción de las mujeres de 15 años y más que declararon haber experimentado al menos un incidente de violencia física y/o sexual por parte de su pareja o expareja,prevalencia,pareja_expareja,pareja_o_expareja,alguna_vez,mujeres de 15 años y más,Colima,2016,17.79,porcentaje,2016-01-01
data7.csv,ENDIREH_FS_PAREJA_EXPAREJA,Proporción de las mujeres de 15 años y más que declararon haber experimentado al menos un incidente de violencia física y/o sexual por parte de su pareja o expareja,prevalencia,pareja_expareja,pareja_o_expareja,alguna_vez,mujeres de 15 años y más,Chiapas,2016,17.99,porcentaje,2016-01-01
data7.csv,ENDIREH_FS_PAREJA_EXPAREJA,Proporción de las mujeres de 15 años y más que declararon haber experimentado al menos un incidente de violencia física y/o sexual por parte de su pareja o expareja,prevalencia,pareja_expareja,pareja_o_expareja,alguna_vez,mujeres de 15 años y más,Chihuahua,2016,17.59,porcentaje,2016-01-01
data7.csv,ENDIREH_FS_PAREJA_EXPAREJA,Proporción de las mujeres de 15 años y más que declararon haber experimentado al menos un incidente de violencia física y/o sexual por parte de su pareja o expareja,prevalencia,pareja_expareja,pareja_o_expareja,alguna_vez,mujeres de 15 años y más,Ciudad de México,2016,20.64,porcentaje,2016-01-01
data7.csv,ENDIREH_FS_PAREJA_EXPAREJA,Proporción de las mujeres de 15 años y más que declararon haber experimentado al menos un incidente de violencia física y/o sexual por parte de su pareja o expareja,prevalencia,pareja_expareja,pareja_o_expareja,alguna_vez,mujeres de 15 años y más,Durango,2016,19.67,porcentaje,2016-01-01
data7.csv,ENDIREH_FS_PAREJA_EXPAREJA,Proporción de las mujeres de 15 años y más que declararon haber experimentado al menos un incidente de violencia física y/o sexual por parte de su pareja o expareja,prevalencia,pareja_expareja,pareja_o_expareja,alguna_vez,mujeres de 15 años y más,Guanajuato,2016,18.59,porcentaje,2016-01-01
data7.csv,ENDIREH_FS_PAREJA_EXPAREJA,Proporción de las mujeres de 15 años y más que declararon haber experimentado al menos un incidente de violencia física y/o sexual por parte de su pareja o expareja,prevalencia,pareja_expareja,pareja_o_expareja,alguna_vez,mujeres de 15 años y más,Guerrero,2016,21.86,porcentaje,2016-01-01
data7.csv,ENDIREH_FS_PAREJA_EXPAREJA,Proporción de las mujeres de 15 años y más que declararon haber experimentado al menos un incidente de violencia física y/o sexual por parte de su pareja o expareja,prevalencia,pareja_expareja,pareja_o_expareja,alguna_vez,mujeres de 15 años y más,Hidalgo,2016,21.41,porcentaje,2016-01-01
data7.csv,ENDIREH_FS_PAREJA_EXPAREJA,Proporción de las mujeres de 15 años y más que declararon haber experimentado al menos un incidente de violencia física y/o sexual por parte de su pareja o expareja,prevalencia,pareja_expareja,pareja_o_expareja,alguna_vez,mujeres de 15 años y más,Jalisco,2016,19.38,porcentaje,2016-01-01
data7.csv,ENDIREH_FS_PAREJA_EXPAREJA,Proporción de las mujeres de 15 años y más que declararon haber experimentado al menos un incidente de violencia física y/o sexual por parte de su pareja o expareja,prevalencia,pareja_expareja,pareja_o_expareja,alguna_vez,mujeres de 15 años y más,Estado de México,2016,23.12,porcentaje,2016-01-01
data7.csv,ENDIREH_FS_PAREJA_EXPAREJA,Proporción de las mujeres de 15 años y más que declararon haber experimentado al menos un incidente de violencia física y/o sexual por parte de su pareja o expareja,prevalencia,pareja_expareja,pareja_o_expareja,alguna_vez,mujeres de 15 años y más,Michoacán de Ocampo,2016,19.58,porcentaje,2016-01-01
data7.csv,ENDIREH_FS_PAREJA_EXPAREJA,Proporción de las mujeres de 15 años y más que declararon haber experimentado al menos un incidente de violencia física y/o sexual por parte de su pareja o expareja,prevalencia,pareja_expareja,pareja_o_expareja,alguna_vez,mujeres de 15 años y más,Morelos,2016,20.61,porcentaje,2016-01-01
data7.csv,ENDIREH_FS_PAREJA_EXPAREJA,Proporción de las mujeres de 15 años y más que declararon haber experimentado al menos un incidente de violencia física y/o sexual por parte de su pareja o expareja,prevalencia,pareja_expareja,pareja_o_expareja,alguna_vez,mujeres de 15 años y más,Nayarit,2016,16.83,porcentaje,2016-01-01
data7.csv,ENDIREH_FS_PAREJA_EXPAREJA,Proporción de las mujeres de 15 años y más que declararon haber experimentado al menos un incidente de violencia física y/o sexual por parte de su pareja o expareja,prevalencia,pareja_expareja,pareja_o_expareja,alguna_vez,mujeres de 15 años y más,Nuevo León,2016,13.38,porcentaje,2016-01-01
data7.csv,ENDIREH_FS_PAREJA_EXPAREJA,Proporción de las mujeres de 15 años y más que declararon haber experimentado al menos un incidente de violencia física y/o sexual por parte de su pareja o expareja,prevalencia,pareja_expareja,pareja_o_expareja,alguna_vez,mujeres de 15 años y más,Oaxaca,2016,22.01,porcentaje,2016-01-01
data7.csv,ENDIREH_FS_PAREJA_EXPAREJA,Proporción de las mujeres de 15 años y más que declararon haber experimentado al menos un incidente de violencia física y/o sexual por parte de su pareja o expareja,prevalencia,pareja_expareja,pareja_o_expareja,alguna_vez,mujeres de 15 años y más,Puebla,2016,20.36,porcentaje,2016-01-01
data7.csv,ENDIREH_FS_PAREJA_EXPAREJA,Proporción de las mujeres de 15 años y más que declararon haber experimentado al menos un incidente de violencia física y/o sexual por parte de su pareja o expareja,prevalencia,pareja_expareja,pareja_o_expareja,alguna_vez,mujeres de 15 años y más,Querétaro,2016,17.53,porcentaje,2016-01-01
data7.csv,ENDIREH_FS_PAREJA_EXPAREJA,Proporción de las mujeres de 15 años y más que declararon haber experimentado al menos un incidente de violencia física y/o sexual por parte de su pareja o expareja,prevalencia,pareja_expareja,pareja_o_expareja,alguna_vez,mujeres de 15 años y más,Quintana Roo,2016,18.97,porcentaje,2016-01-01
data7.csv,ENDIREH_FS_PAREJA_EXPAREJA,Proporción de las mujeres de 15 años y más que declararon haber experimentado al menos un incidente de violencia física y/o sexual por parte de su pareja o expareja,prevalencia,pareja_expareja,pareja_o_expareja,alguna_vez,mujeres de 15 años y más,San Luis Potosí,2016,19.5,porcentaje,2016-01-01
data7.csv,ENDIREH_FS_PAREJA_EXPAREJA,Proporción de las mujeres de 15 años y más que declararon haber experimentado al menos un incidente de violencia física y/o sexual por parte de su pareja o expareja,prevalencia,pareja_expareja,pareja_o_expareja,alguna_vez,mujeres de 15 años y más,Sinaloa,2016,15.02,porcentaje,2016-01-01
data7.csv,ENDIREH_FS_PAREJA_EXPAREJA,Proporción de las mujeres de 15 años y más que declararon haber experimentado al menos un incidente de violencia física y/o sexual por parte de su pareja o expareja,prevalencia,pareja_expareja,pareja_o_expareja,alguna_vez,mujeres de 15 años y más,Sonora,2016,13.51,porcentaje,2016-01-01
data7.csv,ENDIREH_FS_PAREJA_EXPAREJA,Proporción de las mujeres de 15 años y más que declararon haber experimentado al menos un incidente de violencia física y/o sexual por parte de su pareja o expareja,prevalencia,pareja_expareja,pareja_o_expareja,alguna_vez,mujeres de 15 años y más,Tabasco,2016,21.35,porcentaje,2016-01-01
data7.csv,ENDIREH_FS_PAREJA_EXPAREJA,Proporción de las mujeres de 15 años y más que declararon haber experimentado al menos un incidente de violencia física y/o sexual por parte de su pareja o expareja,prevalencia,pareja_expareja,pareja_o_expareja,alguna_vez,mujeres de 15 años y más,Tamaulipas,2016,15.0,porcentaje,2016-01-01
data7.csv,ENDIREH_FS_PAREJA_EXPAREJA,Proporción de las mujeres de 15 años y más que declararon haber experimentado al menos un incidente de violencia física y/o sexual por parte de su pareja o expareja,prevalencia,pareja_expareja,pareja_o_expareja,alguna_vez,mujeres de 15 años y más,Tlaxcala,2016,21.44,porcentaje,2016-01-01
data7.csv,ENDIREH_FS_PAREJA_EXPAREJA,Proporción de las mujeres de 15 años y más que declararon haber experimentado al menos un incidente de violencia física y/o sexual por parte de su pareja o expareja,prevalencia,pareja_expareja,pareja_o_expareja,alguna_vez,mujeres de 15 años y más,Veracruz,2016,20.15,porcentaje,2016-01-01
data7.csv,ENDIREH_FS_PAREJA_EXPAREJA,Proporción de las mujeres de 15 años y más que declararon haber experimentado al menos un incidente de violencia física y/o sexual por parte de su pareja o expareja,prevalencia,pareja_expareja,pareja_o_expareja,alguna_vez,mujeres de 15 años y más,Yucatán,2016,20.58,porcentaje,2016-01-01
data7.csv,ENDIREH_FS_PAREJA_EXPAREJA,Proporción de las mujeres de 15 años y más que declararon haber experimentado al menos un incidente de violencia física y/o sexual por parte de su pareja o expareja,prevalencia,pareja_expareja,pareja_o_expareja,alguna_vez,mujeres de 15 años y más,Zacatecas,2016,17.8,porcentaje,2016-01-01
data7.csv,ENDIREH_FS_PAREJA_EXPAREJA,Proporción de las mujeres de 15 años y más que declararon haber experimentado al menos un incidente de violencia física y/o sexual por parte de su pareja o expareja,prevalencia,pareja_expareja,pareja_o_expareja,alguna_vez,mujeres de 15 años y más,Aguascalientes,2021,17.82,porcentaje,2021-01-01
data7.csv,ENDIREH_FS_PAREJA_EXPAREJA,Proporción de las mujeres de 15 años y más que declararon haber experimentado al menos un incidente de violencia física y/o sexual por parte de su pareja o expareja,prevalencia,pareja_expareja,pareja_o_expareja,alguna_vez,mujeres de 15 años y más,Baja California,2021,14.05,porcentaje,2021-01-01
data7.csv,ENDIREH_FS_PAREJA_EXPAREJA,Proporción de las mujeres de 15 años y más que declararon haber experimentado al menos un incidente de violencia física y/o sexual por parte de su pareja o expareja,prevalencia,pareja_expareja,pareja_o_expareja,alguna_vez,mujeres de 15 años y más,Baja California Sur,2021,14.46,porcentaje,2021-01-01
data7.csv,ENDIREH_FS_PAREJA_EXPAREJA,Proporción de las mujeres de 15 años y más que declararon haber experimentado al menos un incidente de violencia física y/o sexual por parte de su pareja o expareja,prevalencia,pareja_expareja,pareja_o_expareja,alguna_vez,mujeres de 15 años y más,Campeche,2021,19.98,porcentaje,2021-01-01
data7.csv,ENDIREH_FS_PAREJA_EXPAREJA,Proporción de las mujeres de 15 años y más que declararon haber experimentado al menos un incidente de violencia física y/o sexual por parte de su pareja o expareja,prevalencia,pareja_expareja,pareja_o_expareja,alguna_vez,mujeres de 15 años y más,Coahuila,2021,18.39,porcentaje,2021-01-01
data7.csv,ENDIREH_FS_PAREJA_EXPAREJA,Proporción de las mujeres de 15 años y más que declararon haber experimentado al menos un incidente de violencia física y/o sexual por parte de su pareja o expareja,prevalencia,pareja_expareja,pareja_o_expareja,alguna_vez,mujeres de 15 años y más,Colima,2021,19.59,porcentaje,2021-01-01
data7.csv,ENDIREH_FS_PAREJA_EXPAREJA,Proporción de las mujeres de 15 años y más que declararon haber experimentado al menos un incidente de violencia física y/o sexual por parte de su pareja o expareja,prevalencia,pareja_expareja,pareja_o_expareja,alguna_vez,mujeres de 15 años y más,Chiapas,2021,14.3,porcentaje,2021-01-01
data7.csv,ENDIREH_FS_PAREJA_EXPAREJA,Proporción de las mujeres de 15 años y más que declararon haber experimentado al menos un incidente de violencia física y/o sexual por parte de su pareja o expareja,prevalencia,pareja_expareja,pareja_o_expareja,alguna_vez,mujeres de 15 años y más,Chihuahua,2021,15.08,porcentaje,2021-01-01
data7.csv,ENDIREH_FS_PAREJA_EXPAREJA,Proporción de las mujeres de 15 años y más que declararon haber experimentado al menos un incidente de violencia física y/o sexual por parte de su pareja o expareja,prevalencia,pareja_expareja,pareja_o_expareja,alguna_vez,mujeres de 15 años y más,Ciudad de México,2021,18.39,porcentaje,2021-01-01
data7.csv,ENDIREH_FS_PAREJA_EXPAREJA,Proporción de las mujeres de 15 años y más que declararon haber experimentado al menos un incidente de violencia física y/o sexual por parte de su pareja o expareja,prevalencia,pareja_expareja,pareja_o_expareja,alguna_vez,mujeres de 15 años y más,Durango,2021,17.43,porcentaje,2021-01-01
data7.csv,ENDIREH_FS_PAREJA_EXPAREJA,Proporción de las mujeres de 15 años y más que declararon haber experimentado al menos un incidente de violencia física y/o sexual por parte de su pareja o expareja,prevalencia,pareja_expareja,pareja_o_expareja,alguna_vez,mujeres de 15 años y más,Guanajuato,2021,19.11,porcentaje,2021-01-01
data7.csv,ENDIREH_FS_PAREJA_EXPAREJA,Proporción de las mujeres de 15 años y más que declararon haber experimentado al menos un incidente de violencia física y/o sexual por parte de su pareja o expareja,prevalencia,pareja_expareja,pareja_o_expareja,alguna_vez,mujeres de 15 años y más,Guerrero,2021,24.01,porcentaje,2021-01-01
data7.csv,ENDIREH_FS_PAREJA_EXPAREJA,Proporción de las mujeres de 15 años y más que declararon haber experimentado al menos un incidente de violencia física y/o sexual por parte de su pareja o expareja,prevalencia,pareja_expareja,pareja_o_expareja,alguna_vez,mujeres de 15 años y más,Hidalgo,2021,22.76,porcentaje,2021-01-01
data7.csv,ENDIREH_FS_PAREJA_EXPAREJA,Proporción de las mujeres de 15 años y más que declararon haber experimentado al menos un incidente de violencia física y/o sexual por parte de su pareja o expareja,prevalencia,pareja_expareja,pareja_o_expareja,alguna_vez,mujeres de 15 años y más,Jalisco,2021,16.63,porcentaje,2021-01-01
data7.csv,ENDIREH_FS_PAREJA_EXPAREJA,Proporción de las mujeres de 15 años y más que declararon haber experimentado al menos un incidente de violencia física y/o sexual por parte de su pareja o expareja,prevalencia,pareja_expareja,pareja_o_expareja,alguna_vez,mujeres de 15 años y más,Estado de México,2021,19.58,porcentaje,2021-01-01
data7.csv,ENDIREH_FS_PAREJA_EXPAREJA,Proporción de las mujeres de 15 años y más que declararon haber experimentado al menos un incidente de violencia física y/o sexual por parte de su pareja o expareja,prevalencia,pareja_expareja,pareja_o_expareja,alguna_vez,mujeres de 15 años y más,Michoacán de Ocampo,2021,18.82,porcentaje,2021-01-01
data7.csv,ENDIREH_FS_PAREJA_EXPAREJA,Proporción de las mujeres de 15 años y más que declararon haber experimentado al menos un incidente de violencia física y/o sexual por parte de su pareja o expareja,prevalencia,pareja_expareja,pareja_o_expareja,alguna_vez,mujeres de 15 años y más,Morelos,2021,20.65,porcentaje,2021-01-01
data7.csv,ENDIREH_FS_PAREJA_EXPAREJA,Proporción de las mujeres de 15 años y más que declararon haber experimentado al menos un incidente de violencia física y/o sexual por parte de su pareja o expareja,prevalencia,pareja_expareja,pareja_o_expareja,alguna_vez,mujeres de 15 años y más,Nayarit,2021,18.58,porcentaje,2021-01-01
data7.csv,ENDIREH_FS_PAREJA_EXPAREJA,Proporción de las mujeres de 15 años y más que declararon haber experimentado al menos un incidente de violencia física y/o sexual por parte de su pareja o expareja,prevalencia,pareja_expareja,pareja_o_expareja,alguna_vez,mujeres de 15 años y más,Nuevo León,2021,13.17,porcentaje,2021-01-01
data7.csv,ENDIREH_FS_PAREJA_EXPAREJA,Proporción de las mujeres de 15 años y más que declararon haber experimentado al menos un incidente de violencia física y/o sexual por parte de su pareja o expareja,prevalencia,pareja_expareja,pareja_o_expareja,alguna_vez,mujeres de 15 años y más,Oaxaca,2021,22.73,porcentaje,2021-01-01
data7.csv,ENDIREH_FS_PAREJA_EXPAREJA,Proporción de las mujeres de 15 años y más que declararon haber experimentado al menos un incidente de violencia física y/o sexual por parte de su pareja o expareja,prevalencia,pareja_expareja,pareja_o_expareja,alguna_vez,mujeres de 15 años y más,Puebla,2021,21.08,porcentaje,2021-01-01
data7.csv,ENDIREH_FS_PAREJA_EXPAREJA,Proporción de las mujeres de 15 años y más que declararon haber experimentado al menos un incidente de violencia física y/o sexual por parte de su pareja o expareja,prevalencia,pareja_expareja,pareja_o_expareja,alguna_vez,mujeres de 15 años y más,Querétaro,2021,19.86,porcentaje,2021-01-01
data7.csv,ENDIREH_FS_PAREJA_EXPAREJA,Proporción de las mujeres de 15 años y más que declararon haber experimentado al menos un incidente de violencia física y/o sexual por parte de su pareja o expareja,prevalencia,pareja_expareja,pareja_o_expareja,alguna_vez,mujeres de 15 años y más,Quintana Roo,2021,18.59,porcentaje,2021-01-01
data7.csv,ENDIREH_FS_PAREJA_EXPAREJA,Proporción de las mujeres de 15 años y más que declararon haber experimentado al menos un incidente de violencia física y/o sexual por parte de su pareja o expareja,prevalencia,pareja_expareja,pareja_o_expareja,alguna_vez,mujeres de 15 años y más,San Luis Potosí,2021,20.2,porcentaje,2021-01-01
data7.csv,ENDIREH_FS_PAREJA_EXPAREJA,Proporción de las mujeres de 15 años y más que declararon haber experimentado al menos un incidente de violencia física y/o sexual por parte de su pareja o expareja,prevalencia,pareja_expareja,pareja_o_expareja,alguna_vez,mujeres de 15 años y más,Sinaloa,2021,13.35,porcentaje,2021-01-01
data7.csv,ENDIREH_FS_PAREJA_EXPAREJA,Proporción de las mujeres de 15 años y más que declararon haber experimentado al menos un incidente de violencia física y/o sexual por parte de su pareja o expareja,prevalencia,pareja_expareja,pareja_o_expareja,alguna_vez,mujeres de 15 años y más,Sonora,2021,15.42,porcentaje,2021-01-01
data7.csv,ENDIREH_FS_PAREJA_EXPAREJA,Proporción de las mujeres de 15 años y más que declararon haber experimentado al menos un incidente de violencia física y/o sexual por parte de su pareja o expareja,prevalencia,pareja_expareja,pareja_o_expareja,alguna_vez,mujeres de 15 años y más,Tabasco,2021,23.25,porcentaje,2021-01-01
data7.csv,ENDIREH_FS_PAREJA_EXPAREJA,Proporción de las mujeres de 15 años y más que declararon haber experimentado al menos un incidente de violencia física y/o sexual por parte de su pareja o expareja,prevalencia,pareja_expareja,pareja_o_expareja,alguna_vez,mujeres de 15 años y más,Tamaulipas,2021,14.28,porcentaje,2021-01-01
data7.csv,ENDIREH_FS_PAREJA_EXPAREJA,Proporción de las mujeres de 15 años y más que declararon haber experimentado al menos un incidente de violencia física y/o sexual por parte de su pareja o expareja,prevalencia,pareja_expareja,pareja_o_expareja,alguna_vez,mujeres de 15 años y más,Tlaxcala,2021,20.55,porcentaje,2021-01-01
data7.csv,ENDIREH_FS_PAREJA_EXPAREJA,Proporción de las mujeres de 15 años y más que declararon haber experimentado al menos un incidente de violencia física y/o sexual por parte de su pareja o expareja,prevalencia,pareja_expareja,pareja_o_expareja,alguna_vez,mujeres de 15 años y más,Veracruz,2021,20.08,porcentaje,2021-01-01
data7.csv,ENDIREH_FS_PAREJA_EXPAREJA,Proporción de las mujeres de 15 años y más que declararon haber experimentado al menos un incidente de violencia física y/o sexual por parte de su pareja o expareja,prevalencia,pareja_expareja,pareja_o_expareja,alguna_vez,mujeres de 15 años y más,Yucatán,2021,22.19,porcentaje,2021-01-01
data7.csv,ENDIREH_FS_PAREJA_EXPAREJA,Proporción de las mujeres de 15 años y más que declararon haber experimentado al menos un incidente de violencia física y/o sexual por parte de su pareja o expareja,prevalencia,pareja_expareja,pareja_o_expareja,alguna_vez,mujeres de 15 años y más,Zacatecas,2021,16.15,porcentaje,2021-01-01
